-- --------------------------------------------------------
-- 主机:                           127.0.0.1
-- 服务器版本:                        5.5.53 - MySQL Community Server (GPL)
-- 服务器操作系统:                      Win32
-- HeidiSQL 版本:                  9.5.0.5196
-- --------------------------------------------------------

/*!40101 SET @OLD_CHARACTER_SET_CLIENT=@@CHARACTER_SET_CLIENT */;
/*!40101 SET NAMES utf8 */;
/*!50503 SET NAMES utf8mb4 */;
/*!40014 SET @OLD_FOREIGN_KEY_CHECKS=@@FOREIGN_KEY_CHECKS, FOREIGN_KEY_CHECKS=0 */;
/*!40101 SET @OLD_SQL_MODE=@@SQL_MODE, SQL_MODE='NO_AUTO_VALUE_ON_ZERO' */;

-- 导出  表 07fly_erp.cst_chance 结构
CREATE TABLE IF NOT EXISTS `cst_chance` (
  `chance_id` int(16) unsigned NOT NULL AUTO_INCREMENT,
  `customer_id` int(16) NOT NULL,
  `linkman_id` varchar(256) NOT NULL,
  `find_date` date NOT NULL COMMENT '发现时间',
  `bill_date` date NOT NULL COMMENT '预计签单时间',
  `salestage` int(4) NOT NULL COMMENT '谈判状态',
  `money` int(11) NOT NULL COMMENT '预计金额',
  `success_rate` int(2) NOT NULL COMMENT '预计可能性成功率',
  `userID` int(16) NOT NULL,
  `name` varchar(256) NOT NULL COMMENT '主题',
  `intro` varchar(256) NOT NULL,
  `status` smallint(1) NOT NULL DEFAULT '1',
  `create_user_id` int(16) NOT NULL,
  `create_time` datetime NOT NULL,
  PRIMARY KEY (`chance_id`)
) ENGINE=MyISAM AUTO_INCREMENT=21 DEFAULT CHARSET=utf8 COMMENT='销售机会';

-- 正在导出表  07fly_erp.cst_chance 的数据：11 rows
DELETE FROM `cst_chance`;
/*!40000 ALTER TABLE `cst_chance` DISABLE KEYS */;
INSERT INTO `cst_chance` (`chance_id`, `customer_id`, `linkman_id`, `find_date`, `bill_date`, `salestage`, `money`, `success_rate`, `userID`, `name`, `intro`, `status`, `create_user_id`, `create_time`) VALUES
	(5, 2, '7', '2017-01-17', '2017-01-12', 39, 57, 56, 0, '第一次报价', '', 1, 4, '2017-01-10 11:56:27'),
	(9, 10, '60', '2017-04-01', '2017-04-01', 38, 20000, 30, 0, '初次沟通发了报价', '初次沟通了意见，让发了一个报价单', 3, 4, '2017-05-03 18:19:31'),
	(10, 13, '68', '2017-05-15', '2017-05-22', 43, 5000, 50, 0, '见面沟通准备素材', '见面沟通，提供了首页初稿，客户需要做准备相关素材，说是准备好之后联系', 1, 4, '2017-05-18 15:10:48'),
	(11, 16, '64', '2017-05-15', '2017-05-31', 38, 6000, 50, 0, '初次沟通需出初稿', '初次见面沟通之后，提供相关素材，需要设计初稿', 3, 4, '2017-05-18 15:15:29'),
	(12, 16, '64', '2017-06-16', '2017-06-21', 41, 5000, 60, 0, '计费今天联系，跟客户面谈', '要求太多，然后经手人不怎么联系', 3, 4, '2017-06-19 08:48:26'),
	(13, 13150, '81', '2017-08-20', '2017-08-26', 38, 100, 50, 0, '需要微信h5支付功能', '', 2, 4, '2017-08-21 16:23:16'),
	(14, 13151, '82', '2017-08-18', '2017-08-30', 43, 8000, 50, 0, '开发家政企业网站', '开发家政企业网站，需要微信支付功能，\r\n想做个网站把公司所有服务类别都放到网上，客户可以在网上预约购买下单。长期需要的可以充值会员，是值会员是充钱进去看到的是多少小时或好多次，会员客户再通过网络预约服务和支付服务的消费次数或时间。公司能够会访管理', 2, 4, '2017-08-21 16:25:40'),
	(15, 13153, '84', '2017-10-09', '2017-10-23', 38, 2000, 50, 0, '机械租赁网站', '机械租赁网站，需要产品展示就可以了，', 4, 4, '2017-10-10 09:08:32'),
	(16, 13157, '88', '2018-03-01', '2018-03-31', 38, 500, 50, 0, '需要出一个方案', '', 1, 4, '2018-03-13 20:47:11'),
	(17, 13180, '111', '2018-03-29', '2018-03-31', 39, 500, 50, 0, '主题是什么', '', 2, 4, '2018-03-29 11:40:28'),
	(20, 1, '62', '2019-01-01', '2018-12-29', 39, 100, 0, 0, '测试联系人', '还不错哟', 1, 4, '2018-12-28 11:05:30');
/*!40000 ALTER TABLE `cst_chance` ENABLE KEYS */;

-- 导出  表 07fly_erp.cst_customer 结构
CREATE TABLE IF NOT EXISTS `cst_customer` (
  `customer_id` int(16) unsigned NOT NULL AUTO_INCREMENT,
  `name` varchar(64) NOT NULL COMMENT '客户名称',
  `customer_no` varchar(64) NOT NULL COMMENT '客户编号',
  `area_id` int(16) NOT NULL COMMENT '所在地区',
  `source` int(16) NOT NULL COMMENT '客户来源',
  `ecotype` int(16) NOT NULL COMMENT '经济类型',
  `level` int(16) NOT NULL COMMENT '客户等级',
  `trade` int(16) NOT NULL COMMENT '客户行业',
  `satisfy` smallint(6) NOT NULL DEFAULT '3' COMMENT '满意度（1-5），默认为3',
  `credit` smallint(2) NOT NULL DEFAULT '3' COMMENT '信用度（1-5），默认为3',
  `address` varchar(256) NOT NULL COMMENT '联系地址',
  `website` varchar(256) NOT NULL COMMENT '网址',
  `zipcode` varchar(64) NOT NULL COMMENT '邮编',
  `linkman` varchar(64) NOT NULL COMMENT '联系人',
  `mobile` varchar(64) NOT NULL COMMENT '手机',
  `tel` varchar(256) NOT NULL COMMENT '座机',
  `fax` varchar(256) NOT NULL COMMENT '传真',
  `email` varchar(256) NOT NULL COMMENT '邮箱',
  `main_product` varchar(1024) NOT NULL COMMENT '主营产品',
  `talk` varchar(1024) NOT NULL COMMENT '沟通情况',
  `status` varchar(256) NOT NULL,
  `intro` text NOT NULL COMMENT '介绍',
  `create_user_id` int(16) NOT NULL COMMENT '创建人员',
  `owner_user_id` int(16) NOT NULL COMMENT '归属人员',
  `create_time` datetime NOT NULL,
  `next_time` datetime NOT NULL COMMENT '下次沟通时间',
  `conn_time` datetime NOT NULL COMMENT '最近联系时间',
  `conn_body` varchar(1024) NOT NULL COMMENT '最近沟通内容',
  PRIMARY KEY (`customer_id`)
) ENGINE=MyISAM AUTO_INCREMENT=13175 DEFAULT CHARSET=utf8 COMMENT='客户信息表';

-- 正在导出表  07fly_erp.cst_customer 的数据：31 rows
DELETE FROM `cst_customer`;
/*!40000 ALTER TABLE `cst_customer` DISABLE KEYS */;
INSERT INTO `cst_customer` (`customer_id`, `name`, `customer_no`, `area_id`, `source`, `ecotype`, `level`, `trade`, `satisfy`, `credit`, `address`, `website`, `zipcode`, `linkman`, `mobile`, `tel`, `fax`, `email`, `main_product`, `talk`, `status`, `intro`, `create_user_id`, `owner_user_id`, `create_time`, `next_time`, `conn_time`, `conn_body`) VALUES
	(1, '零起飞网络', '', 0, 36, 27, 1, 24, 3, 3, '成都市校园路368号', 'http://www.07fly.com', '610000', '李大爷', '18030402705', '02861833149', '02861833149', 'WEB@07fly.com', '', '没接电话', '', '这个客户还是可以呀', 4, 0, '2013-09-06 15:28:22', '2018-12-28 14:10:20', '2018-12-28 11:30:20', '222'),
	(13174, '成都标筑广告有限公司', '', 0, 36, 27, 1, 51, 3, 3, '成都市崔家店路52号蓝光东方天地7栋', '', '', '侯镇风', '15881010110', '86883188', '', '', '', '', '', '', 4, 0, '2018-12-28 17:04:14', '0000-00-00 00:00:00', '2018-12-28 17:04:14', ''),
	(9, '成都元康餐饮有限公司', '', 0, 35, 27, 23, 24, 3, 3, '', '', '', '', '', '02862461018', '', '', '', '', '', '', 4, 0, '2017-04-11 12:17:38', '0000-00-00 00:00:00', '0000-00-00 00:00:00', ''),
	(10, '泰国香米电商网', '', 0, 34, 27, 23, 24, 3, 3, '', '', '', '', '', '02861833149', '', '', '', '', '', '主要是想做一个电子商务平台，用来销售自己的产品', 4, 0, '2017-05-03 17:52:44', '0000-00-00 00:00:00', '0000-00-00 00:00:00', ''),
	(11, '富机电梯', '', 0, 35, 27, 1, 24, 3, 3, '成都市崇州大道99号', '', '', '', '', '88888888', '', '', '', '', '', '', 4, 0, '2017-05-03 20:44:18', '0000-00-00 00:00:00', '0000-00-00 00:00:00', ''),
	(12, '金福机电维修中心', '', 0, 34, 28, 23, 24, 3, 3, '', '', '', '', '', '18708172503', '', '', '', '', '', '是一家专业的', 4, 0, '2017-05-13 07:54:30', '0000-00-00 00:00:00', '0000-00-00 00:00:00', ''),
	(13, '四川堰汇建筑劳务公司', '', 0, 34, 27, 1, 51, 3, 3, '', '', '', '', '', '18980911297', '', '', '', '', '', '', 4, 0, '2017-05-13 07:58:38', '0000-00-00 00:00:00', '0000-00-00 00:00:00', ''),
	(16, '成都博美医疗用品有限公司', '', 0, 34, 28, 1, 24, 3, 3, '', '', '', '', '', '13709014455', '', '', '', '', '', '', 4, 0, '2017-05-13 08:03:05', '0000-00-00 00:00:00', '0000-00-00 00:00:00', ''),
	(17, '东泰劳务公司', '', 0, 34, 27, 23, 24, 3, 3, '', '', '', '', '', '18980940081', '', '', '', '', '', '', 4, 0, '2017-06-26 08:49:42', '0000-00-00 00:00:00', '0000-00-00 00:00:00', ''),
	(18, '成都康博特升降机有限公司', '', 0, 52, 27, 23, 24, 3, 3, '成都郫都区团结镇长河工业园村委会旁', '', '', '', '', '15198048364', '', '', '', '', '', '网站制作及推广，优化', 4, 0, '2017-06-30 12:25:39', '0000-00-00 00:00:00', '0000-00-00 00:00:00', ''),
	(13160, '马总', '', 0, 52, 27, 1, 48, 3, 3, '', '', '', '马超', '13910533024', '13910533024', '', '', '', '', '', '网络资源客户来访', 4, 0, '2018-10-09 14:26:20', '0000-00-00 00:00:00', '0000-00-00 00:00:00', ''),
	(232, '尚美居装饰公司', '', 0, 36, 27, 1, 51, 3, 3, '', '', '', '', '', '13980977165', '', '', '', '', '', '', 4, 0, '2017-07-13 15:09:28', '0000-00-00 00:00:00', '0000-00-00 00:00:00', ''),
	(254, '成都直线广告', '', 0, 34, 27, 1, 51, 3, 3, '', '', '', '吴润生', '13060044977', '13060044977', '', '', '', '', '', '11****7379@qq.com  130*****977', 4, 0, '2017-07-13 15:14:35', '0000-00-00 00:00:00', '0000-00-00 00:00:00', ''),
	(274, '铭丰资本', '', 0, 34, 27, 23, 51, 3, 3, '', '', '', '许唯', '13990143907', '13990143907', '', '', '', '', '', '', 4, 0, '2017-07-13 15:17:43', '0000-00-00 00:00:00', '0000-00-00 00:00:00', ''),
	(289, '成都瞳创广告', '', 0, 34, 27, 1, 51, 3, 3, '', '', '', '文磊', '136 7800 1011', '136 7800 1011', '', '', '', '', '', '', 4, 0, '2017-07-13 15:19:32', '0000-00-00 00:00:00', '0000-00-00 00:00:00', ''),
	(295, '正全农业', '', 0, 34, 27, 23, 61, 3, 3, '', '', '', '庞干', '18382500111', '18382500111', '', '', '', '', '', '', 4, 0, '2017-07-13 15:21:32', '0000-00-00 00:00:00', '0000-00-00 00:00:00', ''),
	(967, '周记拔丝蛋糕', '', 0, 34, 27, 1, 59, 3, 3, '', '', '', 'QQ联系', '718054670', '718054670', '', '', '', '', '', '', 4, 0, '2017-07-14 14:52:21', '0000-00-00 00:00:00', '0000-00-00 00:00:00', ''),
	(13150, 'BonYunStudio-006', '', 0, 52, 28, 23, 48, 3, 3, '', '', '', 'QQ1973990220', '1973990220', '1973990220', '', '', '', '', '', '', 4, 0, '2017-08-21 16:22:21', '0000-00-00 00:00:00', '0000-00-00 00:00:00', ''),
	(13151, '成都群泓信息技术有限公司', '', 0, 52, 27, 23, 51, 3, 3, '', '', '', '胡师傅', '15680852851', '15680852851', '', '', '', '', '', '', 4, 0, '2017-08-21 16:24:16', '0000-00-00 00:00:00', '0000-00-00 00:00:00', ''),
	(13152, '四川高坝餐饮', '', 0, 34, 27, 23, 51, 3, 3, '', '', '', '胡总', '15184478485', '15184478485', '', '', '', '', '', '', 4, 0, '2017-09-21 15:17:17', '0000-00-00 00:00:00', '0000-00-00 00:00:00', ''),
	(13153, '罗先生', '', 0, 52, 27, 23, 51, 3, 3, '', '', '', '罗先生', '15883317759', '15883317759', '', '', '', '', '', 'QQ:393376669 这几天办贷款，过几天联系', 4, 0, '2017-10-10 09:07:31', '0000-00-00 00:00:00', '0000-00-00 00:00:00', ''),
	(13154, '成都市天天好广告有限公司 ', '', 0, 34, 27, 23, 51, 3, 3, '', '', '', '侯先生', '13340967746', '13340967746', '', '', '', '没接电话', '', '', 4, 0, '2017-10-17 17:06:15', '0000-00-00 00:00:00', '0000-00-00 00:00:00', ''),
	(13155, '成都市锦城老妈餐饮管理有限公司', '', 0, 34, 27, 1, 59, 3, 3, '', '', '', '钟兵', '15928725745', '15928725745', '', '', '', '', '', '', 4, 0, '2017-11-14 17:16:39', '0000-00-00 00:00:00', '0000-00-00 00:00:00', ''),
	(13156, '零起点形象设计', '', 0, 36, 28, 1, 48, 3, 3, '', 'http://www.07vi.com', '', '胡大舟', '13880974146', '13880974146', '', '', '', '', '', '', 4, 0, '2017-12-07 15:10:26', '0000-00-00 00:00:00', '0000-00-00 00:00:00', ''),
	(13157, '恐龙产品行业', '', 0, 52, 27, 23, 24, 3, 3, '', '', '', '陈总', '13088077660', '13088077660', '', '', '', '不需要', '', '', 4, 0, '2018-02-28 11:54:19', '0000-00-00 00:00:00', '0000-00-00 00:00:00', ''),
	(13158, '中越之家手机站', '', 0, 52, 28, 23, 51, 3, 3, '', '', '', '杨先生', '18908196904', '18908196904', '', '', '', '', '', '', 4, 0, '2018-03-28 17:15:58', '0000-00-00 00:00:00', '0000-00-00 00:00:00', ''),
	(13159, '股票网站', '', 0, 52, 33, 23, 51, 3, 3, '', 'http://www.yiyouokok.com', '', '股票网站', '250502898', '250502898', '', '', '', '空号', '', '网络接单，3000年/2年，维护', 4, 0, '2018-04-20 15:13:42', '0000-00-00 00:00:00', '0000-00-00 00:00:00', ''),
	(13161, '四川足博仕鞋业有限公司', '', 0, 34, 27, 23, 24, 3, 3, '', '', '', '王宇', '18200375741', '18200375741', '', '', '', '', '', '', 4, 0, '2018-10-09 14:41:39', '0000-00-00 00:00:00', '0000-00-00 00:00:00', ''),
	(13162, '古铁锋', '', 0, 52, 27, 1, 48, 3, 3, '', '', '', '古铁锋', '6662806', '6662806', '', '', '', '', '', '互联网IDC商家', 4, 0, '2018-10-09 14:46:59', '0000-00-00 00:00:00', '0000-00-00 00:00:00', ''),
	(13163, '知行天下旅游', '', 0, 34, 28, 1, 48, 3, 3, '', '', '', '贺阳春', '15802888915', '15802888915', '', '', '', '', '', '', 4, 0, '2018-10-09 14:51:55', '0000-00-00 00:00:00', '0000-00-00 00:00:00', ''),
	(13168, '成都零起飞科技00', '', 0, 34, 29, 23, 48, 3, 3, '成都市吧', '', '', '李枭', '18030402705', '02812345678', '', 'goodmuzi@qq.com', '', '', '', '这个还是不错的哟', 4, 0, '2018-12-27 17:42:13', '0000-00-00 00:00:00', '2018-12-27 18:08:38', '');
/*!40000 ALTER TABLE `cst_customer` ENABLE KEYS */;

-- 导出  表 07fly_erp.cst_dict 结构
CREATE TABLE IF NOT EXISTS `cst_dict` (
  `dict_id` int(16) unsigned NOT NULL AUTO_INCREMENT,
  `name` varchar(256) NOT NULL COMMENT '名字',
  `typetag` varchar(256) NOT NULL COMMENT '分类标识',
  `sort` smallint(8) NOT NULL,
  `visible` smallint(2) NOT NULL,
  PRIMARY KEY (`dict_id`)
) ENGINE=MyISAM AUTO_INCREMENT=69 DEFAULT CHARSET=utf8 COMMENT='字典表';

-- 正在导出表  07fly_erp.cst_dict 的数据：47 rows
DELETE FROM `cst_dict`;
/*!40000 ALTER TABLE `cst_dict` DISABLE KEYS */;
INSERT INTO `cst_dict` (`dict_id`, `name`, `typetag`, `sort`, `visible`) VALUES
	(1, 'VIP客户', 'level', 3, 1),
	(23, '一般客户', 'level', 4, 1),
	(24, '工业品企业', 'trade', 1, 1),
	(25, '国有经济', 'ecotype', 1, 1),
	(26, '集体经济', 'ecotype', 2, 1),
	(27, '私营经济', 'ecotype', 3, 1),
	(28, '个体经济', 'ecotype', 4, 1),
	(29, '联营经济', 'ecotype', 5, 1),
	(30, '股份制经济', 'ecotype', 6, 1),
	(31, '外商投资经济', 'ecotype', 7, 1),
	(32, '港澳台投资经济', 'ecotype', 8, 1),
	(33, '其它经济', 'ecotype', 9, 1),
	(34, '客户介绍', 'source', 1, 1),
	(35, '电话来访', 'source', 2, 1),
	(36, '独立开发', 'source', 3, 1),
	(37, '电话', 'salemode', 1, 1),
	(38, '初期沟通', 'salestage', 3, 0),
	(39, '立项评估', 'salestage', 2, 0),
	(40, '需求分析', 'salestage', 3, 0),
	(41, '方案制定', 'salestage', 4, 0),
	(42, '商务谈判', 'salestage', 5, 0),
	(43, '合同签订', 'salestage', 6, 0),
	(44, '失单', 'salestage', 7, 0),
	(45, '投诉', 'services', 1, 1),
	(46, '培训', 'services', 2, 1),
	(47, '升级', 'services', 3, 1),
	(48, '互联网企业', 'trade', 1, 1),
	(49, '电话 ', 'servicesmodel', 1, 1),
	(50, 'QQ', 'servicesmodel', 2, 1),
	(51, '服务行业', 'trade', 1, 1),
	(52, '网络资源', 'source', 4, 1),
	(53, '上门', 'salemode', 2, 1),
	(54, '维护', 'services', 4, 1),
	(55, '现场', 'servicesmodel', 3, 1),
	(56, '邮寄', 'salemode', 3, 1),
	(57, '网络', 'salemode', 4, 1),
	(58, '网络', 'servicesmodel', 4, 1),
	(59, '消费品企业', 'trade', 1, 1),
	(60, '原材料企业', 'trade', 1, 1),
	(61, '农业企业', 'trade', 1, 1),
	(62, '没接电话', 'talk', 1, 1),
	(63, '不需要', 'talk', 2, 1),
	(64, '挂了', 'talk', 3, 1),
	(65, '空号', 'talk', 4, 1),
	(66, '加微信号', 'talk', 5, 1),
	(67, '超级客户1', 'level', 0, 1),
	(68, '超级客户2', 'level', 0, 1);
/*!40000 ALTER TABLE `cst_dict` ENABLE KEYS */;

-- 导出  表 07fly_erp.cst_dict_type 结构
CREATE TABLE IF NOT EXISTS `cst_dict_type` (
  `id` int(16) unsigned NOT NULL AUTO_INCREMENT,
  `typename` varchar(256) NOT NULL COMMENT '分类名称',
  `typedir` varchar(256) NOT NULL COMMENT '分类目录',
  `typetag` text NOT NULL COMMENT '分类标识',
  `sort` int(11) NOT NULL COMMENT '排序',
  `visible` tinyint(2) NOT NULL DEFAULT '1' COMMENT '是否启用',
  `intro` varchar(1024) DEFAULT NULL,
  `seotitle` varchar(256) NOT NULL,
  `keywords` varchar(256) NOT NULL,
  PRIMARY KEY (`id`)
) ENGINE=MyISAM AUTO_INCREMENT=9 DEFAULT CHARSET=utf8 COMMENT='字典分类';

-- 正在导出表  07fly_erp.cst_dict_type 的数据：8 rows
DELETE FROM `cst_dict_type`;
/*!40000 ALTER TABLE `cst_dict_type` DISABLE KEYS */;
INSERT INTO `cst_dict_type` (`id`, `typename`, `typedir`, `typetag`, `sort`, `visible`, `intro`, `seotitle`, `keywords`) VALUES
	(1, '客户等级', '', 'level', 0, 1, NULL, '', ''),
	(2, '隶属行业', '', 'trade', 0, 1, NULL, '', ''),
	(3, '经济类型', '', 'ecotype', 0, 1, NULL, '', ''),
	(4, '客户来源', '', 'source', 0, 1, NULL, '', ''),
	(5, '销售方式', '', 'salemode', 0, 1, NULL, '', ''),
	(6, '销售阶段', '', 'salestage', 0, 1, NULL, '', ''),
	(7, '服务类型', '', 'services', 0, 1, NULL, '', ''),
	(8, '服务方式', '', 'servicesmodel', 0, 1, NULL, '', '');
/*!40000 ALTER TABLE `cst_dict_type` ENABLE KEYS */;

-- 导出  表 07fly_erp.cst_filing 结构
CREATE TABLE IF NOT EXISTS `cst_filing` (
  `id` int(16) unsigned NOT NULL AUTO_INCREMENT,
  `cusID` int(16) NOT NULL,
  `linkmanID` int(16) NOT NULL,
  `chanceID` int(16) NOT NULL,
  `userID` int(16) NOT NULL,
  `applicant_userID` int(16) NOT NULL,
  `audit_userID` int(16) NOT NULL,
  `audit_dt` datetime DEFAULT NULL,
  `title` varchar(256) NOT NULL,
  `intro` text NOT NULL,
  `support` text NOT NULL COMMENT '所需支持',
  `status` smallint(1) NOT NULL DEFAULT '1' COMMENT '1=未审核2=同意3=否决',
  `create_userID` int(16) NOT NULL,
  `adt` datetime NOT NULL,
  PRIMARY KEY (`id`)
) ENGINE=MyISAM AUTO_INCREMENT=6 DEFAULT CHARSET=utf8 COMMENT='项目报备';

-- 正在导出表  07fly_erp.cst_filing 的数据：3 rows
DELETE FROM `cst_filing`;
/*!40000 ALTER TABLE `cst_filing` DISABLE KEYS */;
INSERT INTO `cst_filing` (`id`, `cusID`, `linkmanID`, `chanceID`, `userID`, `applicant_userID`, `audit_userID`, `audit_dt`, `title`, `intro`, `support`, `status`, `create_userID`, `adt`) VALUES
	(1, 1, 2, 1, 0, 0, 4, '2017-10-31 14:31:38', '项目报价', '项目介绍', '', 1, 0, '2013-09-09 21:34:14'),
	(4, 1, 2, 2, 0, 5, 4, '2016-06-12 15:02:30', '这是一个不错的项目的呢', '', '', 2, 4, '2013-09-23 10:34:50'),
	(5, 1, 2, 2, 0, 5, 4, '2016-12-22 11:23:32', '这是一个不错的项目的呢', '', '需要技术部门和销售部门的支持和帮助的呢', 3, 4, '2013-09-23 10:35:16');
/*!40000 ALTER TABLE `cst_filing` ENABLE KEYS */;

-- 导出  表 07fly_erp.cst_linkman 结构
CREATE TABLE IF NOT EXISTS `cst_linkman` (
  `linkman_id` int(16) unsigned NOT NULL AUTO_INCREMENT,
  `customer_id` int(16) NOT NULL,
  `name` varchar(256) NOT NULL,
  `gender` smallint(1) NOT NULL COMMENT '姓别',
  `postion` varchar(256) NOT NULL COMMENT '职位、',
  `tel` varchar(256) NOT NULL,
  `mobile` varchar(256) NOT NULL,
  `qicq` varchar(256) NOT NULL,
  `email` varchar(256) NOT NULL,
  `zipcode` varchar(256) NOT NULL,
  `address` varchar(1024) NOT NULL,
  `intro` text NOT NULL,
  `create_user_id` int(16) NOT NULL DEFAULT '0',
  `create_time` datetime NOT NULL,
  PRIMARY KEY (`linkman_id`)
) ENGINE=MyISAM AUTO_INCREMENT=135 DEFAULT CHARSET=utf8 COMMENT='客户联系人';

-- 正在导出表  07fly_erp.cst_linkman 的数据：68 rows
DELETE FROM `cst_linkman`;
/*!40000 ALTER TABLE `cst_linkman` DISABLE KEYS */;
INSERT INTO `cst_linkman` (`linkman_id`, `customer_id`, `name`, `gender`, `postion`, `tel`, `mobile`, `qicq`, `email`, `zipcode`, `address`, `intro`, `create_user_id`, `create_time`) VALUES
	(3, 2, '零起飞', 1, '经理', '', '18030402705', '', '', '', '', '', 4, '2016-06-02 14:59:00'),
	(5, 4, 'Mr Lee', 1, '经理', '18030402705', '18030402705', '', '', '', '', '', 4, '2016-06-12 15:18:05'),
	(6, 4, '222', 1, '22', '', '22222222', '', '', '', '', '', 4, '2016-06-12 15:20:43'),
	(7, 2, '网易163组', 1, '经理', '18030402705', '18030402705', '1871720801', 'goodmuzi@qq.com', '610000', '成都市天涯', '', 4, '2016-06-12 15:33:28'),
	(8, 7, '李大爷', 1, '经理', '', '13800000000', '', '', '', '', '基', 4, '2016-12-16 21:00:21'),
	(35, 4, 'niaomuniao', 1, '经理', '', '13800000000', '', '', '', '', '', 4, '2017-01-10 11:57:03'),
	(36, 2, '添加', 1, '经理', '', '13800000000', '', '', '', '', '', 4, '2017-01-10 11:58:31'),
	(37, 2, '添加', 1, '经理', '', '13800000000', '', '', '', '', '', 4, '2017-01-10 11:58:37'),
	(38, 7, '修改', 1, '经理', '', '138000000000', '', '', '', '', '', 4, '2017-01-10 11:59:03'),
	(56, 2, '赵老师', 1, '经理', '', '13800000000', '', '', '', '', '', 4, '2017-02-09 11:32:02'),
	(58, 9, '陈先生', 1, '经理', '', '18030402705', '1871720801', '', '', '', '', 4, '2017-04-14 17:51:09'),
	(59, 9, '朱玲', 1, '经理', '', '13889890808', '', '', '', '', '', 4, '2017-05-03 17:17:57'),
	(60, 10, '陈先生', 1, '经理', '', '13980571681', '', '', '', '', '', 4, '2017-05-03 17:53:55'),
	(61, 11, '叶总', 1, '经理', '', '13981704401', '', '', '', '', '', 4, '2017-05-03 20:45:17'),
	(62, 1, '李枭', 1, '经理大哥', '02861833149', '18030402705', '', '', '', '', '', 4, '2017-05-09 18:04:02'),
	(64, 16, '章长林', 1, '董事', '', '137090114455', '', '', '', '', '', 4, '2017-05-13 08:13:03'),
	(66, 13, '张老师', 1, '经理', '', '18980911297', '', '', '', '', '', 4, '2017-05-13 08:25:55'),
	(67, 16, '张哥', 1, '经理', '', '13889890808', '', '', '', '', '', 4, '2017-05-13 08:31:38'),
	(68, 13, '张彪', 1, '经理', '', '18980940081', '', '', '', '', '', 4, '2017-05-18 15:11:57'),
	(69, 1, '马红玉', 1, '经理', '', '18030402705', '', '', '', '', '', 4, '2017-05-20 21:12:48'),
	(70, 1, '李大爷', 1, '经理', '', '138000000000', '', '', '', '', '', 4, '2017-05-22 15:33:12'),
	(71, 12, '曾哥', 1, '经理', '18708172503', '18708172503', '', '', '', '', '', 4, '2017-06-19 09:30:33'),
	(72, 17, '张彪', 1, '经理', '', '18980940081', '', '', '', '', '', 4, '2017-06-26 08:49:42'),
	(73, 18, '徐先生', 0, '', '', '15198048364', '', '', '', '', '', 4, '2017-06-30 12:25:39'),
	(74, 19, '李君', 0, '', '', '', '', '', '', '', '', 0, '2017-07-13 11:54:03'),
	(75, 232, '杨聪', 0, '', '', '13980977165', '', '', '', '', '', 4, '2017-07-13 15:09:28'),
	(76, 254, '吴润生', 0, '', '', '13060044977', '', '', '', '', '', 4, '2017-07-13 15:14:35'),
	(77, 274, '许唯', 0, '', '', '13990143907', '', '', '', '', '', 4, '2017-07-13 15:17:43'),
	(78, 289, '文磊', 0, '', '', '136 7800 1011', '', '', '', '', '', 4, '2017-07-13 15:19:32'),
	(79, 295, '庞干', 0, '', '', '18382500111', '', '', '', '', '', 4, '2017-07-13 15:21:32'),
	(80, 967, 'QQ联系', 0, '', '', '718054670', '', '', '', '', '', 4, '2017-07-14 14:52:21'),
	(81, 13150, 'QQ1973990220', 0, '', '', '1973990220', '', '', '', '', '', 4, '2017-08-21 16:22:21'),
	(82, 13151, '胡师傅', 1, '经理', '', '15680852851', '', '', '', '', '', 4, '2017-08-21 16:24:16'),
	(83, 13152, '胡总', 0, '', '', '15184478485', '', '', '', '', '', 4, '2017-09-21 15:17:17'),
	(84, 13153, '罗先生', 0, '', '', '15883317759', '', '', '', '', '', 4, '2017-10-10 09:07:31'),
	(85, 13154, '侯先生', 0, '', '', '13340967746', '', '', '', '', '', 4, '2017-10-17 17:06:15'),
	(86, 13155, '钟兵', 0, '', '', '15928725745', '', '', '', '', '', 4, '2017-11-14 17:16:39'),
	(87, 13156, '胡大舟', 0, '', '', '13880974146', '', '', '', '', '', 4, '2017-12-07 15:10:26'),
	(88, 13157, '陈总', 0, '', '', '13088077660', '', '', '', '', '', 4, '2018-02-28 11:54:19'),
	(89, 13158, '杨先生', 0, '', '', '18908196904', '', '', '', '', '', 4, '2018-03-28 17:15:58'),
	(90, 13159, '', 0, '', '', '', '', '', '', '', '', 4, '2018-03-28 19:13:40'),
	(91, 13160, '', 0, '', '', '', '', '', '', '', '', 4, '2018-03-28 19:14:15'),
	(92, 13161, '', 0, '', '', '', '', '', '', '', '', 4, '2018-03-28 19:14:22'),
	(93, 13162, '', 0, '', '', '', '', '', '', '', '', 4, '2018-03-28 19:15:28'),
	(102, 13171, '', 0, '', '', '', '', '', '', '', '', 4, '2018-03-28 21:08:43'),
	(103, 13172, '', 0, '', '', '', '', '', '', '', '', 4, '2018-03-28 21:09:08'),
	(104, 13173, '', 0, '', '', '', '', '', '', '', '', 4, '2018-03-28 21:09:11'),
	(105, 13174, '刘先生', 0, '', '', '19078891234', '', '', '', '', '', 4, '2018-03-29 09:32:31'),
	(106, 13175, 'af', 0, '', '', 'dfa', '', '', '', '', '', 4, '2018-03-29 09:49:44'),
	(107, 13176, '1', 0, '', '', '323', '', '', '', '', '', 4, '2018-03-29 09:51:23'),
	(108, 13177, '1', 0, '', '', '323', '', '', '', '', '', 4, '2018-03-29 10:00:54'),
	(109, 13178, 'df', 0, '', '', 'adfadf', '', '', '', '', '', 4, '2018-03-29 10:01:16'),
	(110, 13179, '好吧', 0, '', '', '我的', '', '', '', '', '', 4, '2018-03-29 10:03:01'),
	(111, 13180, '好吧', 0, '', '', '我的', '', '', '', '', '', 4, '2018-03-29 10:03:33'),
	(112, 13159, '股票网站', 0, '', '', '250502898', '', '', '', '', '', 4, '2018-04-20 15:13:42'),
	(113, 13160, '马超', 0, '', '', '13910533024', '', '', '', '', '', 4, '2018-10-09 14:26:20'),
	(114, 13161, '王宇', 0, '', '', '18200375741', '', '', '', '', '', 4, '2018-10-09 14:41:39'),
	(115, 13162, '古铁锋', 0, '', '', '6662806', '', '', '', '', '', 4, '2018-10-09 14:46:59'),
	(116, 13163, '贺阳春', 0, '', '', '15802888915', '', '', '', '', '', 4, '2018-10-09 14:51:55'),
	(132, 13168, '马大姐', 1, '', '', '18030402705', '', '', '', '', '', 4, '2018-12-27 22:15:26'),
	(134, 13174, '侯镇风', 0, '', '86883188', '15881010110', '', '', '', '', '', 4, '2018-12-28 17:04:14'),
	(123, 13165, '李枭', 0, '', '02812345678', '18030402705', '', 'goodmuzi@qq.com', '', '', '', 4, '2018-12-27 17:29:45'),
	(124, 13166, '李枭', 0, '', '02812345678', '18030402705', '', 'goodmuzi@qq.com', '', '', '', 4, '2018-12-27 17:32:53'),
	(125, 13167, '李枭', 0, '', '02812345678', '18030402705', '', 'goodmuzi@qq.com', '', '', '', 4, '2018-12-27 17:35:32'),
	(128, 13170, '李枭', 0, '', '02812345678', '18030402705', '', 'goodmuzi@qq.com', '', '', '', 4, '2018-12-27 17:42:15'),
	(129, 13171, '李枭', 0, '', '02812345678', '18030402705', '', 'goodmuzi@qq.com', '', '', '', 4, '2018-12-27 17:42:16'),
	(130, 13172, '李枭', 0, '', '02812345678', '18030402705', '', 'goodmuzi@qq.com', '', '', '', 4, '2018-12-27 17:42:17'),
	(131, 13173, '李枭', 0, '', '02812345678', '18030402705', '', 'goodmuzi@qq.com', '', '', '', 4, '2018-12-27 17:42:18');
/*!40000 ALTER TABLE `cst_linkman` ENABLE KEYS */;

-- 导出  表 07fly_erp.cst_quoted 结构
CREATE TABLE IF NOT EXISTS `cst_quoted` (
  `id` int(16) unsigned NOT NULL AUTO_INCREMENT,
  `cusID` int(16) NOT NULL,
  `linkmanID` int(16) NOT NULL,
  `chanceID` int(16) NOT NULL,
  `userID` int(16) NOT NULL,
  `quoted_userID` int(16) NOT NULL,
  `audit_userID` int(16) NOT NULL,
  `title` varchar(256) NOT NULL,
  `intro` text NOT NULL,
  `delivery_intro` text NOT NULL,
  `payment_intro` text NOT NULL,
  `audit_dt` datetime DEFAULT NULL,
  `transport_intro` text NOT NULL,
  `status` smallint(1) NOT NULL DEFAULT '1' COMMENT '1=未审核2=同意3=否决',
  `create_userID` int(16) NOT NULL,
  `adt` datetime NOT NULL,
  PRIMARY KEY (`id`)
) ENGINE=MyISAM AUTO_INCREMENT=10 DEFAULT CHARSET=utf8 COMMENT='报价表';

-- 正在导出表  07fly_erp.cst_quoted 的数据：5 rows
DELETE FROM `cst_quoted`;
/*!40000 ALTER TABLE `cst_quoted` DISABLE KEYS */;
INSERT INTO `cst_quoted` (`id`, `cusID`, `linkmanID`, `chanceID`, `userID`, `quoted_userID`, `audit_userID`, `title`, `intro`, `delivery_intro`, `payment_intro`, `audit_dt`, `transport_intro`, `status`, `create_userID`, `adt`) VALUES
	(5, 1, 2, 2, 0, 0, 0, '报价人111111111111', '', '', '', '0000-00-00 00:00:00', '', 3, 0, '2013-09-09 20:43:01'),
	(6, 1, 2, 2, 0, 3, 4, '主要是NAs5000', '', '', '', '0000-00-00 00:00:00', '', 2, 4, '2013-09-23 10:59:50'),
	(7, 4, 0, 0, 0, 0, 4, '主要针对设计网站', '', '苦', '苦', '2017-01-20 11:58:09', 'adf', 3, 4, '2016-06-12 15:01:53'),
	(8, 2, 3, 5, 0, 0, 0, '表白江', '', '一个月之内交货', '首付300，\r\n一次付600', '0000-00-00 00:00:00', '', 1, 4, '2017-02-06 15:59:15'),
	(9, 2, 3, 5, 0, 0, 0, '表白江', '', '一个月之内交货', '首付300，\r\n一次付600', '0000-00-00 00:00:00', '', 1, 4, '2017-02-06 15:59:30');
/*!40000 ALTER TABLE `cst_quoted` ENABLE KEYS */;

-- 导出  表 07fly_erp.cst_quoted_detail 结构
CREATE TABLE IF NOT EXISTS `cst_quoted_detail` (
  `id` int(16) unsigned NOT NULL AUTO_INCREMENT,
  `quotedID` int(16) NOT NULL,
  `pro_number` varchar(64) NOT NULL,
  `name` varchar(64) NOT NULL,
  `model` varchar(64) NOT NULL,
  `norm` varchar(64) NOT NULL,
  `price` int(16) NOT NULL,
  `rebate` int(16) NOT NULL,
  `number` int(16) NOT NULL,
  `money` int(16) NOT NULL,
  `intro` text NOT NULL,
  `userID` int(16) NOT NULL COMMENT '归属人员',
  `adt` datetime NOT NULL,
  PRIMARY KEY (`id`)
) ENGINE=MyISAM AUTO_INCREMENT=5 DEFAULT CHARSET=utf8 COMMENT='报价明细';

-- 正在导出表  07fly_erp.cst_quoted_detail 的数据：4 rows
DELETE FROM `cst_quoted_detail`;
/*!40000 ALTER TABLE `cst_quoted_detail` DISABLE KEYS */;
INSERT INTO `cst_quoted_detail` (`id`, `quotedID`, `pro_number`, `name`, `model`, `norm`, `price`, `rebate`, `number`, `money`, `intro`, `userID`, `adt`) VALUES
	(1, 1, '20880345', '神舟电脑', 'HP660 D6', 'D6', 10, 2, 10, 98, '', 0, '2013-09-22 09:55:32'),
	(2, 1, '20880345', '神舟电脑', 'HP660 D6', 'D6', 10, 0, 5, 50, '', 0, '2013-09-22 09:55:32'),
	(3, 1, 'X807651', 'AAA计费产品', 'N8000', '套', 9800, 0, 1, 9800, '', 0, '2013-09-22 09:55:32'),
	(4, 6, '20880345', '神舟电脑', 'HP660 D6', 'D6', 10, 0, 2, 20, '', 0, '2013-09-23 11:01:43');
/*!40000 ALTER TABLE `cst_quoted_detail` ENABLE KEYS */;

-- 导出  表 07fly_erp.cst_service 结构
CREATE TABLE IF NOT EXISTS `cst_service` (
  `service_id` int(16) unsigned NOT NULL AUTO_INCREMENT,
  `customer_id` int(16) NOT NULL,
  `linkman_id` int(16) NOT NULL,
  `services` int(4) NOT NULL,
  `servicesmodel` int(4) NOT NULL,
  `price` int(11) NOT NULL,
  `status` smallint(1) NOT NULL COMMENT '1=无需处理，2未处理，3=处理中，4处理完成',
  `service_time` datetime NOT NULL,
  `tlen` varchar(64) NOT NULL,
  `content` text NOT NULL,
  `intro` text NOT NULL,
  `create_user_id` int(16) NOT NULL DEFAULT '0',
  `create_time` datetime NOT NULL,
  PRIMARY KEY (`service_id`)
) ENGINE=MyISAM AUTO_INCREMENT=28 DEFAULT CHARSET=utf8 COMMENT='服务记录';

-- 正在导出表  07fly_erp.cst_service 的数据：3 rows
DELETE FROM `cst_service`;
/*!40000 ALTER TABLE `cst_service` DISABLE KEYS */;
INSERT INTO `cst_service` (`service_id`, `customer_id`, `linkman_id`, `services`, `servicesmodel`, `price`, `status`, `service_time`, `tlen`, `content`, `intro`, `create_user_id`, `create_time`) VALUES
	(7, 4, 5, 46, 50, 0, 2, '2016-06-12 15:47:35', '10', '', '', 0, '2016-06-12 15:47:48'),
	(11, 2, 3, 46, 49, 0, 2, '2016-12-16 21:42:41', '67', '', '', 4, '2016-12-16 21:43:48'),
	(27, 1, 0, 45, 49, 0, 0, '2018-12-31 13:50:11', '100', '这什么呢，做了', '', 1, '2018-12-31 13:54:31');
/*!40000 ALTER TABLE `cst_service` ENABLE KEYS */;

-- 导出  表 07fly_erp.cst_talk 结构
CREATE TABLE IF NOT EXISTS `cst_talk` (
  `id` int(16) unsigned NOT NULL AUTO_INCREMENT,
  `cusID` int(16) NOT NULL,
  `name` varchar(1024) NOT NULL,
  `create_userID` int(16) NOT NULL DEFAULT '0',
  `adt` datetime NOT NULL,
  PRIMARY KEY (`id`)
) ENGINE=MyISAM AUTO_INCREMENT=72 DEFAULT CHARSET=utf8 COMMENT='打电话沟通记录';

-- 正在导出表  07fly_erp.cst_talk 的数据：71 rows
DELETE FROM `cst_talk`;
/*!40000 ALTER TABLE `cst_talk` DISABLE KEYS */;
INSERT INTO `cst_talk` (`id`, `cusID`, `name`, `create_userID`, `adt`) VALUES
	(1, 1, '暂时不需要', 4, '2017-07-17 17:59:57'),
	(2, 1, '没接电话', 4, '2017-07-17 18:06:09'),
	(3, 1, '暂时不需要', 4, '2017-07-17 18:07:53'),
	(4, 1, '没接电话', 4, '2017-07-17 18:08:23'),
	(5, 1, '没接电话', 4, '2017-07-17 18:09:15'),
	(6, 1, '没接电话', 4, '2017-07-17 18:11:14'),
	(7, 1, '暂时不需要', 4, '2017-07-17 18:11:19'),
	(8, 1, '没接电话', 4, '2017-07-17 18:12:08'),
	(9, 1, '暂时不需要', 4, '2017-07-17 18:12:44'),
	(10, 1, '没接电话', 4, '2017-07-17 18:16:47'),
	(11, 1, '暂时不需要', 4, '2017-07-17 18:18:53'),
	(12, 1, '暂时不需要', 4, '2017-07-17 18:20:03'),
	(13, 1, '没接电话', 4, '2017-07-17 18:20:14'),
	(14, 5458, '不需要', 4, '2017-07-22 10:25:33'),
	(15, 4890, '不需要', 4, '2017-07-22 10:42:30'),
	(16, 4889, '空号', 4, '2017-07-22 10:44:12'),
	(17, 4887, '空号', 4, '2017-07-22 10:51:58'),
	(18, 4888, '不需要', 4, '2017-07-22 10:53:01'),
	(19, 4886, '空号', 4, '2017-07-22 10:55:53'),
	(20, 4885, '关机', 4, '2017-07-22 10:56:59'),
	(21, 4884, '不需要', 4, '2017-07-22 11:06:02'),
	(22, 4883, '暂时不需要', 4, '2017-07-22 11:07:13'),
	(23, 4882, '不需要', 4, '2017-07-22 11:08:24'),
	(24, 4881, '不需要', 4, '2017-07-22 11:09:34'),
	(25, 4880, '空号', 4, '2017-07-22 11:10:11'),
	(26, 4879, '不需要', 4, '2017-07-22 11:11:49'),
	(27, 4878, '没接电话', 4, '2017-07-22 11:12:46'),
	(28, 4877, '不需要', 4, '2017-07-22 11:13:50'),
	(29, 4871, '不需要', 4, '2017-07-22 11:14:59'),
	(30, 4870, '空号', 4, '2017-07-22 11:15:36'),
	(31, 4869, '空号', 4, '2017-07-22 11:16:55'),
	(32, 4868, '空号', 4, '2017-07-22 11:17:20'),
	(33, 4867, '空号', 4, '2017-07-22 11:17:48'),
	(34, 5847, '加微信', 4, '2017-07-22 11:20:24'),
	(35, 5846, '没接电话', 4, '2017-07-22 15:55:53'),
	(36, 5846, '没接电话', 4, '2017-07-22 15:56:01'),
	(37, 5845, '不需要', 4, '2017-07-22 15:59:22'),
	(38, 5844, '不需要', 4, '2017-07-22 16:02:04'),
	(39, 5843, '没接电话', 4, '2017-07-22 16:02:54'),
	(40, 5842, '没接电话', 4, '2017-07-22 16:03:37'),
	(41, 5841, '不需要', 4, '2017-07-22 16:05:15'),
	(42, 5840, '不需要', 4, '2017-07-22 16:07:07'),
	(43, 5802, '没接电话', 4, '2017-07-22 16:09:09'),
	(44, 13125, '不需要', 4, '2017-08-05 09:49:14'),
	(45, 13125, '不需要', 4, '2017-08-05 09:49:14'),
	(46, 13125, '不需要', 4, '2017-08-05 09:49:20'),
	(47, 13123, '没接电话', 4, '2017-08-05 09:51:03'),
	(48, 13123, '没接电话', 4, '2017-08-05 09:51:03'),
	(49, 13149, '没接电话', 4, '2017-08-05 09:51:29'),
	(50, 13149, '没接电话', 4, '2017-08-05 09:51:29'),
	(51, 13149, '挂了', 4, '2017-08-05 09:51:52'),
	(52, 13122, '不需要', 4, '2017-08-05 09:53:02'),
	(53, 13118, '不需要', 4, '2017-08-05 10:27:13'),
	(54, 13111, '不需要', 4, '2017-08-05 10:28:12'),
	(55, 13109, '没接电话', 4, '2017-08-05 10:29:01'),
	(56, 10893, '没接电话', 4, '2017-08-05 10:30:26'),
	(57, 10890, '空号', 4, '2017-08-05 10:31:04'),
	(58, 10889, '不需要', 4, '2017-08-05 10:32:04'),
	(59, 10885, '不需要', 4, '2017-08-05 10:33:23'),
	(60, 10883, '没接电话', 4, '2017-08-05 10:34:30'),
	(61, 13147, '不需要', 4, '2017-08-05 10:36:35'),
	(62, 13126, '不需要', 4, '2017-08-05 10:37:50'),
	(63, 13082, '不需要', 4, '2017-08-05 10:39:06'),
	(64, 13154, '没接电话', 4, '2017-10-31 14:20:35'),
	(65, 13157, '加微信号', 4, '2018-04-24 15:57:45'),
	(66, 13159, '加微信号', 4, '2018-04-26 09:54:47'),
	(67, 13159, '没接电话', 4, '2018-07-11 19:01:51'),
	(68, 13159, '没接电话', 4, '2018-07-25 21:31:02'),
	(69, 13157, '不需要', 4, '2018-09-04 22:15:21'),
	(70, 13159, '没接电话', 4, '2018-09-05 20:14:13'),
	(71, 13159, '空号', 4, '2018-09-05 20:14:20');
/*!40000 ALTER TABLE `cst_talk` ENABLE KEYS */;

-- 导出  表 07fly_erp.cst_trace 结构
CREATE TABLE IF NOT EXISTS `cst_trace` (
  `trace_id` int(16) unsigned NOT NULL AUTO_INCREMENT,
  `customer_id` int(16) NOT NULL,
  `linkman_id` int(11) NOT NULL,
  `chance_id` int(11) NOT NULL,
  `conn_time` datetime NOT NULL,
  `salestage` int(4) NOT NULL COMMENT '沟通阶段',
  `salemode` int(4) NOT NULL COMMENT '销售方式',
  `name` varchar(256) NOT NULL COMMENT '主题名称',
  `intro` text NOT NULL,
  `status` smallint(1) NOT NULL DEFAULT '1',
  `next_time` datetime NOT NULL COMMENT '下次联系时间',
  `nexttitle` varchar(256) NOT NULL COMMENT '下次沟通主题',
  `create_user_id` int(16) NOT NULL,
  `create_time` datetime NOT NULL,
  PRIMARY KEY (`trace_id`)
) ENGINE=MyISAM AUTO_INCREMENT=53 DEFAULT CHARSET=utf8 COMMENT='跟踪记录';

-- 正在导出表  07fly_erp.cst_trace 的数据：27 rows
DELETE FROM `cst_trace`;
/*!40000 ALTER TABLE `cst_trace` DISABLE KEYS */;
INSERT INTO `cst_trace` (`trace_id`, `customer_id`, `linkman_id`, `chance_id`, `conn_time`, `salestage`, `salemode`, `name`, `intro`, `status`, `next_time`, `nexttitle`, `create_user_id`, `create_time`) VALUES
	(14, 10, 60, 9, '2017-04-24 00:00:00', 38, 53, '初次沟通', '初次沟通了下，他们还在前期准备', 2, '0000-00-00 00:00:00', '', 4, '2017-05-03 18:23:31'),
	(15, 10, 60, 9, '2017-05-17 15:31:34', 39, 37, '明确功能注册', '需要进一步沟通等待消息，已经流失', 2, '0000-00-00 00:00:00', '', 4, '2017-05-18 15:32:13'),
	(16, 10, 60, 9, '2017-05-19 12:37:04', 42, 53, '确定了需求', '确定了方案，准备下周一合同整理', 2, '0000-00-00 00:00:00', '', 4, '2017-05-20 12:37:53'),
	(17, 13, 68, 10, '2017-06-16 08:56:01', 42, 37, '看了合同，准备联系', '', 2, '0000-00-00 00:00:00', '', 4, '2017-06-19 08:56:32'),
	(18, 13, 68, 10, '2017-06-19 09:09:17', 42, 37, '主要确定合同', '', 2, '0000-00-00 00:00:00', '', 4, '2017-06-19 09:09:34'),
	(19, 16, 67, 11, '2017-06-16 10:04:51', 41, 37, '确定了需求', '', 2, '0000-00-00 00:00:00', '', 4, '2017-06-19 10:05:23'),
	(20, 16, 67, 11, '2017-06-19 14:07:43', 41, 37, '电话联系确定面谈时间', '沟通了版面的问题和颜色问题', 2, '0000-00-00 00:00:00', '', 4, '0000-00-00 00:00:00'),
	(23, 16, 67, 11, '2017-06-23 07:37:32', 41, 37, '把修改后的主题发给看', '沟通了版面的问题和颜色问题，做了四次版本还是不满意，也不提意见', 2, '0000-00-00 00:00:00', '', 4, '2017-06-22 07:38:22'),
	(24, 13, 68, 10, '2017-06-22 15:38:32', 42, 37, '送合同去的', '', 2, '0000-00-00 00:00:00', '', 4, '2017-06-22 07:38:50'),
	(25, 13153, 84, 15, '2017-10-10 09:08:55', 38, 57, '联系发参照网站', '联系发参照网站，这几天办贷款，等几天联系', 2, '0000-00-00 00:00:00', '', 4, '2017-10-10 09:09:36'),
	(26, 13153, 84, 15, '2017-10-16 09:09:26', 38, 57, '联系发参照网站', '联系发参照网站，这几天办贷款，等几天联系我', 2, '0000-00-00 00:00:00', '', 4, '2017-10-10 09:09:36'),
	(27, 13153, 84, 15, '2017-10-23 09:38:38', 38, 57, '联系发参照网站', '联系发参照网站，这几天办贷款，等几天联系我,没有打通', 2, '0000-00-00 00:00:00', '', 4, '2017-10-16 09:38:54'),
	(29, 13154, 85, 0, '2017-10-16 17:07:52', 38, 37, '提供了需求报了价格', '提供了需求，需重新做一个网站，并且需要在百度，360，搜狗做推广\r\n报了一个价格仿制网站2800做3年', 2, '0000-00-00 00:00:00', '', 4, '2017-10-17 17:12:01'),
	(31, 13154, 85, 0, '2017-10-20 17:08:36', 38, 37, '咨询考虑的怎么样了', '提供了需求，需重新做一个网站，并且需要在百度，360，搜狗做推广\r\n报了一个价格仿制网站2800做3年', 1, '0000-00-00 00:00:00', '', 4, '2017-10-17 17:12:35'),
	(32, 13153, 84, 15, '2017-11-03 16:26:35', 38, 57, '暂时不需要，有需要在联系', '联系发参照网站，这几天办贷款，等几天联系我,没有打通', 2, '0000-00-00 00:00:00', '', 4, '2017-11-02 16:26:53'),
	(33, 13157, 88, 0, '2018-03-01 11:55:25', 38, 37, '需要带方案沟通', '需要带方案沟通，这周回成都之后才可以沟通', 1, '0000-00-00 00:00:00', '', 4, '2018-02-28 11:55:49'),
	(34, 13158, 89, 0, '0000-00-00 00:00:00', 38, 57, '还在等客户接口', '', 2, '2019-00-00 00:00:00', '', 4, '2018-04-20 15:09:35'),
	(35, 13158, 89, 0, '2018-07-01 21:32:56', 38, 57, '朋友暂时不做了', '', 0, '2018-07-31 21:33:04', '', 4, '2018-07-25 21:33:12'),
	(37, 13158, 89, 0, '2018-07-01 21:32:56', 38, 57, '朋友暂时不做了', '', 0, '2028-07-31 21:33:04', '', 4, '2018-07-25 21:33:12'),
	(52, 1, 62, 20, '2018-12-28 11:30:20', 0, 37, '22222222222222', '222', 1, '2018-12-28 14:10:20', '', 4, '2018-12-28 11:14:39'),
	(41, 1, 62, 20, '2018-12-21 14:47:13', 38, 57, '测试合同', '来测试下呢\r\n', 1, '1900-12-08 18:00:00', '', 4, '2018-12-13 15:38:19'),
	(49, 1, 62, 20, '2018-12-27 17:55:13', 0, 37, '不错不错', '还行吧哟', 1, '2018-11-28 02:10:13', '', 4, '2018-12-27 21:59:29'),
	(50, 1, 62, 20, '2018-12-27 22:00:50', 0, 37, '哈哈', '做唯品会测试', 1, '2018-12-26 22:00:50', '', 4, '2018-12-27 22:01:09'),
	(51, 0, 0, 0, '2018-12-05 14:30:36', 0, 37, '2222222222222222222', '顶替阿斯蒂芬', 1, '2018-12-28 11:25:36', '', 4, '2018-12-28 11:13:51'),
	(46, 1, 62, 20, '2018-12-26 17:40:06', 38, 37, '要做一个企业网站', '主查做仿制网站，报了价格了的呢，模板网站680元，定制网站1500', 1, '2019-01-05 13:40:06', '', 4, '2018-12-26 21:44:19'),
	(47, 1, 62, 20, '2018-12-27 14:50:25', 38, 37, '测试来了哟', '', 1, '2018-12-19 21:50:25', '', 4, '2018-12-27 21:50:48'),
	(48, 1, 62, 20, '2018-11-28 10:50:26', 0, 37, '今天 还是跟踪了一一下吧，', '这个是报价了了的哟，用户还没有回的呢', 1, '2018-12-27 21:50:26', '', 4, '2018-12-27 21:59:01');
/*!40000 ALTER TABLE `cst_trace` ENABLE KEYS */;

-- 导出  表 07fly_erp.cst_website 结构
CREATE TABLE IF NOT EXISTS `cst_website` (
  `website_id` int(16) unsigned NOT NULL AUTO_INCREMENT,
  `customer_id` int(16) NOT NULL,
  `name` varchar(256) NOT NULL,
  `url` varchar(1024) NOT NULL COMMENT '网址',
  `start_date` date NOT NULL,
  `end_date` date NOT NULL,
  `ftp` varchar(256) NOT NULL,
  `ftp_ip` varchar(256) NOT NULL COMMENT 'FTP ip',
  `ftp_account` varchar(256) NOT NULL COMMENT 'FTP 帐号',
  `ftp_pwd` varchar(256) NOT NULL COMMENT 'FTP 密码',
  `icp` varchar(256) NOT NULL,
  `icp_account` varchar(256) NOT NULL,
  `icp_pwd` varchar(256) NOT NULL,
  `icp_num` varchar(256) NOT NULL,
  `address` varchar(1024) NOT NULL,
  `intro` text NOT NULL,
  `create_user_id` int(16) NOT NULL DEFAULT '0',
  `status` int(2) NOT NULL DEFAULT '1' COMMENT '网站状态1=新增，2=续费，3=流失',
  `create_time` datetime NOT NULL,
  PRIMARY KEY (`website_id`)
) ENGINE=MyISAM AUTO_INCREMENT=33 DEFAULT CHARSET=utf8 COMMENT='网站业务';

-- 正在导出表  07fly_erp.cst_website 的数据：29 rows
DELETE FROM `cst_website`;
/*!40000 ALTER TABLE `cst_website` DISABLE KEYS */;
INSERT INTO `cst_website` (`website_id`, `customer_id`, `name`, `url`, `start_date`, `end_date`, `ftp`, `ftp_ip`, `ftp_account`, `ftp_pwd`, `icp`, `icp_account`, `icp_pwd`, `icp_num`, `address`, `intro`, `create_user_id`, `status`, `create_time`) VALUES
	(2, 254, '直线官网', 'www.cdzhixian.com', '2017-05-27', '2019-03-30', '211.149.238.19\ncdzhixian\nD4k4H8W5', '211.149.238.19', 'cdzhixian', 'D4k4H8W5', '蜀ICP备12018687号\n\n', '蜀ICP备12018687号', '', '', '', 'intro', 4, 1, '2017-07-13 15:27:07'),
	(3, 254, '完美睡眠', 'wanmeisuimian.com', '2017-03-09', '2020-03-09', '211.149.238.19\n\n', '211.149.238.19', '', '', 'wurunsheng\nwurunsheng123456\n蜀ICP备17008077号', 'wurunsheng', 'wurunsheng123456', '蜀ICP备17008077号', '', '', 4, -1, '2017-07-13 15:45:41'),
	(4, 289, '瞳创广告官网', 'tocreate.cc', '2017-06-01', '2019-06-01', '211.149.238.19\n\n', '211.149.238.19', '', '', 'tocreategg\ntocreategg123456\n蜀ICP备16016565号', 'tocreategg', 'tocreategg123456', '蜀ICP备16016565号', '', '', 4, 1, '2017-07-13 15:51:08'),
	(5, 295, '全正农业', 'sczqny.com', '2016-11-14', '2019-11-14', '211.149.238.19\n\n', '211.149.238.19', '', '', 'sczqny\nsczqny123456\n蜀ICP备16032455号', 'sczqny', 'sczqny123456', '蜀ICP备16032455号', '', '', 4, 1, '2017-07-13 15:54:30'),
	(6, 274, '铭丰资本', 'zgmfpe.com', '2017-01-25', '2019-01-25', '211.149.238.19\nzgmfpe\n', '211.149.238.19', 'zgmfpe', '', 'kbtsjj\nkbtsjj123456\n', 'kbtsjj', 'kbtsjj123456', '', '', '', 4, 1, '2017-07-13 15:55:54'),
	(7, 289, '万籁阁', 'wanlaige.com', '2017-02-06', '2019-02-06', '211.149.238.19\nwanlaige\n', '211.149.238.19', 'wanlaige', '', 'wanlaige\nwanlaige123456\n', 'wanlaige', 'wanlaige123456', '', '', '', 4, 1, '2017-07-13 15:58:15'),
	(8, 9, '元康餐饮', 'cdykcy.cn', '2017-03-31', '2019-03-30', '211.149.238.19\ncdykcy\n', '211.149.238.19', 'cdykcy', '', 'cdykcy\ncdykcy123456\n蜀ICP备17006007号', 'cdykcy', 'cdykcy123456', '蜀ICP备17006007号', '', '', 4, 1, '2017-07-13 16:01:03'),
	(9, 254, '润德久玖', 'rundejiujiu.com', '2017-04-17', '2018-08-14', '211.149.238.19\n170417_rundejiujiu\n', '211.149.238.19', '170417_rundejiujiu', '', 'wu\n\n', 'wu', '', '', '', '', 4, -1, '2017-07-13 16:02:35'),
	(10, 12, '金福机电', 'jfjdwxzx.com', '2017-05-10', '2019-05-01', '211.149.238.19\n170510_jfjd\n', '211.149.238.19', '170510_jfjd', '', 'jfjdwxzx\njfjdwxzx123456\n', 'jfjdwxzx', 'jfjdwxzx123456', '', '', '', 4, 1, '2017-07-13 16:05:02'),
	(11, 289, '万经堂', 'wangjintang.com', '2017-06-09', '2019-07-10', '211.149.238.19\n170609_wjt\n', '211.149.238.19', '170609_wjt', '', 'wu\n\n', 'wu', '', '', '', '', 4, 1, '2017-07-13 16:06:12'),
	(12, 13, '堰汇劳务', 'yhconst.com', '2017-06-23', '2019-06-23', '211.149.238.19\n170623_yanhui\n', '211.149.238.19', '170623_yanhui', '', 'yhconst\nyhconst123456\n蜀ICP备17021895号', 'yhconst', 'yhconst123456', '蜀ICP备17021895号', '', '', 4, 1, '2017-07-13 16:08:38'),
	(13, 17, '泰建筑劳', 'dtconst.com', '2017-06-23', '2019-06-23', '211.149.238.19\n170624_dongtai\n', '211.149.238.19', '170624_dongtai', '', 'dtconst\ndtconst123456\n', 'dtconst', 'dtconst123456', '', '', '', 4, 1, '2017-07-13 16:09:48'),
	(14, 18, '康博特官网', 'kbtsjj.com', '2017-06-30', '2018-06-30', '211.149.238.19\n170630_kbtsjj\n', '211.149.238.19', '170630_kbtsjj', '', 'kbtsjj\nkbtsjj123456\n', 'kbtsjj', 'kbtsjj123456', '', '', '', 4, -1, '2017-07-13 16:11:51'),
	(15, 967, '周记蛋糕', 'http://www.zhjblb.com ', '2017-01-04', '2019-01-04', '211.149.238.19\r\n\r\n', '211.149.238.19', '', '', 'lxhowlet\r\n\r\n蜀ICP备08008865号-18', 'lxhowlet', '', '蜀ICP备08008865号-18', '', '', 4, -1, '2017-07-14 15:01:13'),
	(16, 11, '富机电梯', 'http://www.fu-ji.cn', '2017-04-21', '2021-04-21', '211.149.238.19\r\n170421_fuji\r\n', '211.149.238.19', '170421_fuji', '', '170421_fuji\r\n\r\n', '170421_fuji', '', '', '', '', 4, 1, '2017-11-14 17:20:48'),
	(17, 13151, '群泓优家', 'http://www.qhfuwu.com', '2017-08-26', '2019-08-26', '211.149.238.19\r\n170826_qhfuwu\r\n', '211.149.238.19', '170826_qhfuwu', '', 'qhfuwu\r\n\r\n', 'qhfuwu', '', '', '', '', 4, 1, '2017-11-14 17:23:46'),
	(18, 232, '尚美居', 'http://www.cdsmjzs.com', '2017-02-28', '2019-03-01', '211.149.238.19\r\n\r\n', '211.149.238.19', '', '', 'lxhowlet\r\n\r\n 蜀ICP备08008865号-8', 'lxhowlet', '', ' 蜀ICP备08008865号-8', '', '', 4, 1, '2018-02-22 17:14:08'),
	(19, 13159, '益友股票社区', 'http://www.yiyouokok.com', '2018-04-12', '2020-04-12', '45.127.99.217\r\nyiyouokok\r\njnWNoyZcaqR9MRU', '45.127.99.217', 'yiyouokok', 'jnWNoyZcaqR9MRU', 'yiyouokok\r\n\r\n', 'yiyouokok', '', '', '', '', 4, 1, '2018-04-20 15:17:16'),
	(20, 13155, '周渔郎鱼火锅', 'http://www.07fly.com', '2018-09-20', '2019-09-20', '211.149.238.19\n\n', '211.149.238.19', '', '', '180920_zyl\n\n', '180920_zyl', '', '', '', '', 4, 1, '2018-10-09 15:07:59'),
	(21, 13161, '足博仕商城', 'http://www.zbszlnx.com', '2018-09-08', '2019-09-08', '211.149.238.19\n\n', '211.149.238.19', '', '', '170421_fuji\n\n', '170421_fuji', '', '', '', '', 4, 1, '2018-10-09 15:09:51'),
	(22, 13163, '知行天下旅游网', 'http://www.zxtxly.com', '2018-07-20', '2019-07-20', '211.149.238.19\n\n', '211.149.238.19', '', '', '170421_fuji\n\n', '170421_fuji', '', '', '', '', 4, 1, '2018-10-09 15:10:49'),
	(23, 289, '华西建筑设计院', 'http://hxjz.07fly.top', '2018-09-07', '2019-09-07', '211.149.238.19\r\n\r\n', '211.149.238.19', '', '', '180907_hxjz\r\n\r\n', '180907_hxjz', '', '', '', '', 4, 1, '2018-10-09 15:13:23'),
	(24, 254, '民航电子', 'http://mhdz.07fly.top', '2018-04-01', '2019-04-01', '211.149.238.19\n\n', '211.149.238.19', '', '', '180228_mhdz\n\n', '180228_mhdz', '', '', '', '', 4, 1, '2018-10-09 15:14:54'),
	(25, 289, '风小厨', 'http://www.fengxiaochu.com', '2017-12-21', '2018-12-21', '211.149.238.19\r\n\r\n', '211.149.238.19', '', '', '171221_haofeng\r\n\r\n', '171221_haofeng', '', '', '', '', 4, -1, '2018-10-09 15:16:37'),
	(28, 295, '正源康柠檬网站', 'http://www.sczyknm.com', '2018-11-11', '2019-11-11', '211.149.238.19  181111_zyknm  r6m6p7d5', '', '', '', 'sczyknm \r\nzyk123abc', '', '', '', '', '', 4, 1, '2018-12-28 16:59:16'),
	(29, 13174, '标筑广告', 'http://www.cdbzgg.com', '2018-12-01', '2019-12-02', '211.149.238.19 181113_bzgg  m2Q8F8V3', '', '', '', 'http://beian.west.cn/default.asp\r\ncdbzgg01 cdbgzgg123', '', '', '', '', '', 4, 1, '2018-12-28 17:06:15'),
	(30, 13155, '锦城老妈官网', 'http://www.cdjclm.com', '2018-12-15', '2019-12-15', '211.149.238.19 181220_cdjclm  g6w2r5g6', '', '', '', '一个PC，一个手机', '', '', '', '', '得按两个站标准来续费', 4, 1, '2018-12-28 17:08:51'),
	(31, 13155, '醉生肖', 'http://www.zuishengxiao.com', '2018-12-15', '2019-12-15', '211.149.238.19 181220_zsx  a2w6U6R7', '', '', '', '一个PC站，一个手机', '', '', '', '', '按两个站收取空间费用', 4, 1, '2018-12-28 17:12:18'),
	(32, 13161, '足博仕招商网站', 'http://www.zuboshi.com.cn', '2018-10-15', '2019-10-15', '211.149.238.19  181017_zbszs e2M5w4S3', '', '', '', 'sczuboshi\r\nzuboshi123456', '', '', '', '', '', 4, 1, '2018-12-28 17:14:33');
/*!40000 ALTER TABLE `cst_website` ENABLE KEYS */;

-- 导出  表 07fly_erp.email_from 结构
CREATE TABLE IF NOT EXISTS `email_from` (
  `id` int(16) unsigned NOT NULL AUTO_INCREMENT,
  `server` varchar(32) CHARACTER SET utf8 NOT NULL,
  `port` varchar(50) NOT NULL,
  `account` varchar(256) NOT NULL,
  `password` varchar(256) NOT NULL,
  `name` varchar(256) NOT NULL,
  `visible` tinyint(2) NOT NULL DEFAULT '1',
  `cnt` int(11) NOT NULL DEFAULT '1',
  `groupID` int(11) NOT NULL DEFAULT '1',
  `intro` varchar(1024) CHARACTER SET utf8 DEFAULT NULL,
  PRIMARY KEY (`id`)
) ENGINE=MyISAM AUTO_INCREMENT=155 DEFAULT CHARSET=armscii8 COMMENT='发送邮件列表';

-- 正在导出表  07fly_erp.email_from 的数据：47 rows
DELETE FROM `email_from`;
/*!40000 ALTER TABLE `email_from` DISABLE KEYS */;
INSERT INTO `email_from` (`id`, `server`, `port`, `account`, `password`, `name`, `visible`, `cnt`, `groupID`, `intro`) VALUES
	(1, 'smtp.qq.com', '25', '1871720801@qq.com', '1987,./', '', 1, 3, 4, '2'),
	(2, 'smtp.qq.com', '25', '1585925559@qq.com', '1987,./', '', 1, 3, 4, ''),
	(110, 'smtp.163.com', '25\r', 'www_07fly_com0101@163.com', '123456', 'www_07fly_com101', 1, 3, 4, ''),
	(111, 'smtp.163.com', '25\r', 'www_07fly_com0102@163.com', '123456', 'www_07fly_com102', 1, 3, 4, ''),
	(112, 'smtp.163.com', '25\r', 'www_07fly_com0103@163.com', '123456', 'www_07fly_com103', 1, 3, 4, ''),
	(113, 'smtp.163.com', '25\r', 'www_07fly_com0104@163.com', '123456', 'www_07fly_com104', 1, 3, 4, ''),
	(114, 'smtp.163.com', '25\r', 'www_07fly_com105@163.com', '123456', 'www_07fly_com105', 1, 3, 4, ''),
	(115, 'smtp.163.com', '25\r', 'www_07fly_com106@163.com', '123456', 'www_07fly_com106', 1, 3, 4, ''),
	(116, 'smtp.163.com', '25\r', 'www_07fly_com107@163.com', '123456', 'www_07fly_com107', 1, 3, 4, ''),
	(117, 'smtp.163.com', '25\r', 'www_07fly_com108@163.com', '123456', 'www_07fly_com108', 1, 3, 4, ''),
	(118, 'smtp.163.com', '25\r', 'www_07fly_com109@163.com', '123456', 'www_07fly_com109', 1, 3, 4, ''),
	(119, 'smtp.163.com', '25\r', 'www_07fly_com110@163.com', '123456', 'www_07fly_com110', 1, 3, 4, ''),
	(120, 'smtp.163.com', '25\r', 'www_07fly_com111@163.com', '123456', 'www_07fly_com111', 1, 3, 4, ''),
	(121, 'smtp.163.com', '25\r', 'www_07fly_com112@163.com', '123456', 'www_07fly_com112', 1, 3, 4, ''),
	(122, 'smtp.163.com', '25\r', 'www_07fly_com113@163.com', '123456', 'www_07fly_com113', 1, 3, 4, ''),
	(123, 'smtp.163.com', '25\r', 'www_07fly_com114@163.com', '123456', 'www_07fly_com114', 1, 3, 4, ''),
	(124, 'smtp.163.com', '25\r', 'www_07fly_com115@163.com', '123456', 'www_07fly_com115', 1, 3, 4, ''),
	(125, 'smtp.163.com', '25\r', 'www_07fly_com200@163.com', '123456z', 'www_07fly_com200', 1, 3, 4, ''),
	(126, 'smtp.163.com', '25\r', 'www_07fly_com201@163.com', '123456z', 'www_07fly_com201', 1, 3, 4, ''),
	(127, 'smtp.163.com', '25\r', 'www_07fly_com202@163.com', '123456z', 'www_07fly_com202', 1, 3, 4, ''),
	(128, 'smtp.163.com', '25\r', 'www_07fly_com203@163.com', '123456z', 'www_07fly_com203', 1, 3, 4, ''),
	(129, 'smtp.163.com', '25\r', 'www_07fly_com204@163.com', '123456z', 'www_07fly_com204', 1, 3, 4, ''),
	(130, 'smtp.163.com', '25\r', 'www_07fly_com205@163.com', '123456z', 'www_07fly_com205', 1, 3, 4, ''),
	(131, 'smtp.163.com', '25\r', 'www_07fly_com206@163.com', '123456z', 'www_07fly_com206', 1, 3, 4, ''),
	(132, 'smtp.163.com', '25', 'www_07fly_com207@163.com', '123456z', 'www_07fly_com207', 1, 3, 4, ''),
	(133, 'smtp.139.com', '25\r', '1464823749@139.com', '07fly123', 'lingqifei160500', 1, 3, 4, ''),
	(134, 'smtp.139.com', '25\r', '586835474@139.com', '07fly123', 'lingqifei160501', 1, 3, 4, ''),
	(135, 'smtp.139.com', '25\r', '654062906@139.com', '07fly123', 'lingqifei160502', 1, 3, 4, ''),
	(136, 'smtp.139.com', '25\r', '193126257@139.com', '07fly123', 'lingqifei160503', 1, 3, 4, ''),
	(137, 'smtp.139.com', '25\r', '1783134869@139.com', '07fly123', 'lingqifei160504', 1, 3, 4, ''),
	(138, 'smtp.139.com', '25\r', '228629414@139.com', '07fly123', 'lingqifei160505', 1, 3, 4, ''),
	(139, 'smtp.139.com', '25\r', '1901639262@139.com', '07fly123', 'lingqifei160506', 1, 3, 4, ''),
	(140, 'smtp.139.com', '25\r', '822840395@139.com', '07fly123', 'lingqifei160507', 1, 3, 4, ''),
	(141, 'smtp.139.com', '25\r', '1123610743@139.com', '07fly123', 'lingqifei160508', 1, 3, 4, ''),
	(142, 'smtp.139.com', '25\r', '788489072@139.com', '07fly123', 'lingqifei160509', 1, 3, 4, ''),
	(143, 'smtp.139.com', '25\r', '984315470@139.com', '07fly123', 'lingqifei160510', 1, 3, 4, ''),
	(144, 'smtp.139.com', '25\r', '743081363@139.com', '07fly123', 'lingqifei160511', 1, 3, 4, ''),
	(145, 'smtp.139.com', '25\r', '924273127@139.com', '07fly123', 'lingqifei160512', 1, 3, 4, ''),
	(146, 'smtp.139.com', '25\r', '925757172@139.com', '07fly123', 'lingqifei160513', 1, 3, 4, ''),
	(147, 'smtp.139.com', '25\r', '1234330619@139.com', '07fly123', 'lingqifei160514', 1, 3, 4, ''),
	(148, 'smtp.139.com', '25\r', '1051788421@139.com', '07fly123', 'lingqifei160515', 1, 3, 4, ''),
	(149, 'smtp.139.com', '25\r', '835575129@139.com', '07fly123', 'lingqifei160516', 1, 3, 4, ''),
	(150, 'smtp.139.com', '25\r', '1240272661@139.com', '07fly123', 'lingqifei160517', 1, 3, 4, ''),
	(151, 'smtp.139.com', '25\r', '1061283198@139.com', '07fly123', 'lingqifei160518', 1, 3, 4, ''),
	(152, 'smtp.139.com', '25\r', '966597374@139.com', '07fly123', 'lingqifei160519', 1, 2, 4, ''),
	(153, 'smtp.139.com', '25\r', '949760131@139.com', '07fly123', 'lingqifei160520', 1, 2, 4, ''),
	(154, 'smtp.139.com', '25', '227486426@139.com', '07fly123', 'lingqifei160521', 1, 2, 4, '');
/*!40000 ALTER TABLE `email_from` ENABLE KEYS */;

-- 导出  表 07fly_erp.email_from_group 结构
CREATE TABLE IF NOT EXISTS `email_from_group` (
  `id` int(16) NOT NULL AUTO_INCREMENT,
  `name` varchar(256) NOT NULL,
  PRIMARY KEY (`id`)
) ENGINE=MyISAM AUTO_INCREMENT=5 DEFAULT CHARSET=utf8 COMMENT='发送邮件分组';

-- 正在导出表  07fly_erp.email_from_group 的数据：1 rows
DELETE FROM `email_from_group`;
/*!40000 ALTER TABLE `email_from_group` DISABLE KEYS */;
INSERT INTO `email_from_group` (`id`, `name`) VALUES
	(4, '发送地址组');
/*!40000 ALTER TABLE `email_from_group` ENABLE KEYS */;

-- 导出  表 07fly_erp.email_mb 结构
CREATE TABLE IF NOT EXISTS `email_mb` (
  `id` int(16) NOT NULL AUTO_INCREMENT,
  `name` varchar(256) NOT NULL,
  `content` text,
  `cnt` int(11) DEFAULT '1',
  `editor` varchar(32) DEFAULT NULL,
  `adddatetime` datetime NOT NULL,
  PRIMARY KEY (`id`)
) ENGINE=MyISAM AUTO_INCREMENT=8 DEFAULT CHARSET=utf8 COMMENT='邮箱模板';

-- 正在导出表  07fly_erp.email_mb 的数据：7 rows
DELETE FROM `email_mb`;
/*!40000 ALTER TABLE `email_mb` DISABLE KEYS */;
INSERT INTO `email_mb` (`id`, `name`, `content`, `cnt`, `editor`, `adddatetime`) VALUES
	(1, '成都网站制作、07FLY网站建设、域名空间服务', '<p><span style="font-family:微软雅黑;font-size:10.5000pt;">成都零起飞网站建设是专业从事成都网站建设、网站设计、网站策划、网站推广的团队；精心推出多种科学方案,从网页制作到网站推广,让您最大限度拥有建站优势！</span></p><p><span style="font-family:微软雅黑;font-size:10.5000pt;">&amp;nbsp;</span></p><p><span style="font-family:微软雅黑;font-size:10.5000pt;">成都零起飞网站建设为您提供：网站建设，网站设计，网站制作，flash多媒体制作，域名空间， 优化排名，网站推广，网站维护等业务。我们是技术性团队，只用作品说话。 </span></p><p><span style="font-family:微软雅黑;font-size:10.5000pt;">零起飞网络：以质量求生存，以服务谋发展，以信誉创品牌 &amp;nbsp;</span></p><p><span style="font-family:微软雅黑;font-size:10.5000pt;">QQ号码：1871720801 &amp;nbsp;</span></p><p><span style="font-family:微软雅黑;color:rgb(0,0,255);font-size:10.5000pt;">详细参考：</span><a href="http://www.07fly.com"><u><span style="font-family:微软雅黑;color:rgb(0, 0, 255);">http://www.07fly.com</span></u></a><span style="font-family:微软雅黑;color:rgb(0,0,255);font-size:10.5000pt;">&amp;nbsp;</span></p>', 44, '', '2016-04-29 15:01:20'),
	(2, '成都私人做网站;工作室接单制作;免费ICP备案', '<p><span style="font-family:微软雅黑;font-size:10.5000pt;">成都零起飞网站建设是专业从事成都网站建设、网站设计、网站策划、网站推广的团队；精心推出多种科学方案,从网页制作到网站推广,让您最大限度拥有建站优势！</span></p><p><span style="font-family:微软雅黑;font-size:10.5000pt;">&amp;nbsp;</span></p><p><span style="font-family:微软雅黑;font-size:10.5000pt;">成都零起飞网站建设为您提供：网站建设，网站设计，网站制作，flash多媒体制作，域名空间， 优化排名，网站推广，网站维护等业务。我们是技术性团队，只用作品说话。 </span></p><p><span style="font-family:微软雅黑;font-size:10.5000pt;">零起飞网络：以质量求生存，以服务谋发展，以信誉创品牌 &amp;nbsp;</span></p><p><span style="font-family:微软雅黑;font-size:10.5000pt;">QQ号码：1871720801 &amp;nbsp;</span></p><p><span style="font-family:微软雅黑;color:rgb(0,0,255);font-size:10.5000pt;">详细参考：</span><a href="http://www.07fly.com"><u><span style="font-family:微软雅黑;color:rgb(0, 0, 255);">http://www.07fly.com</span></u></a><span style="font-family:微软雅黑;color:rgb(0,0,255);font-size:10.5000pt;">&amp;nbsp;</span></p>', 44, '', '2016-04-29 15:03:35'),
	(3, '网站设计与制作报价说明', '<p><span style="font-family:微软雅黑;color:rgb(85, 85, 85);font-size:10.5pt;">a) 网站效果设计，根据客户的具体要求（如对设计效果的质量要求，对动画的要求等）确定工期和费用。具体费用不等。</span><span style="font-family:微软雅黑;color:rgb(85, 85, 85);font-size:10.5pt;"><br /></span><span style="font-family:微软雅黑;color:rgb(85, 85, 85);font-size:10.5pt;">b) 根据客户行业特色分析、客户网络营销竞争分析到网站市场定位整体规划服务。提供导航策划、内容规划、搜索规划、形象策划、功能规划</span></p><p><span style="font-family:微软雅黑;color:rgb(98, 136, 162);font-size:10.5pt;">承接:网站设计/重构/logo设计/平面设计/软件皮肤</span><span style="font-family:微软雅黑;color:rgb(98, 136, 162);font-size:10.5pt;"><br /></span><span style="font-family:微软雅黑;color:rgb(98, 136, 162);font-size:10.5pt;">赠送:赠送价值50元的/ico一个</span><span style="font-family:微软雅黑;color:rgb(98, 136, 162);font-size:10.5pt;"><br /></span><span style="font-family:微软雅黑;color:rgb(98, 136, 162);font-size:10.5pt;">价格:设计</span><strong><span style="font-family:微软雅黑;color:rgb(242, 101, 33);font-size:10.5pt;">300元/页</span></strong><span style="font-family:微软雅黑;color:rgb(98, 136, 162);font-size:10.5pt;">起(按客户提供的要求定价格)</span></p>', 44, '', '2016-05-01 10:48:06'),
	(4, '网站优化排名07FLY报价', '<p><span style="font-family:微软雅黑;color:rgb(85, 85, 85);font-size:10.5pt;">网站优化排名，是通过网站结构优化及内容优化和外部推广优化，将指定的关键词排到百度首页，保证网站优化到首页，优化不上去全额退款！</span></p><p><span style="font-family:微软雅黑;color:rgb(98, 136, 162);font-size:10.5pt;">承接:网站基础优化，关键词排名优</span><span style="font-family:微软雅黑;color:rgb(98, 136, 162);font-size:10.5pt;"><br /></span><span style="font-family:微软雅黑;color:rgb(98, 136, 162);font-size:10.5pt;">赠送:赠送价值1000元/份行业网站营销解决方案</span><span style="font-family:微软雅黑;color:rgb(98, 136, 162);font-size:10.5pt;"><br /></span></p><p><span style="font-family:微软雅黑;color:rgb(98, 136, 162);font-size:10.5pt;">价格:仿站</span><strong><span style="font-family:微软雅黑;color:rgb(242, 101, 33);font-size:10.5pt;">800元/起</span></strong><span style="font-family:微软雅黑;color:rgb(98, 136, 162);font-size:10.5pt;">(按客户提供的网站定价格)</span><span style="font-family:微软雅黑;color:rgb(98, 136, 162);font-size:10.5pt;">&amp;nbsp;</span></p><p><span style="font-family:微软雅黑;color:rgb(98, 136, 162);font-size:10.5pt;"></span></p><p><span style="font-family:微软雅黑;font-size:10.5000pt;">零起飞网络：以质量求生存，以服务谋发展，以信誉创品牌 &amp;nbsp;</span></p><p><span style="font-family:微软雅黑;font-size:10.5000pt;">QQ号码：1871720801 &amp;nbsp;</span></p><p><span style="font-family:微软雅黑;color:rgb(0,0,255);font-size:10.5000pt;">详细参考：</span><a href="http://www.07fly.com"><u><span style="font-family:微软雅黑;color:rgb(0, 0, 255);">http://www.07fly.com</span></u></a><span style="font-family:微软雅黑;color:rgb(0,0,255);font-size:10.5000pt;">&amp;nbsp;</span></p><br />', 44, '', '2016-05-01 10:48:58'),
	(5, '零起飞提供网站运营维护服务', '<p><span style="font-family:微软雅黑;color:rgb(85, 85, 85);font-size:10.5pt;">网站维护托管，是指负责网站的内容、程序的日常更新维护。网站的正常运转是公司网上业务来源的重要保障，网站在运行过程中经常会碰到网站不能访问、数据库访问出错、网站被黑客入侵、空间域名到期等情况，如果没有专人来维护，往往事情已经发生很长时间您还是一无所知，专门请一个人来做这些却显得资源的浪费，所以网站维护托管是一条便捷、高效、省钱的方式。</span></p><p><span style="font-family:微软雅黑;color:rgb(98, 136, 162);font-size:10.5pt;">赠送:赠送价值100元/LOGO一个</span><span style="font-family:微软雅黑;color:rgb(98, 136, 162);font-size:10.5pt;"><br /></span><span style="font-family:微软雅黑;color:rgb(98, 136, 162);font-size:10.5pt;">赠送:赠送价值50元的/ico一个</span><span style="font-family:微软雅黑;color:rgb(98, 136, 162);font-size:10.5pt;"><br /></span><span style="font-family:微软雅黑;color:rgb(98, 136, 162);font-size:10.5pt;">价格:开发商议(按客户提供的开发说明定价格)</span></p><p><span style="font-family:微软雅黑;color:rgb(98, 136, 162);font-size:10.5pt;"></span></p><p><span style="font-family:微软雅黑;font-size:10.5000pt;">选择我们为您提供网站建设服务的理由：</span></p><p><span style="font-family:微软雅黑;font-size:10.5000pt;">1：拥有丰富的网站制作经验</span></p><p><span style="font-family:微软雅黑;font-size:10.5000pt;">2：拥有超强的技术能力</span></p><p><span style="font-family:微软雅黑;font-size:10.5000pt;">3：负责，诚信</span></p><p><span style="font-family:微软雅黑;font-size:10.5000pt;">4：能24小时不间断工作</span></p><p><span style="font-family:微软雅黑;font-size:10.5000pt;">5：网站后期服务365天24小时 </span></p><p><span style="font-family:微软雅黑;font-size:10.5000pt;">QQ号码：1871720801 &amp;nbsp;</span></p><p><span style="font-family:微软雅黑;font-size:10.5000pt;">案例</span><span style="font-family:微软雅黑;font-size:10.5000pt;">网站：</span><a href="http://www.07fly.com"><u><span style="font-family:微软雅黑;color:rgb(0, 0, 255);">http://www.07fly.com</span></u></a></p><br />', 43, '', '2016-05-01 10:49:15'),
	(6, '零起飞网站改版重建（网站重构）', '<p><span style="font-family:微软雅黑;font-size:10.5000pt;">选择我们为您提供网站建设服务的理由：</span></p><p><span style="font-family:微软雅黑;font-size:10.5000pt;">1：拥有丰富的网站制作经验</span></p><p><span style="font-family:微软雅黑;font-size:10.5000pt;">2：拥有超强的技术能力</span></p><p><span style="font-family:微软雅黑;font-size:10.5000pt;">3：负责，诚信</span></p><p><span style="font-family:微软雅黑;font-size:10.5000pt;">4：能24小时不间断工作</span></p><p><span style="font-family:微软雅黑;font-size:10.5000pt;">5：网站后期服务365天24小时 </span></p><p><span style="font-family:微软雅黑;font-size:10.5000pt;">QQ号码：1871720801 &amp;nbsp;</span></p><p><span style="font-family:微软雅黑;font-size:10.5000pt;">案例</span><span style="font-family:微软雅黑;font-size:10.5000pt;">网站：</span><a href="http://www.07fly.com"><u><span style="font-family:微软雅黑;color:rgb(0, 0, 255);">http://www.07fly.com</span></u></a></p>', 43, '', '2016-05-01 10:50:23'),
	(7, '你好，哥，一定要好好的哟', '你好，哥，一定要好好的哟', 43, '', '2016-05-02 23:39:07');
/*!40000 ALTER TABLE `email_mb` ENABLE KEYS */;

-- 导出  表 07fly_erp.email_receiver 结构
CREATE TABLE IF NOT EXISTS `email_receiver` (
  `id` int(16) unsigned NOT NULL AUTO_INCREMENT,
  `account` varchar(256) NOT NULL,
  `name` varchar(256) NOT NULL,
  `visible` tinyint(2) NOT NULL DEFAULT '1',
  `cnt` int(11) NOT NULL DEFAULT '1',
  `groupID` int(11) NOT NULL DEFAULT '1',
  `intro` varchar(1024) CHARACTER SET utf8 DEFAULT NULL,
  PRIMARY KEY (`id`)
) ENGINE=MyISAM AUTO_INCREMENT=4 DEFAULT CHARSET=armscii8 COMMENT='邮件接收人';

-- 正在导出表  07fly_erp.email_receiver 的数据：3 rows
DELETE FROM `email_receiver`;
/*!40000 ALTER TABLE `email_receiver` DISABLE KEYS */;
INSERT INTO `email_receiver` (`id`, `account`, `name`, `visible`, `cnt`, `groupID`, `intro`) VALUES
	(1, 'lx_mai@163.com', '1', 1, 35, 5, ''),
	(2, 'lx_howlet@163.com', '2', 1, 34, 5, ''),
	(3, 'admin@jz21.net', '3', 1, 34, 5, '');
/*!40000 ALTER TABLE `email_receiver` ENABLE KEYS */;

-- 导出  表 07fly_erp.email_receiver_group 结构
CREATE TABLE IF NOT EXISTS `email_receiver_group` (
  `id` int(16) NOT NULL AUTO_INCREMENT,
  `name` varchar(256) NOT NULL,
  PRIMARY KEY (`id`)
) ENGINE=MyISAM AUTO_INCREMENT=6 DEFAULT CHARSET=utf8 COMMENT='邮件接收人员分组';

-- 正在导出表  07fly_erp.email_receiver_group 的数据：1 rows
DELETE FROM `email_receiver_group`;
/*!40000 ALTER TABLE `email_receiver_group` DISABLE KEYS */;
INSERT INTO `email_receiver_group` (`id`, `name`) VALUES
	(5, '网易163组');
/*!40000 ALTER TABLE `email_receiver_group` ENABLE KEYS */;

-- 导出  表 07fly_erp.email_scheme 结构
CREATE TABLE IF NOT EXISTS `email_scheme` (
  `id` int(16) NOT NULL AUTO_INCREMENT,
  `name` varchar(256) NOT NULL,
  `fromID` int(11) DEFAULT NULL,
  `receiverID` int(11) DEFAULT NULL,
  `contentID` varchar(50) DEFAULT NULL,
  `intro` varchar(1024) DEFAULT NULL,
  `adddatetime` datetime NOT NULL,
  `uptime` datetime NOT NULL,
  PRIMARY KEY (`id`)
) ENGINE=MyISAM AUTO_INCREMENT=5 DEFAULT CHARSET=utf8 COMMENT='群发方案';

-- 正在导出表  07fly_erp.email_scheme 的数据：1 rows
DELETE FROM `email_scheme`;
/*!40000 ALTER TABLE `email_scheme` DISABLE KEYS */;
INSERT INTO `email_scheme` (`id`, `name`, `fromID`, `receiverID`, `contentID`, `intro`, `adddatetime`, `uptime`) VALUES
	(4, '测试方案', 4, 5, '1,2,3,4,5,6,7', '2222', '2016-04-29 18:22:47', '0000-00-00 00:00:00');
/*!40000 ALTER TABLE `email_scheme` ENABLE KEYS */;

-- 导出  表 07fly_erp.email_scheme_log 结构
CREATE TABLE IF NOT EXISTS `email_scheme_log` (
  `id` int(16) NOT NULL AUTO_INCREMENT,
  `schemeID` varchar(256) NOT NULL,
  `sendfrom` varchar(256) DEFAULT NULL,
  `receiver` varchar(256) DEFAULT NULL,
  `subject` varchar(256) DEFAULT NULL,
  `status` varchar(50) DEFAULT NULL,
  `adddatetime` datetime NOT NULL,
  PRIMARY KEY (`id`)
) ENGINE=MyISAM AUTO_INCREMENT=312 DEFAULT CHARSET=utf8 COMMENT='邮件方案执行日志\r\n';

-- 正在导出表  07fly_erp.email_scheme_log 的数据：50 rows
DELETE FROM `email_scheme_log`;
/*!40000 ALTER TABLE `email_scheme_log` DISABLE KEYS */;
INSERT INTO `email_scheme_log` (`id`, `schemeID`, `sendfrom`, `receiver`, `subject`, `status`, `adddatetime`) VALUES
	(262, '4', '949760131@139.com', 'admin@jz21.net', '发送邮件标题', '', '2016-05-06 16:00:02'),
	(263, '4', '227486426@139.com', 'lx_mai@163.com', '发送邮件标题', '', '2016-05-06 16:00:03'),
	(264, '4', 'www_07fly_com0101@163.com', 'lx_howlet@163.com', '发送邮件标题', '', '2016-05-06 16:00:04'),
	(265, '4', 'www_07fly_com0102@163.com', 'admin@jz21.net', '发送邮件标题', '', '2016-05-06 16:00:05'),
	(266, '4', 'www_07fly_com0103@163.com', 'lx_mai@163.com', '发送邮件标题', '', '2016-05-06 16:01:11'),
	(267, '4', 'www_07fly_com0104@163.com', 'lx_howlet@163.com', '发送邮件标题', '', '2016-05-06 16:01:12'),
	(268, '4', 'www_07fly_com105@163.com', 'admin@jz21.net', '发送邮件标题', '', '2016-05-06 16:01:13'),
	(269, '4', 'www_07fly_com106@163.com', 'lx_mai@163.com', '发送邮件标题', '', '2016-05-06 16:01:14'),
	(270, '4', 'www_07fly_com107@163.com', 'lx_howlet@163.com', '发送邮件标题', '', '2016-05-06 16:01:35'),
	(271, '4', 'www_07fly_com108@163.com', 'admin@jz21.net', '发送邮件标题', '', '2016-05-06 16:01:36'),
	(272, '4', 'www_07fly_com109@163.com', 'lx_mai@163.com', '发送邮件标题', '', '2016-05-06 16:01:37'),
	(273, '4', 'www_07fly_com110@163.com', 'lx_howlet@163.com', '发送邮件标题', '', '2016-05-06 16:01:38'),
	(274, '4', 'www_07fly_com111@163.com', 'admin@jz21.net', '发送邮件标题', 'No', '2016-05-06 16:04:28'),
	(275, '4', 'www_07fly_com112@163.com', 'lx_mai@163.com', '发送邮件标题', 'No', '2016-05-06 16:04:29'),
	(276, '4', 'www_07fly_com113@163.com', 'lx_howlet@163.com', '发送邮件标题', 'No', '2016-05-06 16:04:31'),
	(277, '4', 'www_07fly_com114@163.com', 'admin@jz21.net', '发送邮件标题', 'No', '2016-05-06 16:04:33'),
	(278, '4', '1871720801@qq.com', 'lx_mai@163.com', '发送邮件标题', 'Yes', '2016-05-06 16:05:47'),
	(279, '4', '1585925559@qq.com', 'lx_howlet@163.com', '发送邮件标题', 'Yes', '2016-05-06 16:05:51'),
	(280, '4', '1871720801@qq.com', 'admin@jz21.net', '发送邮件标题', 'Yes', '2016-05-06 16:05:55'),
	(281, '4', '1585925559@qq.com', 'lx_mai@163.com', '发送邮件标题', 'Yes', '2016-05-06 16:05:58'),
	(282, '4', 'www_07fly_com115@163.com', 'lx_howlet@163.com', '网站设计与制作报价说明', 'No', '2016-05-06 16:12:19'),
	(283, '4', 'www_07fly_com200@163.com', 'admin@jz21.net', '网站优化排名07FLY报价', 'No', '2016-05-06 16:12:20'),
	(284, '4', 'www_07fly_com201@163.com', 'lx_mai@163.com', '零起飞提供网站运营维护服务', 'No', '2016-05-06 16:12:22'),
	(285, '4', 'www_07fly_com202@163.com', 'lx_howlet@163.com', '零起飞网站改版重建（网站重构）', 'No', '2016-05-06 16:12:24'),
	(286, '4', 'www_07fly_com203@163.com', 'admin@jz21.net', '你好，哥，一定要好好的哟', 'No', '2016-05-06 16:14:28'),
	(287, '4', 'www_07fly_com204@163.com', 'lx_mai@163.com', '成都网站制作、07FLY网站建设、域名空间服务', 'No', '2016-05-06 16:14:31'),
	(288, '4', 'www_07fly_com205@163.com', 'lx_howlet@163.com', '成都私人做网站;工作室接单制作;免费ICP备案', 'No', '2016-05-06 16:14:32'),
	(289, '4', 'www_07fly_com206@163.com', 'admin@jz21.net', '网站设计与制作报价说明', 'No', '2016-05-06 16:14:34'),
	(290, '4', 'www_07fly_com207@163.com', 'lx_mai@163.com', '网站优化排名07FLY报价', 'No', '2016-05-06 16:14:51'),
	(291, '4', '1464823749@139.com', 'lx_howlet@163.com', '零起飞提供网站运营维护服务', 'Yes', '2016-05-06 16:14:53'),
	(292, '4', '586835474@139.com', 'admin@jz21.net', '零起飞网站改版重建（网站重构）', 'Yes', '2016-05-06 16:14:55'),
	(293, '4', '654062906@139.com', 'lx_mai@163.com', '你好，哥，一定要好好的哟', 'No', '2016-05-06 16:14:56'),
	(294, '4', '654062906@139.com', 'lx_howlet@163.com', '成都网站制作、07FLY网站建设、域名空间服务', 'No', '2016-05-06 16:19:54'),
	(295, '4', '654062906@139.com', 'admin@jz21.net', '成都私人做网站;工作室接单制作;免费ICP备案', 'No', '2016-05-06 16:19:55'),
	(296, '4', '193126257@139.com', 'lx_mai@163.com', '网站设计与制作报价说明', 'Yes', '2016-05-06 16:19:57'),
	(297, '4', '1783134869@139.com', 'lx_howlet@163.com', '网站优化排名07FLY报价', 'Yes', '2016-05-06 16:19:59'),
	(298, '4', '228629414@139.com', 'admin@jz21.net', '零起飞提供网站运营维护服务', 'No', '2016-06-13 16:10:43'),
	(299, '4', '1901639262@139.com', 'lx_mai@163.com', '零起飞网站改版重建（网站重构）', 'No', '2017-09-24 20:34:15'),
	(300, '4', '822840395@139.com', 'lx_howlet@163.com', '你好，哥，一定要好好的哟', 'No', '2017-09-24 20:34:17'),
	(301, '4', '1123610743@139.com', 'admin@jz21.net', '成都网站制作、07FLY网站建设、域名空间服务', 'No', '2017-09-24 20:34:22'),
	(302, '4', '788489072@139.com', 'lx_mai@163.com', '成都私人做网站;工作室接单制作;免费ICP备案', 'No', '2017-09-24 20:34:23'),
	(303, '4', '984315470@139.com', 'lx_howlet@163.com', '网站设计与制作报价说明', 'No', '2017-09-24 20:34:24'),
	(304, '4', '743081363@139.com', 'admin@jz21.net', '网站优化排名07FLY报价', 'No', '2017-11-15 14:40:33'),
	(305, '4', '924273127@139.com', 'lx_mai@163.com', '零起飞提供网站运营维护服务', 'No', '2017-11-15 14:40:34'),
	(306, '4', '925757172@139.com', 'lx_howlet@163.com', '零起飞网站改版重建（网站重构）', 'No', '2017-11-15 14:40:35'),
	(307, '4', '1234330619@139.com', 'admin@jz21.net', '你好，哥，一定要好好的哟', 'No', '2017-11-15 14:40:37'),
	(308, '4', '1051788421@139.com', 'lx_mai@163.com', '成都网站制作、07FLY网站建设、域名空间服务', 'No', '2018-01-17 11:53:48'),
	(309, '4', '835575129@139.com', 'lx_howlet@163.com', '成都私人做网站;工作室接单制作;免费ICP备案', 'No', '2018-01-17 11:53:50'),
	(310, '4', '1240272661@139.com', 'admin@jz21.net', '网站设计与制作报价说明', 'No', '2018-01-17 11:53:51'),
	(311, '4', '1061283198@139.com', 'lx_mai@163.com', '网站优化排名07FLY报价', 'No', '2018-01-17 11:53:52');
/*!40000 ALTER TABLE `email_scheme_log` ENABLE KEYS */;

-- 导出  表 07fly_erp.fin_bank_account 结构
CREATE TABLE IF NOT EXISTS `fin_bank_account` (
  `bank_id` int(16) unsigned NOT NULL AUTO_INCREMENT,
  `name` varchar(256) NOT NULL COMMENT '开户银行名称',
  `card` varchar(256) NOT NULL COMMENT '帐号号',
  `address` varchar(256) NOT NULL COMMENT '开户地址',
  `holders` varchar(256) NOT NULL COMMENT '开户人',
  `sort` smallint(2) NOT NULL,
  `visible` smallint(2) NOT NULL,
  PRIMARY KEY (`bank_id`)
) ENGINE=MyISAM AUTO_INCREMENT=8 DEFAULT CHARSET=utf8 COMMENT='银行帐户';

-- 正在导出表  07fly_erp.fin_bank_account 的数据：2 rows
DELETE FROM `fin_bank_account`;
/*!40000 ALTER TABLE `fin_bank_account` DISABLE KEYS */;
INSERT INTO `fin_bank_account` (`bank_id`, `name`, `card`, `address`, `holders`, `sort`, `visible`) VALUES
	(1, '工商银行', '9855824408011', '成都大天路456号', '李先生', 2, 1),
	(2, '农业银行', '624404040231212', '成都市犀浦', '李枭', 1, 0);
/*!40000 ALTER TABLE `fin_bank_account` ENABLE KEYS */;

-- 导出  表 07fly_erp.fin_capital_record 结构
CREATE TABLE IF NOT EXISTS `fin_capital_record` (
  `record_id` int(16) unsigned NOT NULL AUTO_INCREMENT,
  `type_id` int(16) NOT NULL DEFAULT '1' COMMENT '费用类别，1=注入，-1=抽取',
  `create_user_id` int(16) NOT NULL,
  `bank_id` int(16) NOT NULL,
  `money` int(16) NOT NULL,
  `intro` text NOT NULL,
  `create_time` datetime NOT NULL,
  `happen_date` date NOT NULL COMMENT '产生日期',
  PRIMARY KEY (`record_id`)
) ENGINE=MyISAM AUTO_INCREMENT=14 DEFAULT CHARSET=utf8 COMMENT='资金注入抽取';

-- 正在导出表  07fly_erp.fin_capital_record 的数据：2 rows
DELETE FROM `fin_capital_record`;
/*!40000 ALTER TABLE `fin_capital_record` DISABLE KEYS */;
INSERT INTO `fin_capital_record` (`record_id`, `type_id`, `create_user_id`, `bank_id`, `money`, `intro`, `create_time`, `happen_date`) VALUES
	(13, 1, 4, 2, 10000, '有新的人员进来的啊', '2018-12-28 14:59:24', '2018-12-30'),
	(11, 1, 4, 2, 1000, '加吧', '2018-12-26 14:49:29', '2018-12-24');
/*!40000 ALTER TABLE `fin_capital_record` ENABLE KEYS */;

-- 导出  表 07fly_erp.fin_expenses_record 结构
CREATE TABLE IF NOT EXISTS `fin_expenses_record` (
  `record_id` int(16) unsigned NOT NULL AUTO_INCREMENT,
  `type_id` int(16) NOT NULL COMMENT '费用类别',
  `create_user_id` int(16) NOT NULL,
  `bank_id` int(16) NOT NULL,
  `money` int(16) NOT NULL,
  `intro` text NOT NULL,
  `create_time` datetime NOT NULL,
  `happen_date` date NOT NULL COMMENT '产生日期',
  PRIMARY KEY (`record_id`)
) ENGINE=MyISAM AUTO_INCREMENT=11 DEFAULT CHARSET=utf8 COMMENT='其它支出记录';

-- 正在导出表  07fly_erp.fin_expenses_record 的数据：3 rows
DELETE FROM `fin_expenses_record`;
/*!40000 ALTER TABLE `fin_expenses_record` DISABLE KEYS */;
INSERT INTO `fin_expenses_record` (`record_id`, `type_id`, `create_user_id`, `bank_id`, `money`, `intro`, `create_time`, `happen_date`) VALUES
	(7, 18, 4, 1, 500, '办宽带', '2017-07-31 14:22:07', '2017-06-24'),
	(8, 16, 4, 1, 500, '网站返点', '2017-12-07 16:44:11', '2017-11-26'),
	(9, 18, 4, 2, 600, '购买办公用', '2018-12-26 11:46:13', '2018-12-25');
/*!40000 ALTER TABLE `fin_expenses_record` ENABLE KEYS */;

-- 导出  表 07fly_erp.fin_expenses_type 结构
CREATE TABLE IF NOT EXISTS `fin_expenses_type` (
  `id` int(16) unsigned NOT NULL AUTO_INCREMENT,
  `name` varchar(32) CHARACTER SET utf8 NOT NULL,
  `parentID` int(11) NOT NULL,
  `sort` int(11) NOT NULL,
  `visible` tinyint(2) NOT NULL DEFAULT '1',
  `intro` varchar(1024) CHARACTER SET utf8 DEFAULT NULL,
  PRIMARY KEY (`id`)
) ENGINE=MyISAM AUTO_INCREMENT=20 DEFAULT CHARSET=armscii8 COMMENT='其它支出类型';

-- 正在导出表  07fly_erp.fin_expenses_type 的数据：4 rows
DELETE FROM `fin_expenses_type`;
/*!40000 ALTER TABLE `fin_expenses_type` DISABLE KEYS */;
INSERT INTO `fin_expenses_type` (`id`, `name`, `parentID`, `sort`, `visible`, `intro`) VALUES
	(16, '营业费用', 0, 4, 1, ''),
	(17, '管理费用', 0, 3, 1, ''),
	(18, '办公司开支', 17, 1, 1, ''),
	(19, '日常开支', 17, 2, 1, '2');
/*!40000 ALTER TABLE `fin_expenses_type` ENABLE KEYS */;

-- 导出  表 07fly_erp.fin_flow_record 结构
CREATE TABLE IF NOT EXISTS `fin_flow_record` (
  `id` int(16) unsigned NOT NULL AUTO_INCREMENT,
  `balance` float NOT NULL COMMENT '余额',
  `pay_money` float NOT NULL COMMENT '支出',
  `rece_money` float NOT NULL COMMENT '收入',
  `bank_id` int(16) NOT NULL,
  `bus_id` int(16) NOT NULL COMMENT '关联单号=业务单号',
  `bus_type` varchar(128) NOT NULL COMMENT '单号类型=财务类型',
  `intro` text NOT NULL,
  `create_time` datetime NOT NULL,
  `create_user_id` int(16) NOT NULL COMMENT '创建人',
  PRIMARY KEY (`id`)
) ENGINE=MyISAM AUTO_INCREMENT=224 DEFAULT CHARSET=utf8 COMMENT='财务流水';

-- 正在导出表  07fly_erp.fin_flow_record 的数据：223 rows
DELETE FROM `fin_flow_record`;
/*!40000 ALTER TABLE `fin_flow_record` DISABLE KEYS */;
INSERT INTO `fin_flow_record` (`id`, `balance`, `pay_money`, `rece_money`, `bank_id`, `bus_id`, `bus_type`, `intro`, `create_time`, `create_user_id`) VALUES
	(1, 0, -100, 5, 1, 0, '0', '初始金额为0', '2016-04-05 11:32:00', 1),
	(2, -100, 100, 0, 1, 0, '0', '', '2016-12-14 17:34:26', 4),
	(3, -200, 100, 0, 1, 0, '0', '', '2016-12-14 17:34:27', 4),
	(4, -300, 100, 0, 1, 0, '0', '', '2016-12-14 17:34:27', 4),
	(5, -400, 100, 0, 1, 0, '0', '', '2016-12-14 17:34:27', 4),
	(6, -500, 100, 0, 1, 0, '0', '', '2016-12-14 17:36:01', 4),
	(7, -600, 100, 0, 1, 0, '0', '', '2016-12-14 17:36:12', 4),
	(8, -700, 100, 0, 1, 0, '0', '', '2016-12-14 17:36:13', 4),
	(9, -800, 100, 0, 1, 0, '0', '', '2016-12-14 17:36:13', 4),
	(10, -700, 0, 100, 1, 0, '0', '', '2016-12-14 17:36:22', 4),
	(11, -600, 0, 100, 1, 0, '0', '', '2016-12-14 17:36:22', 4),
	(12, -500, 0, 100, 1, 0, '0', '', '2016-12-14 17:36:22', 4),
	(13, -400, 0, 100, 1, 0, '0', '', '2016-12-14 17:36:23', 4),
	(14, -300, 0, 100, 1, 0, '0', '', '2016-12-14 17:36:23', 4),
	(15, -200, 0, 100, 1, 0, '0', '', '2016-12-14 17:40:05', 4),
	(16, -1200, 1000, 0, 1, 0, '0', '', '2016-12-14 17:54:37', 4),
	(17, -2200, 1000, 0, 1, 0, '0', '', '2016-12-14 17:55:48', 4),
	(18, -3200, 1000, 0, 1, 0, '0', '', '2016-12-14 17:56:36', 4),
	(19, -4200, 1000, 0, 1, 0, '0', '', '2016-12-14 17:56:55', 4),
	(20, -3200, 0, 1000, 1, 0, '0', '', '2016-12-14 18:02:07', 4),
	(21, -3100, 0, 100, 1, 0, '0', '', '2016-12-14 20:55:39', 4),
	(22, -2111, 0, 989, 1, 0, '0', '', '2016-12-14 20:56:02', 4),
	(23, -2879, 768, 0, 1, 0, '0', '', '2016-12-14 21:03:01', 4),
	(24, -768, 768, 0, 2, 0, '0', '', '2016-12-14 21:03:14', 4),
	(25, -2829, 0, 50, 1, 0, '0', '', '2016-12-14 22:05:48', 4),
	(26, -468, 0, 300, 2, 0, '0', '', '2017-02-07 09:42:39', 4),
	(27, 32, 0, 500, 2, 0, '0', '', '2017-02-07 09:50:56', 4),
	(28, -2729, 0, 100, 1, 0, '0', '', '2017-02-07 10:21:48', 4),
	(29, -2729, 0, 0, 1, 0, '0', '', '2017-02-07 10:52:20', 4),
	(30, -2729, 0, 0, 1, 0, '0', '', '2017-02-07 10:52:38', 4),
	(31, -2529, 0, 200, 1, 0, '0', '', '2017-02-07 10:54:12', 4),
	(32, -2524, 0, 5, 1, 0, '0', '', '2017-02-07 12:04:07', 4),
	(33, -2519, 0, 5, 1, 0, '0', '', '2017-02-07 12:06:12', 4),
	(34, -2514, 0, 5, 1, 0, '0', '', '2017-02-07 12:09:56', 4),
	(35, -2509, 0, 5, 1, 0, '0', '', '2017-02-07 12:10:18', 4),
	(36, -2504, 0, 5, 1, 0, '0', '', '2017-02-07 12:19:23', 4),
	(37, -2404, 0, 100, 1, 0, '0', '', '2017-02-07 15:05:25', 4),
	(38, -2304, 0, 100, 1, 0, '0', '', '2017-02-07 15:06:46', 4),
	(39, -2154, 0, 150, 1, 0, '0', '', '2017-02-07 15:11:18', 4),
	(40, -1654, 0, 500, 1, 0, '0', '', '2017-02-07 15:16:04', 4),
	(41, -1154, 0, 500, 1, 0, '0', '', '2017-02-07 20:38:25', 4),
	(42, 146, 0, 1300, 1, 0, '0', '', '2017-04-11 14:43:59', 4),
	(43, 1446, 0, 1300, 1, 0, '0', '', '2017-05-03 17:43:32', 4),
	(44, 2346, 0, 900, 1, 0, '0', '', '2017-05-03 20:58:29', 4),
	(45, 2446, 0, 100, 1, 0, '0', '', '2017-05-03 21:57:45', 4),
	(46, 132, 0, 100, 2, 5, '0', '', '2017-05-22 14:58:21', 4),
	(47, 3446, 0, 1000, 1, 6, 'fin_income_record', '', '2017-05-22 15:00:36', 4),
	(48, -1368, 1500, 0, 2, 5, 'fin_expenses_record', '', '2017-05-22 15:25:47', 4),
	(49, -368, 0, 1000, 2, 7, 'fin_income_record', '', '2017-05-22 15:31:10', 4),
	(50, 400, 0, 768, 2, 8, 'fin_income_record', '', '2017-05-22 15:32:19', 4),
	(51, 10399, 0, 9999, 2, 9, 'fin_income_record', '', '2017-05-22 15:36:44', 4),
	(52, 400, 9999, 0, 2, 6, 'fin_expenses_record', '', '2017-05-22 15:38:29', 4),
	(53, 3546, 0, 100, 1, 8, 'sal_contract', '', '2017-05-22 15:52:27', 4),
	(54, 3646, 0, 100, 1, 0, '', '', '2017-05-22 16:08:05', 4),
	(55, 2646, 1000, 0, 1, 8, 'fin_pay_record', '', '2017-05-22 16:14:31', 4),
	(56, 500, 0, 100, 2, 17, 'sal_order', '', '2017-05-22 16:21:58', 4),
	(57, -500, 1000, 0, 2, 5, 'pos_order', '', '2017-05-22 21:31:12', 4),
	(58, -500, 0, 0, 2, 9, 'pos_order', '', '2017-05-23 17:13:45', 4),
	(59, -500, 0, 0, 2, 9, 'pos_order', '', '2017-05-23 17:15:01', 4),
	(60, 1846, 800, 0, 1, 9, 'pos_order', '', '2017-05-23 17:15:32', 4),
	(61, 1656, 190, 0, 1, 9, 'pos_order', '', '2017-05-23 17:19:26', 4),
	(62, 2456, 0, 800, 1, 9, 'sal_contract', '', '2017-06-19 09:36:32', 4),
	(63, 4756, 0, 2300, 1, 10, 'sal_contract', '', '2017-06-26 21:18:26', 4),
	(64, 7056, 0, 2300, 1, 11, 'sal_contract', '', '2017-06-26 21:18:48', 4),
	(65, 8056, 0, 1000, 1, 12, 'sal_contract', '', '2017-06-30 12:29:28', 4),
	(66, 7556, 500, 0, 1, 7, 'fin_expenses_record', '', '2017-07-31 14:22:07', 4),
	(67, 8156, 0, 600, 1, 12, 'sal_contract', '', '2017-08-14 18:13:14', 4),
	(68, 10556, 0, 2400, 1, 13, 'sal_contract', '', '2017-08-30 08:41:22', 4),
	(69, 10656, 0, 100, 1, 0, '', '', '2017-08-30 08:42:19', 4),
	(70, 11256, 0, 600, 1, 12, 'sal_contract', '', '2017-09-03 11:15:12', 4),
	(71, 11856, 0, 600, 1, 12, 'sal_contract', '', '2017-10-16 09:40:55', 4),
	(72, 15056, 0, 3200, 1, 13, 'sal_contract', '', '2017-10-16 09:41:53', 4),
	(73, 16206, 0, 1150, 1, 8, 'sal_contract', '', '2017-10-16 09:46:13', 4),
	(74, 17206, 0, 1000, 1, 15, 'sal_contract', '', '2017-10-31 12:00:46', 4),
	(75, 19456, 0, 2250, 1, 8, 'sal_contract', '', '2017-11-02 15:59:38', 4),
	(76, 20456, 0, 1000, 1, 16, 'sal_contract', '', '2017-11-14 17:18:31', 4),
	(77, 21956, 0, 1500, 1, 16, 'sal_contract', '', '2017-12-07 16:43:21', 4),
	(78, 21456, 500, 0, 1, 8, 'fin_expenses_record', '', '2017-12-07 16:44:11', 4),
	(79, 22056, 0, 600, 1, 12, 'sal_contract', '', '2017-12-07 16:46:25', 4),
	(80, 22956, 0, 900, 1, 19, 'sal_contract', '', '2017-12-21 11:53:16', 4),
	(81, 24456, 0, 1500, 1, 29, 'sal_contract', '', '2018-01-10 13:09:26', 4),
	(82, 26956, 0, 2500, 1, 21, 'sal_contract', '', '2018-01-10 13:09:57', 4),
	(83, 27956, 0, 1000, 1, 18, 'sal_contract', '', '2018-01-16 17:39:03', 4),
	(84, 28756, 0, 800, 1, 30, 'sal_contract', '', '2018-02-28 11:58:06', 4),
	(85, 29756, 0, 1000, 1, 17, 'sal_contract', '', '2018-02-28 12:17:40', 4),
	(86, 31756, 0, 2000, 1, 13, 'sal_contract', '', '2018-02-28 12:20:51', 4),
	(87, 32756, 0, 1000, 1, 32, 'sal_contract', '', '2018-03-07 14:38:50', 4),
	(88, 33556, 0, 800, 1, 31, 'sal_contract', '', '2018-03-07 14:39:32', 4),
	(89, 34156, 0, 600, 1, 34, 'sal_contract', '', '2018-03-26 13:17:08', 4),
	(90, 35156, 0, 1000, 1, 35, 'sal_contract', '', '2018-03-26 16:59:24', 4),
	(91, 35756, 0, 600, 1, 37, 'sal_contract', '', '2018-04-26 09:46:12', 4),
	(92, 39356, 0, 3600, 1, 36, 'sal_contract', '', '2018-04-26 09:46:57', 4),
	(93, 40156, 0, 800, 1, 38, 'sal_contract', '', '2018-06-24 20:46:08', 4),
	(94, 40956, 0, 800, 1, 41, 'sal_contract', '', '2018-07-18 14:28:11', 4),
	(95, 42456, 0, 1500, 1, 39, 'sal_contract', '', '2018-07-18 14:28:54', 4),
	(96, 43956, 0, 1500, 1, 40, 'sal_contract', '', '2018-07-18 14:29:29', 4),
	(97, 45756, 0, 1800, 1, 42, 'sal_contract', '', '0000-00-00 00:00:00', 4),
	(98, 50756, 0, 5000, 1, 44, 'sal_contract', '', '0000-00-00 00:00:00', 4),
	(99, 55756, 0, 5000, 1, 46, 'sal_contract', '', '2018-10-09 15:41:58', 4),
	(100, 65756, 0, 10000, 1, 49, 'sal_contract', '', '2018-10-09 15:42:51', 4),
	(101, 68356, 0, 2600, 1, 48, 'sal_contract', '', '2018-10-09 15:43:17', 4),
	(102, 70356, 0, 2000, 1, 47, 'sal_contract', '', '2018-10-09 15:44:10', 4),
	(103, 71556, 0, 1200, 1, 51, 'sal_contract', '', '2018-10-19 17:48:18', 4),
	(104, 74056, 0, 2500, 1, 43, 'sal_contract', '', '2018-10-19 17:49:53', 4),
	(105, -100, 100, 0, 0, 58, 'pos_contract', '', '2018-12-25 11:55:31', 4),
	(106, 73156, 900, 0, 1, 58, 'pos_contract', '', '2018-12-25 12:00:31', 4),
	(107, -1500, 1000, 0, 2, 59, 'pos_contract', '', '2018-12-25 12:55:40', 4),
	(108, -2500, 1000, 0, 2, 59, 'pos_contract', '', '2018-12-25 12:55:57', 4),
	(109, -3500, 1000, 0, 2, 59, 'pos_contract', '', '2018-12-25 13:14:43', 4),
	(110, -4500, 1000, 0, 2, 59, 'pos_contract', '', '2018-12-25 13:16:38', 4),
	(111, -5500, 1000, 0, 2, 59, 'pos_contract', '', '2018-12-25 13:17:57', 4),
	(112, -6500, 1000, 0, 2, 59, 'pos_contract', '', '2018-12-25 13:19:16', 4),
	(113, -7500, 1000, 0, 2, 59, 'pos_contract', '', '2018-12-25 13:20:06', 4),
	(114, 900, 0, 1000, 0, 59, 'pos_contract', '', '2018-12-25 14:25:37', 4),
	(115, 1900, 0, 1000, 0, 59, 'pos_contract', '', '2018-12-25 14:26:58', 4),
	(116, 1900, 0, 0, 0, 0, 'pos_contract', '', '2018-12-25 14:27:16', 4),
	(117, 2900, 0, 1000, 0, 59, 'pos_contract', '', '2018-12-25 14:27:16', 4),
	(118, 3900, 0, 1000, 0, 59, 'pos_contract', '', '2018-12-25 14:27:16', 4),
	(119, 4900, 0, 1000, 0, 59, 'pos_contract', '', '2018-12-25 14:27:16', 4),
	(120, 5900, 0, 1000, 0, 59, 'pos_contract', '', '2018-12-25 14:27:16', 4),
	(121, 6900, 0, 1000, 0, 59, 'pos_contract', '', '2018-12-25 14:27:16', 4),
	(122, 7800, 0, 900, 0, 58, 'pos_contract', '', '2018-12-25 14:27:16', 4),
	(123, 7900, 0, 100, 0, 58, 'pos_contract', '', '2018-12-25 14:27:16', 4),
	(124, 8000, 0, 100, 0, 58, 'pos_contract', '', '2018-12-25 14:27:16', 4),
	(125, 8100, 0, 100, 0, 58, 'pos_contract', '', '2018-12-25 14:27:16', 4),
	(126, -8500, 1000, 0, 2, 60, 'pos_contract', '', '2018-12-25 14:29:11', 4),
	(127, -9500, 1000, 0, 2, 60, 'pos_contract', '', '2018-12-25 14:30:05', 4),
	(128, -17400, 7900, 0, 2, 60, 'pos_contract', '', '2018-12-25 14:31:41', 4),
	(129, 16000, 0, 7900, 0, 60, 'pos_contract', '', '2018-12-25 14:33:13', 4),
	(130, 16000, 0, 0, 0, 0, 'pos_contract', '', '2018-12-25 14:33:20', 4),
	(131, -25300, 7900, 0, 2, 60, 'pos_contract', '', '2018-12-25 14:34:09', 4),
	(132, 23900, 0, 7900, 0, 60, 'pos_contract', '', '2018-12-25 14:35:37', 4),
	(133, -33200, 7900, 0, 2, 60, 'pos_contract', '', '2018-12-25 14:36:15', 4),
	(134, 31800, 0, 7900, 0, 60, 'pos_contract', '', '2018-12-25 14:36:56', 4),
	(135, 32800, 0, 1000, 0, 60, 'pos_contract', '', '2018-12-25 14:37:08', 4),
	(136, 33800, 0, 1000, 0, 60, 'pos_contract', '', '2018-12-25 14:37:18', 4),
	(137, 34800, 0, 1000, 0, 57, 'pos_contract', '', '2018-12-25 14:38:22', 4),
	(138, 35800, 0, 1000, 0, 57, 'pos_contract', '', '2018-12-25 14:38:22', 4),
	(139, 36800, 0, 1000, 0, 57, 'pos_contract', '', '2018-12-25 14:38:22', 4),
	(140, 37800, 0, 1000, 0, 57, 'pos_contract', '', '2018-12-25 14:38:22', 4),
	(141, 38800, 0, 1000, 0, 57, 'pos_contract', '', '2018-12-25 14:38:22', 4),
	(142, 39800, 0, 1000, 0, 57, 'pos_contract', '', '2018-12-25 14:38:22', 4),
	(143, 40000, 0, 200, 0, 56, 'pos_contract', '', '2018-12-25 14:38:22', 4),
	(144, 40200, 0, 200, 0, 56, 'pos_contract', '', '2018-12-25 14:38:22', 4),
	(145, 40400, 0, 200, 0, 56, 'pos_contract', '', '2018-12-25 14:38:22', 4),
	(146, 40600, 0, 200, 0, 56, 'pos_contract', '', '2018-12-25 14:38:22', 4),
	(147, 40800, 0, 200, 0, 56, 'pos_contract', '', '2018-12-25 14:38:59', 4),
	(148, 41000, 0, 200, 0, 56, 'pos_contract', '', '2018-12-25 14:38:59', 4),
	(149, 41200, 0, 200, 0, 56, 'pos_contract', '', '2018-12-25 14:38:59', 4),
	(150, 41400, 0, 200, 0, 56, 'pos_contract', '', '2018-12-25 14:38:59', 4),
	(151, 41600, 0, 200, 0, 56, 'pos_contract', '', '2018-12-25 14:38:59', 4),
	(152, 41800, 0, 200, 0, 56, 'pos_contract', '', '2018-12-25 14:38:59', 4),
	(153, 42000, 0, 200, 0, 56, 'pos_contract', '', '2018-12-25 14:38:59', 4),
	(154, 42200, 0, 200, 0, 56, 'pos_contract', '', '2018-12-25 14:38:59', 4),
	(155, 42400, 0, 200, 0, 56, 'pos_contract', '', '2018-12-25 14:38:59', 4),
	(156, -33700, 500, 0, 2, 56, 'pos_contract', '', '2018-12-25 14:42:30', 4),
	(157, 42400, 0, 0, 0, 56, 'pos_contract', '', '2018-12-25 15:54:37', 4),
	(158, -34400, 700, 0, 2, 56, 'pos_contract', '', '2018-12-25 17:00:28', 4),
	(159, 43100, 0, 700, 0, 56, 'pos_contract', '', '2018-12-25 17:19:16', 4),
	(160, 43600, 0, 500, 0, 56, 'pos_contract', '', '2018-12-25 17:19:16', 4),
	(161, -35600, 1200, 0, 2, 56, 'pos_contract', '', '2018-12-25 17:19:40', 4),
	(162, 44800, 0, 1200, 0, 56, 'pos_contract', '', '2018-12-25 17:19:57', 4),
	(163, -36800, 1200, 0, 2, 56, 'pos_contract', '', '2018-12-25 17:20:14', 4),
	(164, 46000, 0, 1200, 0, 56, 'pos_contract', '', '2018-12-25 17:23:02', 4),
	(165, -38000, 1200, 0, 2, 56, 'pos_contract', '', '2018-12-25 17:24:13', 4),
	(166, 47200, 0, 1200, 0, 56, 'pos_contract', '', '2018-12-25 17:26:03', 4),
	(167, -39200, 1200, 0, 2, 56, 'pos_contract', '', '2018-12-25 17:30:19', 4),
	(168, -39300, 100, 0, 2, 55, 'pos_contract', '', '2018-12-25 21:15:06', 4),
	(169, -39200, 0, 100, 2, 55, 'sal_contract', '', '2018-12-25 21:17:33', 4),
	(170, -39100, 0, 100, 2, 55, 'sal_contract', '', '2018-12-25 21:18:22', 4),
	(171, -39000, 0, 100, 2, 55, 'sal_contract', '', '2018-12-25 21:20:29', 4),
	(172, -38900, 0, 100, 2, 55, 'sal_contract', '', '2018-12-25 21:23:00', 4),
	(173, 47100, 100, 0, 0, 55, 'sal_contract', '', '2018-12-25 21:24:25', 4),
	(174, -38800, 0, 100, 2, 55, 'sal_contract', '', '2018-12-25 21:26:12', 4),
	(175, -38700, 0, 100, 2, 55, 'sal_contract', '', '2018-12-25 21:27:26', 4),
	(176, 47000, 100, 0, 0, 55, 'sal_contract', '', '2018-12-25 21:27:40', 4),
	(177, -38600, 0, 100, 2, 55, 'sal_contract', '', '2018-12-25 21:29:12', 4),
	(178, -38500, 0, 100, 2, 55, 'sal_contract', '', '2018-12-25 21:29:24', 4),
	(179, -38400, 0, 100, 2, 55, 'sal_contract', '', '2018-12-25 21:30:25', 4),
	(180, 46900, 100, 0, 0, 55, 'sal_contract', '', '2018-12-25 21:30:55', 4),
	(181, 46800, 100, 0, 0, 55, 'sal_contract', '', '2018-12-25 21:30:55', 4),
	(182, 46700, 100, 0, 0, 55, 'sal_contract', '', '2018-12-25 21:31:37', 4),
	(183, 46600, 100, 0, 0, 55, 'sal_contract', '', '2018-12-25 21:31:37', 4),
	(184, -37295, 0, 1105, 2, 55, 'sal_contract', '', '2018-12-26 09:29:51', 4),
	(185, 45495, 1105, 0, 0, 55, 'sal_contract', '', '2018-12-26 09:34:00', 4),
	(186, -36190, 0, 1105, 2, 55, 'sal_contract', '', '2018-12-26 09:34:32', 4),
	(187, 44390, 1105, 0, 0, 55, 'sal_contract', '', '2018-12-26 09:35:56', 4),
	(188, -35085, 0, 1105, 2, 55, 'sal_contract', '', '2018-12-26 09:36:16', 4),
	(189, 43285, 1105, 0, 0, 55, 'sal_contract', '', '2018-12-26 09:37:02', 4),
	(190, -33980, 0, 1105, 2, 55, 'sal_contract', '', '2018-12-26 09:37:30', 4),
	(191, 42180, 1105, 0, 0, 55, 'sal_contract', '', '2018-12-26 09:39:30', 4),
	(192, -32875, 0, 1105, 2, 55, 'sal_contract', '', '2018-12-26 09:39:49', 4),
	(193, 41075, 1105, 0, 0, 55, 'sal_contract', '', '2018-12-26 09:41:58', 4),
	(194, -31770, 0, 1105, 2, 55, 'sal_contract', '', '2018-12-26 09:42:18', 4),
	(195, 39970, 1105, 0, 0, 55, 'sal_contract', '', '2018-12-26 09:42:56', 4),
	(196, -30665, 0, 1105, 2, 55, 'sal_contract', '', '2018-12-26 09:43:52', 4),
	(197, 39970, 0, 0, 0, 0, 'fin_income_record', '', '2018-12-26 10:50:02', 4),
	(198, 39970, 0, 0, 0, 2, 'fin_income_record', '', '2018-12-26 10:52:34', 4),
	(199, -30565, 0, 100, 2, 3, 'fin_income_record', '', '2018-12-26 10:53:20', 4),
	(200, -30665, 100, 0, 2, 3, 'fin_income_record', '', '2018-12-26 11:20:17', 4),
	(201, -20665, 0, 10000, 2, 4, 'fin_income_record', '', '2018-12-26 11:38:21', 4),
	(202, -21265, 600, 0, 2, 9, 'fin_expenses_record', '', '2018-12-26 11:46:13', 4),
	(203, 39970, 0, 0, 0, 10, 'fin_expenses_record', '', '2018-12-26 14:47:18', 4),
	(204, -20265, 0, 1000, 2, 11, 'fin_capital_record', '', '2018-12-26 14:49:29', 4),
	(205, -20365, 100, 0, 2, 12, 'fin_capital_record', '', '2018-12-26 14:52:20', 4),
	(206, -20265, 0, 100, 2, 12, 'fin_capital_record', '', '2018-12-26 14:59:06', 4),
	(207, -10265, 0, 10000, 2, 13, 'fin_capital_record', '', '2018-12-28 14:59:24', 4),
	(208, -11265, 1000, 0, 2, 57, 'pos_contract', '', '2018-12-28 15:11:11', 4),
	(209, -16265, 5000, 0, 2, 60, 'pos_contract', '', '2018-12-28 15:15:39', 4),
	(210, 44970, 0, 5000, 0, 60, 'pos_contract', '', '2018-12-28 15:21:12', 4),
	(211, 3735, 0, 20000, 2, 58, 'sal_contract', '', '2018-12-28 15:37:08', 4),
	(212, 24970, 20000, 0, 0, 58, 'sal_contract', '', '2018-12-28 15:38:21', 4),
	(213, 23865, 1105, 0, 0, 55, 'sal_contract', '', '2018-12-28 15:38:25', 4),
	(214, 4840, 0, 1105, 2, 55, 'sal_contract', '', '2018-12-28 15:40:03', 4),
	(215, 9840, 0, 5000, 2, 58, 'sal_contract', '', '2018-12-28 15:44:26', 4),
	(216, 75240, 0, 65400, 2, 5, 'fin_income_record', '', '2018-12-28 15:52:45', 4),
	(217, 23865, 0, 0, 0, 10, 'fin_expenses_record', '', '2018-12-28 15:55:36', 4),
	(218, 8965, 14900, 0, 0, 58, 'sal_contract', '', '2018-12-28 17:33:16', 4),
	(219, 90140, 0, 14900, 2, 58, 'sal_contract', '', '2018-12-28 17:33:32', 4),
	(220, -5935, 14900, 0, 0, 58, 'sal_contract', '', '2018-12-28 17:48:25', 4),
	(221, 105040, 0, 14900, 2, 58, 'sal_contract', '', '2018-12-28 17:48:52', 4),
	(222, 95040, 10000, 0, 2, 60, 'pos_contract', '', '2018-12-28 18:06:23', 4),
	(223, 4065, 0, 10000, 0, 60, 'pos_contract', '', '2018-12-28 18:09:23', 4);
/*!40000 ALTER TABLE `fin_flow_record` ENABLE KEYS */;

-- 导出  表 07fly_erp.fin_income_record 结构
CREATE TABLE IF NOT EXISTS `fin_income_record` (
  `record_id` int(16) unsigned NOT NULL AUTO_INCREMENT,
  `type_id` int(16) NOT NULL COMMENT '费用类别',
  `bank_id` int(16) NOT NULL,
  `money` decimal(10,2) NOT NULL,
  `intro` text NOT NULL,
  `happen_date` date NOT NULL COMMENT '产生日期',
  `create_user_id` int(16) NOT NULL,
  `create_time` datetime NOT NULL,
  PRIMARY KEY (`record_id`)
) ENGINE=MyISAM AUTO_INCREMENT=6 DEFAULT CHARSET=utf8 COMMENT='其它收入记录';

-- 正在导出表  07fly_erp.fin_income_record 的数据：4 rows
DELETE FROM `fin_income_record`;
/*!40000 ALTER TABLE `fin_income_record` DISABLE KEYS */;
INSERT INTO `fin_income_record` (`record_id`, `type_id`, `bank_id`, `money`, `intro`, `happen_date`, `create_user_id`, `create_time`) VALUES
	(1, 19, 2, 100.00, '这个什么费用 呢', '2018-12-25', 4, '2018-12-26 10:50:02'),
	(2, 19, 2, 100.00, '这个什么费用 呢', '2018-12-25', 4, '2018-12-26 10:52:34'),
	(4, 21, 2, 10000.00, '这是投资人加放进来的', '2018-12-31', 4, '2018-12-26 11:38:21'),
	(5, 19, 2, 65400.00, 'fsgsfgsfg', '2018-12-25', 4, '2018-12-28 15:52:45');
/*!40000 ALTER TABLE `fin_income_record` ENABLE KEYS */;

-- 导出  表 07fly_erp.fin_income_type 结构
CREATE TABLE IF NOT EXISTS `fin_income_type` (
  `id` int(16) unsigned NOT NULL AUTO_INCREMENT,
  `name` varchar(32) CHARACTER SET utf8 NOT NULL,
  `parentID` int(11) NOT NULL,
  `sort` int(11) NOT NULL,
  `visible` tinyint(2) NOT NULL DEFAULT '1',
  `intro` varchar(1024) CHARACTER SET utf8 DEFAULT NULL,
  PRIMARY KEY (`id`)
) ENGINE=MyISAM AUTO_INCREMENT=22 DEFAULT CHARSET=armscii8 COMMENT='其它收入类型';

-- 正在导出表  07fly_erp.fin_income_type 的数据：4 rows
DELETE FROM `fin_income_type`;
/*!40000 ALTER TABLE `fin_income_type` DISABLE KEYS */;
INSERT INTO `fin_income_type` (`id`, `name`, `parentID`, `sort`, `visible`, `intro`) VALUES
	(16, '营业外收入5', 0, 3, 1, '这是其它之外的收入'),
	(18, '办公司开支', 0, 2, 1, ''),
	(19, '销售收入', 18, 3, 1, '还可以吧'),
	(21, '其它分类收入', 0, 1, 1, '杂七杂入');
/*!40000 ALTER TABLE `fin_income_type` ENABLE KEYS */;

-- 导出  表 07fly_erp.fin_invoice_pay 结构
CREATE TABLE IF NOT EXISTS `fin_invoice_pay` (
  `record_id` int(16) unsigned NOT NULL AUTO_INCREMENT,
  `contract_id` int(16) NOT NULL COMMENT '合同订单号',
  `contract_name` varchar(256) NOT NULL,
  `customer_id` int(16) NOT NULL COMMENT '客户号',
  `customer_name` varchar(256) NOT NULL,
  `money` int(16) NOT NULL,
  `pay_date` date NOT NULL COMMENT '开票时间',
  `stages` int(11) NOT NULL,
  `invoice_no` varchar(256) NOT NULL DEFAULT '0',
  `name` varchar(256) NOT NULL DEFAULT '0',
  `bus_type` varchar(256) NOT NULL DEFAULT '0' COMMENT '订单类型',
  `intro` text NOT NULL,
  `create_time` datetime NOT NULL,
  `create_user_id` int(11) NOT NULL,
  PRIMARY KEY (`record_id`)
) ENGINE=MyISAM AUTO_INCREMENT=30 DEFAULT CHARSET=utf8 COMMENT='开票记录、';

-- 正在导出表  07fly_erp.fin_invoice_pay 的数据：5 rows
DELETE FROM `fin_invoice_pay`;
/*!40000 ALTER TABLE `fin_invoice_pay` DISABLE KEYS */;
INSERT INTO `fin_invoice_pay` (`record_id`, `contract_id`, `contract_name`, `customer_id`, `customer_name`, `money`, `pay_date`, `stages`, `invoice_no`, `name`, `bus_type`, `intro`, `create_time`, `create_user_id`) VALUES
	(11, 16, '0', 1, '0', 100, '2017-05-22', 1, '212312313', '测试了吧-这是修改的内容', 'sal_order', '', '2017-05-22 22:01:49', 4),
	(12, 6, '0', 9, '0', 2600, '2017-05-22', 1, '', '100', 'sal_contract', '', '2017-05-22 22:13:17', 4),
	(13, 6, '0', 9, '0', 2600, '2017-05-22', 1, '', '100', 'sal_contract', '', '2017-05-22 22:13:25', 4),
	(14, 6, '0', 9, '0', 2600, '2017-05-22', 1, '', '100', 'sal_contract', '', '2017-05-22 22:15:01', 4),
	(22, 8, '0', 11, '0', 4770, '2017-11-01', 1, '', '合同', 'sal_contract', '4500合同金额，补了270的发票', '2017-11-15 15:04:44', 4);
/*!40000 ALTER TABLE `fin_invoice_pay` ENABLE KEYS */;

-- 导出  表 07fly_erp.fin_invoice_rece 结构
CREATE TABLE IF NOT EXISTS `fin_invoice_rece` (
  `record_id` int(16) unsigned NOT NULL AUTO_INCREMENT,
  `contract_id` int(16) NOT NULL COMMENT '关联采购号',
  `supplier_id` int(16) NOT NULL COMMENT '供应商号',
  `contract_name` varchar(256) NOT NULL,
  `supplier_name` varchar(256) NOT NULL,
  `money` int(16) NOT NULL,
  `rece_date` date NOT NULL COMMENT '收票时间',
  `stages` int(11) NOT NULL,
  `name` varchar(256) NOT NULL COMMENT '发票内容',
  `invoice_no` varchar(256) NOT NULL DEFAULT '0' COMMENT '发票编号',
  `intro` text NOT NULL,
  `create_time` datetime NOT NULL,
  `create_user_id` int(11) NOT NULL,
  PRIMARY KEY (`record_id`)
) ENGINE=MyISAM AUTO_INCREMENT=21 DEFAULT CHARSET=utf8 COMMENT='收票记录';

-- 正在导出表  07fly_erp.fin_invoice_rece 的数据：0 rows
DELETE FROM `fin_invoice_rece`;
/*!40000 ALTER TABLE `fin_invoice_rece` DISABLE KEYS */;
/*!40000 ALTER TABLE `fin_invoice_rece` ENABLE KEYS */;

-- 导出  表 07fly_erp.fin_pay_plan 结构
CREATE TABLE IF NOT EXISTS `fin_pay_plan` (
  `plan_id` int(16) unsigned NOT NULL AUTO_INCREMENT,
  `contract_id` int(16) NOT NULL COMMENT '采购订单号',
  `contract_name` int(16) NOT NULL COMMENT '采购合同名称',
  `supplier_id` int(16) NOT NULL COMMENT '供应商号',
  `supplier_name` varchar(256) NOT NULL COMMENT '供应商名称',
  `bank_id` int(16) NOT NULL COMMENT '关联银行帐号',
  `money` int(16) NOT NULL COMMENT '金额',
  `plan_date` date NOT NULL COMMENT '计划付款时间',
  `stages` int(11) NOT NULL COMMENT '其次',
  `ifpay` varchar(50) NOT NULL DEFAULT '-1',
  `intro` text NOT NULL,
  `create_user_id` int(16) NOT NULL,
  `create_time` datetime NOT NULL,
  PRIMARY KEY (`plan_id`)
) ENGINE=MyISAM AUTO_INCREMENT=7 DEFAULT CHARSET=utf8 COMMENT='付款计划表';

-- 正在导出表  07fly_erp.fin_pay_plan 的数据：0 rows
DELETE FROM `fin_pay_plan`;
/*!40000 ALTER TABLE `fin_pay_plan` DISABLE KEYS */;
/*!40000 ALTER TABLE `fin_pay_plan` ENABLE KEYS */;

-- 导出  表 07fly_erp.fin_pay_record 结构
CREATE TABLE IF NOT EXISTS `fin_pay_record` (
  `record_id` int(16) unsigned NOT NULL AUTO_INCREMENT,
  `plan_id` int(16) unsigned NOT NULL DEFAULT '0' COMMENT '关联付款记划',
  `contract_id` int(16) NOT NULL COMMENT '采购订单号',
  `contract_name` varchar(256) NOT NULL,
  `supplier_id` int(16) NOT NULL COMMENT '供应商号',
  `supplier_name` varchar(256) NOT NULL,
  `bank_id` int(16) NOT NULL COMMENT '关联帐号',
  `pay_date` date NOT NULL,
  `money` decimal(10,2) NOT NULL,
  `zero_money` decimal(10,2) NOT NULL,
  `stages` int(11) NOT NULL,
  `intro` text NOT NULL,
  `create_time` datetime NOT NULL,
  `create_user_id` int(11) NOT NULL,
  PRIMARY KEY (`record_id`)
) ENGINE=MyISAM AUTO_INCREMENT=45 DEFAULT CHARSET=utf8 COMMENT='付款记录';

-- 正在导出表  07fly_erp.fin_pay_record 的数据：2 rows
DELETE FROM `fin_pay_record`;
/*!40000 ALTER TABLE `fin_pay_record` DISABLE KEYS */;
INSERT INTO `fin_pay_record` (`record_id`, `plan_id`, `contract_id`, `contract_name`, `supplier_id`, `supplier_name`, `bank_id`, `pay_date`, `money`, `zero_money`, `stages`, `intro`, `create_time`, `create_user_id`) VALUES
	(41, 0, 56, '霓虹灯软条字2222', 13, '', 0, '0000-00-00', 1200.00, 0.00, 1, '', '2018-12-25 17:30:19', 4),
	(42, 0, 57, '联想电脑', 13, '', 0, '2018-12-31', 1000.00, 0.00, 1, '', '2018-12-28 15:11:11', 4);
/*!40000 ALTER TABLE `fin_pay_record` ENABLE KEYS */;

-- 导出  表 07fly_erp.fin_rece_plan 结构
CREATE TABLE IF NOT EXISTS `fin_rece_plan` (
  `plan_id` int(16) unsigned NOT NULL AUTO_INCREMENT,
  `contract_id` int(16) NOT NULL COMMENT '合同订单号',
  `contract_name` varchar(256) NOT NULL COMMENT '合同名称',
  `customer_id` int(16) NOT NULL COMMENT '客户号',
  `customer_name` varchar(256) NOT NULL COMMENT '客户名称',
  `bank_id` int(16) NOT NULL COMMENT '关联帐号',
  `money` int(16) NOT NULL,
  `plan_date` date NOT NULL COMMENT '计划回款时间',
  `stages` int(11) NOT NULL,
  `create_user_id` int(11) NOT NULL,
  `ifpay` varchar(50) NOT NULL DEFAULT '-1' COMMENT 'NO=未付 YES=已经付',
  `intro` text NOT NULL,
  `create_time` datetime NOT NULL,
  PRIMARY KEY (`plan_id`)
) ENGINE=MyISAM AUTO_INCREMENT=18 DEFAULT CHARSET=utf8 COMMENT='计划回款表';

-- 正在导出表  07fly_erp.fin_rece_plan 的数据：2 rows
DELETE FROM `fin_rece_plan`;
/*!40000 ALTER TABLE `fin_rece_plan` DISABLE KEYS */;
INSERT INTO `fin_rece_plan` (`plan_id`, `contract_id`, `contract_name`, `customer_id`, `customer_name`, `bank_id`, `money`, `plan_date`, `stages`, `create_user_id`, `ifpay`, `intro`, `create_time`) VALUES
	(17, 55, '测试订单', 1, '零起飞网络', 0, 1105, '2018-12-29', 1, 4, '1', '', '2018-12-28 15:38:54'),
	(15, 55, '测试订单', 1, '零起飞网络', 0, 1105, '2018-12-24', 1, 4, '1', '', '2018-12-26 09:43:27');
/*!40000 ALTER TABLE `fin_rece_plan` ENABLE KEYS */;

-- 导出  表 07fly_erp.fin_rece_record 结构
CREATE TABLE IF NOT EXISTS `fin_rece_record` (
  `record_id` int(16) unsigned NOT NULL AUTO_INCREMENT,
  `contract_id` int(16) NOT NULL COMMENT '合同订单号',
  `contract_name` varchar(256) NOT NULL,
  `plan_id` int(16) NOT NULL DEFAULT '0',
  `customer_id` int(16) NOT NULL COMMENT '客户号',
  `customer_name` varchar(256) NOT NULL,
  `bank_id` int(16) NOT NULL COMMENT '关联帐号',
  `money` decimal(10,2) NOT NULL COMMENT '金额',
  `zero_money` decimal(10,2) NOT NULL COMMENT '去零金额',
  `back_date` date NOT NULL COMMENT '计划回款时间',
  `stages` int(11) NOT NULL COMMENT '期次',
  `bus_type` varchar(128) NOT NULL DEFAULT '0' COMMENT '关联业务类型',
  `intro` text NOT NULL,
  `create_time` datetime NOT NULL,
  `create_user_id` int(11) NOT NULL,
  PRIMARY KEY (`record_id`)
) ENGINE=MyISAM AUTO_INCREMENT=98 DEFAULT CHARSET=utf8 COMMENT='回款记录';

-- 正在导出表  07fly_erp.fin_rece_record 的数据：48 rows
DELETE FROM `fin_rece_record`;
/*!40000 ALTER TABLE `fin_rece_record` DISABLE KEYS */;
INSERT INTO `fin_rece_record` (`record_id`, `contract_id`, `contract_name`, `plan_id`, `customer_id`, `customer_name`, `bank_id`, `money`, `zero_money`, `back_date`, `stages`, `bus_type`, `intro`, `create_time`, `create_user_id`) VALUES
	(28, 6, '', 0, 9, '', 1, 1300.00, 0.00, '2017-03-31', 1, '0', '收了50%预付款', '2017-04-11 14:43:59', 4),
	(29, 6, '', 0, 9, '', 1, 1300.00, 0.00, '2017-05-03', 2, '0', '已经结清尾款', '2017-05-03 17:43:32', 4),
	(30, 8, '', 0, 11, '', 1, 900.00, 0.00, '2017-04-24', 1, '0', '预付20%，首页确定后30%', '2017-05-03 20:58:29', 4),
	(31, 8, '', 0, 11, '', 1, 100.00, 0.00, '2017-05-03', 2, '0', '', '2017-05-03 21:57:45', 4),
	(32, 8, '', 0, 11, '', 1, 100.00, 0.00, '2017-05-22', 3, 'sal_contract', '', '2017-05-22 15:52:27', 4),
	(34, 9, '', 0, 12, '', 1, 800.00, 0.00, '2017-05-15', 1, 'sal_contract', '', '2017-06-19 09:36:32', 4),
	(35, 10, '', 0, 13, '', 1, 2300.00, 0.00, '2017-06-26', 1, 'sal_contract', '', '2017-06-26 21:18:26', 4),
	(36, 11, '', 0, 17, '', 1, 2300.00, 0.00, '2017-06-26', 1, 'sal_contract', '', '2017-06-26 21:18:48', 4),
	(37, 12, '', 0, 18, '', 1, 1000.00, 0.00, '2017-06-30', 1, 'sal_contract', '网站预付款', '2017-06-30 12:29:28', 4),
	(38, 12, '', 0, 18, '', 1, 600.00, 0.00, '2017-08-02', 2, 'sal_contract', '推广按月支付8月费用', '2017-08-14 18:13:14', 4),
	(39, 13, '', 0, 13151, '', 1, 2400.00, 0.00, '2017-08-26', 1, 'sal_contract', '预付30%', '2017-08-30 08:41:22', 4),
	(40, 12, '', 0, 18, '', 1, 600.00, 0.00, '2017-09-02', 3, 'sal_contract', '', '2017-09-03 11:15:12', 4),
	(41, 12, '', 0, 18, '', 1, 600.00, 0.00, '2017-10-09', 4, 'sal_contract', '推广费用10月，600元', '2017-10-16 09:40:55', 4),
	(42, 13, '', 0, 13151, '', 1, 3200.00, 0.00, '2017-09-29', 2, 'sal_contract', '网站第二款40%费用3200', '2017-10-16 09:41:53', 4),
	(43, 8, '', 0, 11, '', 1, 1150.00, 0.00, '2017-05-17', 2, 'sal_contract', '第2批款，1150', '2017-10-16 09:46:13', 4),
	(44, 15, '', 0, 295, '', 1, 1000.00, 0.00, '2017-10-26', 1, 'sal_contract', '', '2017-10-31 12:00:46', 4),
	(45, 8, '', 0, 11, '', 1, 2250.00, 0.00, '2017-11-01', 3, 'sal_contract', '尾款，补发票，270', '2017-11-02 15:59:38', 4),
	(46, 16, '', 0, 13155, '', 1, 1000.00, 0.00, '2017-11-06', 1, 'sal_contract', '预付款', '2017-11-14 17:18:31', 4),
	(47, 16, '', 0, 13155, '', 1, 1500.00, 0.00, '2017-11-26', 2, 'sal_contract', '尾款', '2017-12-07 16:43:21', 4),
	(48, 12, '', 0, 18, '', 1, 600.00, 0.00, '2017-11-04', 4, 'sal_contract', 'SEO续费', '2017-12-07 16:46:25', 4),
	(49, 19, '', 0, 967, '', 1, 900.00, 0.00, '2017-12-21', 1, 'sal_contract', '', '2017-12-21 11:53:16', 4),
	(50, 29, '', 0, 274, '', 1, 1500.00, 0.00, '2018-01-08', 1, 'sal_contract', '转帐', '2018-01-10 13:09:26', 4),
	(51, 21, '', 0, 289, '', 1, 2500.00, 0.00, '2018-01-09', 1, 'sal_contract', '支付宝收帐', '2018-01-10 13:09:57', 4),
	(52, 18, '', 0, 13156, '', 1, 1000.00, 0.00, '2018-01-12', 1, 'sal_contract', '', '2018-01-16 17:39:03', 4),
	(53, 30, '', 0, 289, '', 1, 800.00, 0.00, '2018-02-25', 1, 'sal_contract', '', '2018-02-28 11:58:06', 4),
	(54, 17, '', 0, 13156, '', 1, 1000.00, 0.00, '2018-01-19', 1, 'sal_contract', '', '2018-02-28 12:17:40', 4),
	(55, 13, '', 0, 13151, '', 1, 2000.00, 0.00, '2018-02-07', 3, 'sal_contract', '', '2018-02-28 12:20:51', 4),
	(56, 32, '', 0, 13156, '', 1, 1000.00, 0.00, '2018-03-05', 1000, 'sal_contract', '', '2018-03-07 14:38:50', 4),
	(57, 31, '', 0, 232, '', 1, 800.00, 0.00, '2018-03-05', 1, 'sal_contract', '', '2018-03-07 14:39:32', 4),
	(58, 34, '', 0, 9, '', 1, 600.00, 0.00, '2018-03-26', 1, 'sal_contract', '', '2018-03-26 13:17:08', 4),
	(59, 35, '', 0, 254, '', 1, 1000.00, 0.00, '2018-03-26', 1, 'sal_contract', '网站一年续费', '2018-03-26 16:59:24', 4),
	(60, 37, '', 0, 12, '', 1, 600.00, 0.00, '2018-04-24', 1, 'sal_contract', '', '2018-04-26 09:46:12', 4),
	(61, 36, '', 0, 11, '', 1, 3600.00, 0.00, '2018-04-18', 1, 'sal_contract', '三年续费', '2018-04-26 09:46:57', 4),
	(62, 38, '', 0, 289, '', 1, 800.00, 0.00, '2018-06-10', 1, 'sal_contract', '', '2018-06-24 20:46:08', 4),
	(63, 41, '', 0, 289, '', 1, 800.00, 0.00, '2018-07-17', 1, 'sal_contract', '18年续费', '2018-07-18 14:28:11', 4),
	(64, 39, '', 0, 17, '', 1, 1500.00, 0.00, '2018-06-25', 1, 'sal_contract', '必是信任科技 ', '2018-07-18 14:28:54', 4),
	(65, 40, '', 0, 13, '', 1, 1500.00, 0.00, '2018-06-25', 1, 'sal_contract', '', '2018-07-18 14:29:29', 4),
	(66, 42, '', 0, 254, '', 1, 1800.00, 0.00, '2018-08-01', 1, 'sal_contract', '还有700空间费用 ', '0000-00-00 00:00:00', 4),
	(67, 44, '', 0, 13160, '', 1, 5000.00, 0.00, '2018-05-15', 1, 'sal_contract', '', '0000-00-00 00:00:00', 4),
	(68, 46, '', 0, 13161, '', 1, 5000.00, 0.00, '2018-09-10', 1, 'sal_contract', '预付款', '2018-10-09 15:41:58', 4),
	(69, 49, '', 0, 13163, '', 1, 10000.00, 0.00, '2018-09-25', 1, 'sal_contract', '一期费用', '2018-10-09 15:42:51', 4),
	(70, 48, '', 0, 13162, '', 1, 2600.00, 0.00, '2018-09-02', 1, 'sal_contract', '定制费用 ', '2018-10-09 15:43:17', 4),
	(71, 47, '', 0, 13155, '', 1, 2000.00, 0.00, '2018-09-20', 1, 'sal_contract', '定金费用', '2018-10-09 15:44:10', 4),
	(72, 51, '', 0, 295, '', 1, 1200.00, 0.00, '2018-10-19', 1, 'sal_contract', '', '2018-10-19 17:48:18', 4),
	(73, 43, '', 0, 289, '', 1, 2500.00, 0.00, '2018-10-18', 1, 'sal_contract', '开了收据了的，下次有可能要发票', '2018-10-19 17:49:53', 4),
	(93, 55, '测试订单', 0, 1, '', 0, 1105.00, 0.00, '2018-12-27', 1, '0', '', '2018-12-28 15:40:03', 4),
	(94, 58, '发光字', 0, 1, '零起飞网络', 0, 5000.00, 100.00, '2018-12-24', 2, '0', '', '2018-12-28 15:44:26', 4),
	(97, 58, '发光字', 0, 1, '零起飞网络', 0, 14900.00, 0.00, '2018-12-28', 1, '0', '', '2018-12-28 17:48:52', 4);
/*!40000 ALTER TABLE `fin_rece_record` ENABLE KEYS */;

-- 导出  表 07fly_erp.fly_goods 结构
CREATE TABLE IF NOT EXISTS `fly_goods` (
  `goods_id` int(10) unsigned NOT NULL AUTO_INCREMENT COMMENT '商品id(SKU)',
  `goods_name` varchar(100) NOT NULL DEFAULT '' COMMENT '商品名称',
  `shop_id` int(10) unsigned NOT NULL DEFAULT '1' COMMENT '店铺id',
  `category_id` int(10) unsigned NOT NULL DEFAULT '0' COMMENT '商品分类id',
  `category_id_1` int(10) unsigned NOT NULL DEFAULT '0' COMMENT '一级分类id',
  `category_id_2` int(10) unsigned NOT NULL DEFAULT '0' COMMENT '二级分类id',
  `category_id_3` int(10) unsigned NOT NULL DEFAULT '0' COMMENT '三级分类id',
  `brand_id` int(10) unsigned NOT NULL DEFAULT '0' COMMENT '品牌id',
  `group_id_array` varchar(255) NOT NULL DEFAULT '' COMMENT '店铺分类id 首尾用,隔开',
  `promotion_type` tinyint(3) NOT NULL DEFAULT '0' COMMENT '促销类型 0无促销，1团购，2限时折扣',
  `goods_type` tinyint(4) NOT NULL DEFAULT '1' COMMENT '实物或虚拟商品标志 1实物商品 0 虚拟商品 2 F码商品',
  `market_price` decimal(10,2) NOT NULL DEFAULT '0.00' COMMENT '市场价',
  `sale_price` decimal(10,2) NOT NULL DEFAULT '0.00' COMMENT '销售价格',
  `cost_price` decimal(19,2) NOT NULL DEFAULT '0.00' COMMENT '成本价',
  `price` decimal(19,2) NOT NULL DEFAULT '0.00' COMMENT '商品原价格',
  `promotion_price` decimal(10,2) NOT NULL DEFAULT '0.00' COMMENT '商品促销价格',
  `give_point` int(11) NOT NULL DEFAULT '0' COMMENT '购买商品赠送积分',
  `is_member_discount` int(1) NOT NULL DEFAULT '0' COMMENT '参与会员折扣',
  `shipping_fee` decimal(10,2) NOT NULL DEFAULT '0.00' COMMENT '运费 0为免运费',
  `shipping_fee_id` int(11) NOT NULL DEFAULT '0' COMMENT '售卖区域id 物流模板id  ns_order_shipping_fee 表id',
  `stock` int(10) NOT NULL DEFAULT '0' COMMENT '商品库存',
  `max_buy` int(11) NOT NULL DEFAULT '0' COMMENT '限购 0 不限购',
  `clicks` int(10) unsigned NOT NULL DEFAULT '0' COMMENT '商品点击数量',
  `min_stock_alarm` int(11) NOT NULL DEFAULT '0' COMMENT '库存预警值',
  `sales` int(10) unsigned NOT NULL DEFAULT '0' COMMENT '销售数量',
  `collects` int(10) unsigned NOT NULL DEFAULT '0' COMMENT '收藏数量',
  `star` tinyint(3) unsigned NOT NULL DEFAULT '5' COMMENT '好评星级',
  `evaluates` int(10) unsigned NOT NULL DEFAULT '0' COMMENT '评价数',
  `shares` int(11) NOT NULL DEFAULT '0' COMMENT '分享数',
  `province_id` int(10) unsigned NOT NULL DEFAULT '0' COMMENT '一级地区id',
  `city_id` int(10) unsigned NOT NULL DEFAULT '0' COMMENT '二级地区id',
  `defaultpic` varchar(255) NOT NULL DEFAULT '0' COMMENT '商品主图',
  `keywords` varchar(255) NOT NULL DEFAULT '' COMMENT '商品关键词',
  `introduction` varchar(255) NOT NULL DEFAULT '' COMMENT '商品简介，促销语',
  `description` text NOT NULL COMMENT '商品详情',
  `content` text NOT NULL COMMENT '商品详细内容',
  `code` varchar(50) NOT NULL DEFAULT '' COMMENT '商家编号',
  `is_hot` int(1) NOT NULL DEFAULT '0' COMMENT '是否热销商品',
  `is_recommend` int(1) NOT NULL DEFAULT '0' COMMENT '是否推荐0=不推荐，1=推荐',
  `is_new` int(1) NOT NULL DEFAULT '0' COMMENT '是否新品',
  `is_bill` int(1) NOT NULL DEFAULT '0' COMMENT '是否开具增值税发票 1是，0否',
  `state` tinyint(3) NOT NULL DEFAULT '1' COMMENT '商品状态 0下架，1正常，10违规（禁售）',
  `sort` int(11) NOT NULL DEFAULT '0' COMMENT '排序',
  `img_id_array` varchar(1000) DEFAULT NULL COMMENT '商品图片序列',
  `sku_img_array` varchar(1000) DEFAULT NULL COMMENT '商品sku应用图片列表  属性,属性值，图片ID',
  `match_point` float(10,2) DEFAULT NULL COMMENT '实物与描述相符（根据评价计算）',
  `match_ratio` float(10,2) DEFAULT NULL COMMENT '实物与描述相符（根据评价计算）百分比',
  `real_sales` int(10) NOT NULL DEFAULT '0' COMMENT '实际销量',
  `goods_attribute_id` int(11) NOT NULL DEFAULT '0' COMMENT '商品类型',
  `goods_spec_format` text NOT NULL COMMENT '商品规格',
  `goods_weight` decimal(8,2) NOT NULL DEFAULT '0.00' COMMENT '商品重量',
  `goods_volume` decimal(8,2) NOT NULL DEFAULT '0.00' COMMENT '商品体积',
  `shipping_fee_type` int(11) NOT NULL DEFAULT '1' COMMENT '计价方式1.重量2.体积3.计件',
  `extend_category_id` varchar(255) DEFAULT NULL,
  `extend_category_id_1` varchar(255) DEFAULT NULL,
  `extend_category_id_2` varchar(255) DEFAULT NULL,
  `extend_category_id_3` varchar(255) DEFAULT NULL,
  `supplier_id` int(11) NOT NULL DEFAULT '0' COMMENT '供货商id',
  `sale_date` datetime NOT NULL COMMENT '上下架时间',
  `create_time` datetime NOT NULL COMMENT '商品添加时间',
  `update_time` datetime NOT NULL COMMENT '商品编辑时间',
  `min_buy` int(11) NOT NULL DEFAULT '0' COMMENT '最少买几件',
  `virtual_goods_type_id` int(11) DEFAULT '0' COMMENT '虚拟商品类型id',
  `production_date` int(11) NOT NULL DEFAULT '0' COMMENT '生产日期',
  `shelf_life` varchar(50) NOT NULL DEFAULT '' COMMENT '保质期',
  `goods_video_address` varchar(455) DEFAULT '' COMMENT '商品视频地址，不为空时前台显示视频',
  `pc_custom_template` varchar(255) NOT NULL DEFAULT '' COMMENT 'pc端商品自定义模板',
  `wap_custom_template` varchar(255) NOT NULL DEFAULT '' COMMENT 'wap端商品自定义模板',
  `max_use_point` int(11) NOT NULL DEFAULT '0' COMMENT '积分抵现最大可用积分数 0为不可使用',
  `is_open_presell` tinyint(4) NOT NULL DEFAULT '0' COMMENT '是否支持预售',
  `presell_time` int(11) NOT NULL DEFAULT '0' COMMENT '预售发货时间',
  `presell_day` int(11) NOT NULL DEFAULT '0' COMMENT '预售发货天数',
  `presell_delivery_type` int(11) NOT NULL DEFAULT '1' COMMENT '预售发货方式1. 按照预售发货时间 2.按照预售发货天数',
  `presell_price` decimal(10,2) NOT NULL DEFAULT '0.00' COMMENT '预售金额',
  `goods_unit` varchar(20) NOT NULL DEFAULT '' COMMENT '商品单位',
  PRIMARY KEY (`goods_id`),
  KEY `UK_fly_goods_brand_id` (`brand_id`),
  KEY `UK_fly_goods_category_id` (`category_id`),
  KEY `UK_fly_goods_category_id_1` (`category_id_1`),
  KEY `UK_fly_goods_category_id_2` (`category_id_2`),
  KEY `UK_fly_goods_category_id_3` (`category_id_3`),
  KEY `UK_fly_goods_extend_category_id` (`extend_category_id`),
  KEY `UK_fly_goods_extend_category_id_1` (`extend_category_id_1`),
  KEY `UK_fly_goods_extend_category_id_2` (`extend_category_id_2`),
  KEY `UK_fly_goods_extend_category_id_3` (`extend_category_id_3`),
  KEY `UK_fly_goods_goods_attribute_id` (`goods_attribute_id`),
  KEY `UK_fly_goods_group_id_array` (`group_id_array`),
  KEY `UK_fly_goods_promotion_price` (`promotion_price`)
) ENGINE=MyISAM AUTO_INCREMENT=71 DEFAULT CHARSET=utf8 AVG_ROW_LENGTH=16554 COMMENT='商品表';

-- 正在导出表  07fly_erp.fly_goods 的数据：33 rows
DELETE FROM `fly_goods`;
/*!40000 ALTER TABLE `fly_goods` DISABLE KEYS */;
INSERT INTO `fly_goods` (`goods_id`, `goods_name`, `shop_id`, `category_id`, `category_id_1`, `category_id_2`, `category_id_3`, `brand_id`, `group_id_array`, `promotion_type`, `goods_type`, `market_price`, `sale_price`, `cost_price`, `price`, `promotion_price`, `give_point`, `is_member_discount`, `shipping_fee`, `shipping_fee_id`, `stock`, `max_buy`, `clicks`, `min_stock_alarm`, `sales`, `collects`, `star`, `evaluates`, `shares`, `province_id`, `city_id`, `defaultpic`, `keywords`, `introduction`, `description`, `content`, `code`, `is_hot`, `is_recommend`, `is_new`, `is_bill`, `state`, `sort`, `img_id_array`, `sku_img_array`, `match_point`, `match_ratio`, `real_sales`, `goods_attribute_id`, `goods_spec_format`, `goods_weight`, `goods_volume`, `shipping_fee_type`, `extend_category_id`, `extend_category_id_1`, `extend_category_id_2`, `extend_category_id_3`, `supplier_id`, `sale_date`, `create_time`, `update_time`, `min_buy`, `virtual_goods_type_id`, `production_date`, `shelf_life`, `goods_video_address`, `pc_custom_template`, `wap_custom_template`, `max_use_point`, `is_open_presell`, `presell_time`, `presell_day`, `presell_delivery_type`, `presell_price`, `goods_unit`) VALUES
	(39, '1213213', 1, 5, 0, 0, 0, 0, '', 0, 1, 11.00, 11.00, 11.00, 0.00, 0.00, 0, 0, 0.00, 0, 0, 0, 0, 0, 0, 0, 5, 0, 0, 0, 0, '/upload/images/181115/20181115200902424.jpg', '123', '', '123', '<p>afadf<br/></p>', '', 0, 1, 0, 0, 0, 1, NULL, NULL, NULL, NULL, 0, 0, '', 0.00, 0.00, 1, NULL, NULL, NULL, NULL, 0, '0000-00-00 00:00:00', '0000-00-00 00:00:00', '0000-00-00 00:00:00', 0, 0, 0, '', '', '', '', 0, 0, 0, 0, 1, 0.00, ''),
	(40, '123123', 1, 0, 0, 0, 0, 0, '', 0, 1, 123.00, 121.00, 11.00, 0.00, 0.00, 0, 0, 0.00, 0, 0, 0, 0, 0, 0, 0, 5, 0, 0, 0, 0, '/upload/images/181115/20181115170329429.jpg', '123', '', '123', '<p>有工23323<br/></p>', '', 0, 1, 0, 0, 0, 2, NULL, NULL, NULL, NULL, 0, 0, '', 0.00, 0.00, 1, NULL, NULL, NULL, NULL, 0, '0000-00-00 00:00:00', '0000-00-00 00:00:00', '0000-00-00 00:00:00', 0, 0, 0, '', '', '', '', 0, 0, 0, 0, 1, 0.00, ''),
	(41, '123123', 1, 0, 0, 0, 0, 0, '', 0, 1, 123.00, 121.00, 11.00, 0.00, 0.00, 0, 0, 0.00, 0, 0, 0, 0, 0, 0, 0, 5, 0, 0, 0, 0, '/upload/images/181115/20181115170329429.jpg', '123', '', '123', '<p>有工23323<br/></p>', '', 0, 1, 0, 0, 0, 2, NULL, NULL, NULL, NULL, 0, 0, '', 0.00, 0.00, 1, NULL, NULL, NULL, NULL, 0, '0000-00-00 00:00:00', '0000-00-00 00:00:00', '0000-00-00 00:00:00', 0, 0, 0, '', '', '', '', 0, 0, 0, 0, 1, 0.00, ''),
	(42, '123123', 1, 0, 0, 0, 0, 0, '', 0, 1, 123.00, 121.00, 11.00, 0.00, 0.00, 0, 0, 0.00, 0, 0, 0, 0, 0, 0, 0, 5, 0, 0, 0, 0, '/upload/images/181115/20181115170329429.jpg', '123', '', '123', '<p>有工23323<br/></p>', '', 0, 1, 0, 0, 1, 5, NULL, NULL, NULL, NULL, 0, 0, '', 0.00, 0.00, 1, NULL, NULL, NULL, NULL, 0, '0000-00-00 00:00:00', '0000-00-00 00:00:00', '0000-00-00 00:00:00', 0, 0, 0, '', '', '', '', 0, 0, 0, 0, 1, 0.00, ''),
	(43, '123123', 1, 0, 0, 0, 0, 0, '', 0, 1, 123.00, 121.00, 11.00, 0.00, 0.00, 0, 0, 0.00, 0, 0, 0, 0, 0, 0, 0, 5, 0, 0, 0, 0, '/upload/images/181115/20181115170329429.jpg', '123', '', '123', '<p>有工23323<br/></p>', '', 0, 1, 0, 0, 1, 2, NULL, NULL, NULL, NULL, 0, 0, '', 0.00, 0.00, 1, NULL, NULL, NULL, NULL, 0, '0000-00-00 00:00:00', '0000-00-00 00:00:00', '0000-00-00 00:00:00', 0, 0, 0, '', '', '', '', 0, 0, 0, 0, 1, 0.00, ''),
	(44, '123123', 1, 0, 0, 0, 0, 0, '', 0, 1, 123.00, 121.00, 11.00, 0.00, 0.00, 0, 0, 0.00, 0, 0, 0, 0, 0, 0, 0, 5, 0, 0, 0, 0, '/upload/images/181115/20181115170329429.jpg', '123', '', '123', '<p>有工23323<br/></p>', '', 0, 1, 0, 0, 1, 2, NULL, NULL, NULL, NULL, 0, 0, '', 0.00, 0.00, 1, NULL, NULL, NULL, NULL, 0, '0000-00-00 00:00:00', '0000-00-00 00:00:00', '0000-00-00 00:00:00', 0, 0, 0, '', '', '', '', 0, 0, 0, 0, 1, 0.00, ''),
	(45, '123123', 1, 0, 0, 0, 0, 0, '', 0, 1, 123.00, 121.00, 11.00, 0.00, 0.00, 0, 0, 0.00, 0, 0, 0, 0, 0, 0, 0, 5, 0, 0, 0, 0, '/upload/images/181115/20181115170329429.jpg', '123', '', '123', '<p>有工23323<br/></p>', '', 0, 1, 0, 0, 1, 2, NULL, NULL, NULL, NULL, 0, 0, '', 0.00, 0.00, 1, NULL, NULL, NULL, NULL, 0, '0000-00-00 00:00:00', '0000-00-00 00:00:00', '0000-00-00 00:00:00', 0, 0, 0, '', '', '', '', 0, 0, 0, 0, 1, 0.00, ''),
	(46, '123123', 1, 0, 0, 0, 0, 0, '', 0, 1, 123.00, 121.00, 11.00, 0.00, 0.00, 0, 0, 0.00, 0, 0, 0, 0, 0, 0, 0, 5, 0, 0, 0, 0, '/upload/images/181115/20181115170329429.jpg', '123', '', '123', '<p>有工23323<br/></p>', '', 0, 1, 0, 0, 1, 2, NULL, NULL, NULL, NULL, 0, 0, '', 0.00, 0.00, 1, NULL, NULL, NULL, NULL, 0, '0000-00-00 00:00:00', '0000-00-00 00:00:00', '0000-00-00 00:00:00', 0, 0, 0, '', '', '', '', 0, 0, 0, 0, 1, 0.00, ''),
	(47, '123123', 1, 0, 0, 0, 0, 0, '', 0, 1, 123.00, 121.00, 11.00, 0.00, 0.00, 0, 0, 0.00, 0, 0, 0, 0, 0, 0, 0, 5, 0, 0, 0, 0, '/upload/images/181115/20181115170329429.jpg', '123', '', '123', '<p>有工23323<br/></p>', '', 0, 1, 0, 0, 1, 2, NULL, NULL, NULL, NULL, 0, 0, '', 0.00, 0.00, 1, NULL, NULL, NULL, NULL, 0, '0000-00-00 00:00:00', '0000-00-00 00:00:00', '0000-00-00 00:00:00', 0, 0, 0, '', '', '', '', 0, 0, 0, 0, 1, 0.00, ''),
	(48, '123123', 1, 0, 0, 0, 0, 0, '', 0, 1, 123.00, 121.00, 11.00, 0.00, 0.00, 0, 0, 0.00, 0, 0, 0, 0, 0, 0, 0, 5, 0, 0, 0, 0, '/upload/images/181115/20181115170329429.jpg', '123', '', '123', '<p>有工23323<br/></p>', '', 0, 1, 0, 0, 1, 2, NULL, NULL, NULL, NULL, 0, 0, '', 0.00, 0.00, 1, NULL, NULL, NULL, NULL, 0, '0000-00-00 00:00:00', '0000-00-00 00:00:00', '0000-00-00 00:00:00', 0, 0, 0, '', '', '', '', 0, 0, 0, 0, 1, 0.00, ''),
	(49, '123123', 1, 0, 0, 0, 0, 0, '', 0, 1, 123.00, 121.00, 11.00, 0.00, 0.00, 0, 0, 0.00, 0, 0, 0, 0, 0, 0, 0, 5, 0, 0, 0, 0, '/upload/images/181115/20181115170329429.jpg', '123', '', '123', '<p>有工23323<br/></p>', '', 0, 1, 0, 0, 1, 2, NULL, NULL, NULL, NULL, 0, 0, '', 0.00, 0.00, 1, NULL, NULL, NULL, NULL, 0, '0000-00-00 00:00:00', '0000-00-00 00:00:00', '0000-00-00 00:00:00', 0, 0, 0, '', '', '', '', 0, 0, 0, 0, 1, 0.00, ''),
	(50, '123123', 1, 0, 0, 0, 0, 0, '', 0, 1, 123.00, 121.00, 11.00, 0.00, 0.00, 0, 0, 0.00, 0, 0, 0, 0, 0, 0, 0, 5, 0, 0, 0, 0, '/upload/images/181115/20181115170329429.jpg', '123', '', '123', '<p>有工23323<br/></p>', '', 0, 1, 0, 0, 1, 2, NULL, NULL, NULL, NULL, 0, 0, '', 0.00, 0.00, 1, NULL, NULL, NULL, NULL, 0, '0000-00-00 00:00:00', '0000-00-00 00:00:00', '0000-00-00 00:00:00', 0, 0, 0, '', '', '', '', 0, 0, 0, 0, 1, 0.00, ''),
	(51, '123123', 1, 0, 0, 0, 0, 0, '', 0, 1, 123.00, 121.00, 11.00, 0.00, 0.00, 0, 0, 0.00, 0, 0, 0, 0, 0, 0, 0, 5, 0, 0, 0, 0, '/upload/images/181115/20181115170329429.jpg', '123', '', '123', '<p>有工23323<br/></p>', '', 0, 1, 0, 0, 0, 2, NULL, NULL, NULL, NULL, 0, 0, '', 0.00, 0.00, 1, NULL, NULL, NULL, NULL, 0, '0000-00-00 00:00:00', '0000-00-00 00:00:00', '0000-00-00 00:00:00', 0, 0, 0, '', '', '', '', 0, 0, 0, 0, 1, 0.00, ''),
	(38, '123123', 1, 0, 0, 0, 0, 0, '', 0, 1, 123.00, 121.00, 11.00, 0.00, 0.00, 0, 0, 0.00, 0, 0, 0, 0, 0, 0, 0, 5, 0, 0, 0, 0, '/upload/images/181115/20181115170329429.jpg', '123', '', '123', '<p>有工23323<br/></p>', '', 0, 1, 0, 0, 0, 2, NULL, NULL, NULL, NULL, 0, 0, '', 0.00, 0.00, 1, NULL, NULL, NULL, NULL, 0, '0000-00-00 00:00:00', '0000-00-00 00:00:00', '0000-00-00 00:00:00', 0, 0, 0, '', '', '', '', 0, 0, 0, 0, 1, 0.00, ''),
	(52, '测试产品', 1, 2, 0, 0, 0, 0, '', 0, 1, 0.00, 0.00, 0.00, 0.00, 0.00, 0, 0, 0.00, 0, 0, 0, 0, 0, 0, 0, 5, 0, 0, 0, 0, '/upload/images/181117/20181117211132635.jpg', '网站建设,企业网站建设', '', '这个东西还是不错的哟', '<p>这个商品还是不错的哟<br/></p>', '', 0, 0, 0, 0, 1, 12, NULL, NULL, NULL, NULL, 0, 0, '', 0.00, 0.00, 1, NULL, NULL, NULL, NULL, 0, '0000-00-00 00:00:00', '0000-00-00 00:00:00', '0000-00-00 00:00:00', 0, 0, 0, '', '', '', '', 0, 0, 0, 0, 1, 0.00, ''),
	(53, '测试产品', 1, 2, 0, 0, 0, 0, '', 0, 1, 0.00, 0.00, 0.00, 0.00, 0.00, 0, 0, 0.00, 0, 0, 0, 0, 0, 0, 0, 5, 0, 0, 0, 0, '/upload/images/181117/20181117211132635.jpg', '网站建设,企业网站建设', '', '这个东西还是不错的哟', '<p>这个商品还是不错的哟<br/></p>', '', 0, 0, 0, 0, 1, 12, NULL, NULL, NULL, NULL, 0, 0, '', 0.00, 0.00, 1, NULL, NULL, NULL, NULL, 0, '0000-00-00 00:00:00', '0000-00-00 00:00:00', '0000-00-00 00:00:00', 0, 0, 0, '', '', '', '', 0, 0, 0, 0, 1, 0.00, ''),
	(54, '测试产品', 1, 2, 0, 0, 0, 0, '', 0, 1, 0.00, 0.00, 0.00, 0.00, 0.00, 0, 0, 0.00, 0, 0, 0, 0, 0, 0, 0, 5, 0, 0, 0, 0, '/upload/images/181117/20181117211132635.jpg', '网站建设,企业网站建设', '', '这个东西还是不错的哟', '<p>这个商品还是不错的哟<br/></p>', '', 0, 0, 0, 0, 1, 12, NULL, NULL, NULL, NULL, 0, 0, '', 0.00, 0.00, 1, NULL, NULL, NULL, NULL, 0, '0000-00-00 00:00:00', '0000-00-00 00:00:00', '0000-00-00 00:00:00', 0, 0, 0, '', '', '', '', 0, 0, 0, 0, 1, 0.00, ''),
	(55, '测试产品', 1, 2, 0, 0, 0, 0, '', 0, 1, 0.00, 0.00, 0.00, 0.00, 0.00, 0, 0, 0.00, 0, 0, 0, 0, 0, 0, 0, 5, 0, 0, 0, 0, '/upload/images/181117/20181117211132635.jpg', '网站建设,企业网站建设', '', '这个东西还是不错的哟', '<p>这个商品还是不错的哟<br/></p>', '', 0, 0, 0, 0, 1, 12, NULL, NULL, NULL, NULL, 0, 0, '', 0.00, 0.00, 1, NULL, NULL, NULL, NULL, 0, '0000-00-00 00:00:00', '0000-00-00 00:00:00', '0000-00-00 00:00:00', 0, 0, 0, '', '', '', '', 0, 0, 0, 0, 1, 0.00, ''),
	(56, '测试产品', 1, 2, 0, 0, 0, 0, '', 0, 1, 0.00, 0.00, 0.00, 0.00, 0.00, 0, 0, 0.00, 0, 0, 0, 0, 0, 0, 0, 5, 0, 0, 0, 0, '/upload/images/181117/20181117211132635.jpg', '网站建设,企业网站建设', '', '这个东西还是不错的哟', '<p>这个商品还是不错的哟<br/></p>', '', 0, 0, 0, 0, 1, 12, NULL, NULL, NULL, NULL, 0, 0, '', 0.00, 0.00, 1, NULL, NULL, NULL, NULL, 0, '0000-00-00 00:00:00', '0000-00-00 00:00:00', '0000-00-00 00:00:00', 0, 0, 0, '', '', '', '', 0, 0, 0, 0, 1, 0.00, ''),
	(57, '测试产品', 1, 2, 0, 0, 0, 0, '', 0, 1, 0.00, 0.00, 0.00, 0.00, 0.00, 0, 0, 0.00, 0, 0, 0, 0, 0, 0, 0, 5, 0, 0, 0, 0, '/upload/images/181117/20181117211132635.jpg', '网站建设,企业网站建设', '', '这个东西还是不错的哟', '<p>这个商品还是不错的哟<br/></p>', '', 0, 0, 0, 0, 1, 12, NULL, NULL, NULL, NULL, 0, 0, '', 0.00, 0.00, 1, NULL, NULL, NULL, NULL, 0, '0000-00-00 00:00:00', '0000-00-00 00:00:00', '0000-00-00 00:00:00', 0, 0, 0, '', '', '', '', 0, 0, 0, 0, 1, 0.00, ''),
	(58, '阿斯蒂芬', 1, 1, 0, 0, 0, 0, '', 0, 1, 111.00, 111.00, 111.00, 0.00, 0.00, 0, 0, 0.00, 0, 0, 0, 0, 0, 0, 0, 5, 0, 0, 0, 0, '/upload/images/181117/20181117211723880.jpg', '网站建设,企业网站建设', '', '苦上∑一盯睡衣', '<p>基<br/></p>', '', 0, 0, 0, 0, 1, 111, NULL, NULL, NULL, NULL, 0, 0, '', 0.00, 0.00, 1, NULL, NULL, NULL, NULL, 0, '0000-00-00 00:00:00', '0000-00-00 00:00:00', '0000-00-00 00:00:00', 0, 0, 0, '', '', '', '', 0, 0, 0, 0, 1, 0.00, ''),
	(59, '阿斯蒂芬', 1, 1, 0, 0, 0, 0, '', 0, 1, 111.00, 111.00, 111.00, 0.00, 0.00, 0, 0, 0.00, 0, 0, 0, 0, 0, 0, 0, 5, 0, 0, 0, 0, '/upload/images/181117/20181117211723880.jpg', '网站建设,企业网站建设', '', '苦上∑一盯睡衣', '<p>基<br/></p>', '', 0, 0, 0, 0, 1, 111, NULL, NULL, NULL, NULL, 0, 0, '', 0.00, 0.00, 1, NULL, NULL, NULL, NULL, 0, '0000-00-00 00:00:00', '0000-00-00 00:00:00', '0000-00-00 00:00:00', 0, 0, 0, '', '', '', '', 0, 0, 0, 0, 1, 0.00, ''),
	(60, '阿斯蒂芬', 1, 1, 0, 0, 0, 0, '', 0, 1, 111.00, 111.00, 111.00, 0.00, 0.00, 0, 0, 0.00, 0, 0, 0, 0, 0, 0, 0, 5, 0, 0, 0, 0, '/upload/images/181117/20181117211723880.jpg', '网站建设,企业网站建设', '', '苦上∑一盯睡衣', '<p>基<br/></p>', '', 0, 0, 0, 0, 1, 111, NULL, NULL, NULL, NULL, 0, 0, '', 0.00, 0.00, 1, NULL, NULL, NULL, NULL, 0, '0000-00-00 00:00:00', '0000-00-00 00:00:00', '0000-00-00 00:00:00', 0, 0, 0, '', '', '', '', 0, 0, 0, 0, 1, 0.00, ''),
	(61, '阿斯蒂芬', 1, 1, 0, 0, 0, 0, '', 0, 1, 111.00, 111.00, 111.00, 0.00, 0.00, 0, 0, 0.00, 0, 0, 0, 0, 0, 0, 0, 5, 0, 0, 0, 0, '/upload/images/181117/20181117211723880.jpg', '网站建设,企业网站建设', '', '苦上∑一盯睡衣', '<p>基<br/></p>', '', 0, 0, 0, 0, 0, 111, NULL, NULL, NULL, NULL, 0, 0, '', 0.00, 0.00, 1, NULL, NULL, NULL, NULL, 0, '0000-00-00 00:00:00', '0000-00-00 00:00:00', '0000-00-00 00:00:00', 0, 0, 0, '', '', '', '', 0, 0, 0, 0, 1, 0.00, ''),
	(62, '阿斯蒂芬', 1, 1, 0, 0, 0, 0, '', 0, 1, 111.00, 111.00, 111.00, 0.00, 0.00, 0, 0, 0.00, 0, 0, 0, 0, 0, 0, 0, 5, 0, 0, 0, 0, '/upload/images/181117/20181117211723880.jpg', '网站建设,企业网站建设', '', '苦上∑一盯睡衣', '<p>基<br/></p>', '', 0, 0, 0, 0, 0, 111, NULL, NULL, NULL, NULL, 0, 0, '', 0.00, 0.00, 1, NULL, NULL, NULL, NULL, 0, '0000-00-00 00:00:00', '0000-00-00 00:00:00', '0000-00-00 00:00:00', 0, 0, 0, '', '', '', '', 0, 0, 0, 0, 1, 0.00, ''),
	(63, '阿斯蒂芬', 1, 1, 0, 0, 0, 0, '', 0, 1, 111.00, 111.00, 111.00, 0.00, 0.00, 0, 0, 0.00, 0, 0, 0, 0, 0, 0, 0, 5, 0, 0, 0, 0, '/upload/images/181117/20181117211723880.jpg', '网站建设,企业网站建设', '', '苦上∑一盯睡衣', '<p>基<br/></p>', '', 0, 0, 0, 0, 0, 111, NULL, NULL, NULL, NULL, 0, 0, '', 0.00, 0.00, 1, NULL, NULL, NULL, NULL, 0, '0000-00-00 00:00:00', '0000-00-00 00:00:00', '0000-00-00 00:00:00', 0, 0, 0, '', '', '', '', 0, 0, 0, 0, 1, 0.00, ''),
	(64, '阿斯蒂芬', 1, 1, 0, 0, 0, 0, '', 0, 1, 111.00, 111.00, 111.00, 0.00, 0.00, 0, 0, 0.00, 0, 0, 0, 0, 0, 0, 0, 5, 0, 0, 0, 0, '/upload/images/181117/20181117211723880.jpg', '网站建设,企业网站建设', '', '苦上∑一盯睡衣', '<p>基<br/></p>', '', 0, 0, 0, 0, 0, 111, NULL, NULL, NULL, NULL, 0, 0, '', 0.00, 0.00, 1, NULL, NULL, NULL, NULL, 0, '0000-00-00 00:00:00', '0000-00-00 00:00:00', '0000-00-00 00:00:00', 0, 0, 0, '', '', '', '', 0, 0, 0, 0, 1, 0.00, ''),
	(65, '阿斯蒂芬', 1, 1, 0, 0, 0, 0, '', 0, 1, 111.00, 111.00, 111.00, 0.00, 0.00, 0, 0, 0.00, 0, 0, 0, 0, 0, 0, 0, 5, 0, 0, 0, 0, '/upload/images/181117/20181117211723880.jpg', '网站建设,企业网站建设', '', '苦上∑一盯睡衣', '<p>基<br/></p>', '', 0, 0, 0, 0, 0, 111, NULL, NULL, NULL, NULL, 0, 0, '', 0.00, 0.00, 1, NULL, NULL, NULL, NULL, 0, '0000-00-00 00:00:00', '0000-00-00 00:00:00', '0000-00-00 00:00:00', 0, 0, 0, '', '', '', '', 0, 0, 0, 0, 1, 0.00, ''),
	(66, '阿斯蒂芬', 1, 1, 0, 0, 0, 0, '', 0, 1, 111.00, 111.00, 111.00, 0.00, 0.00, 0, 0, 0.00, 0, 0, 0, 0, 0, 0, 0, 5, 0, 0, 0, 0, '/upload/images/181117/20181117211723880.jpg', '网站建设,企业网站建设', '', '苦上∑一盯睡衣', '<p>基<br/></p>', '', 0, 0, 0, 0, 0, 111, NULL, NULL, NULL, NULL, 0, 0, '', 0.00, 0.00, 1, NULL, NULL, NULL, NULL, 0, '0000-00-00 00:00:00', '0000-00-00 00:00:00', '0000-00-00 00:00:00', 0, 0, 0, '', '', '', '', 0, 0, 0, 0, 1, 0.00, ''),
	(67, '阿斯蒂芬', 1, 1, 0, 0, 0, 0, '', 0, 1, 111.00, 111.00, 111.00, 0.00, 0.00, 0, 0, 0.00, 0, 0, 0, 0, 0, 0, 0, 5, 0, 0, 0, 0, '/upload/images/181117/20181117211723880.jpg', '网站建设,企业网站建设', '', '苦上∑一盯睡衣', '<p>基<br/></p>', '', 0, 0, 0, 0, 0, 111, NULL, NULL, NULL, NULL, 0, 0, '', 0.00, 0.00, 1, NULL, NULL, NULL, NULL, 0, '0000-00-00 00:00:00', '0000-00-00 00:00:00', '0000-00-00 00:00:00', 0, 0, 0, '', '', '', '', 0, 0, 0, 0, 1, 0.00, ''),
	(68, '阿斯蒂芬', 1, 1, 0, 0, 0, 0, '', 0, 1, 111.00, 111.00, 111.00, 0.00, 0.00, 0, 0, 0.00, 0, 0, 0, 0, 0, 0, 0, 5, 0, 0, 0, 0, '/upload/images/181117/20181117211723880.jpg', '网站建设,企业网站建设', '', '苦上∑一盯睡衣', '<p>基<br/></p>', '', 0, 0, 0, 0, 0, 111, NULL, NULL, NULL, NULL, 0, 0, '', 0.00, 0.00, 1, NULL, NULL, NULL, NULL, 0, '0000-00-00 00:00:00', '0000-00-00 00:00:00', '0000-00-00 00:00:00', 0, 0, 0, '', '', '', '', 0, 0, 0, 0, 1, 0.00, ''),
	(69, '阿斯蒂芬', 1, 1, 0, 0, 0, 0, '', 0, 1, 111.00, 111.00, 111.00, 0.00, 0.00, 0, 0, 0.00, 0, 0, 0, 0, 0, 0, 0, 5, 0, 0, 0, 0, '/upload/images/181117/20181117211723880.jpg', '网站建设,企业网站建设', '', '苦上∑一盯睡衣', '<p>基<br/></p>', '', 0, 0, 0, 0, 0, 111, NULL, NULL, NULL, NULL, 0, 0, '', 0.00, 0.00, 1, NULL, NULL, NULL, NULL, 0, '0000-00-00 00:00:00', '0000-00-00 00:00:00', '0000-00-00 00:00:00', 0, 0, 0, '', '', '', '', 0, 0, 0, 0, 1, 0.00, ''),
	(70, '阿斯蒂芬', 1, 1, 0, 0, 0, 0, '', 0, 1, 111.00, 111.00, 111.00, 0.00, 0.00, 0, 0, 0.00, 0, 0, 0, 0, 0, 0, 0, 5, 0, 0, 0, 0, '/upload/images/181117/20181117211723880.jpg', '网站建设,企业网站建设', '', '苦上∑一盯睡衣', '<p>基<br/></p>', '', 0, 0, 0, 0, 1, 111, NULL, NULL, NULL, NULL, 0, 0, '', 0.00, 0.00, 1, NULL, NULL, NULL, NULL, 0, '0000-00-00 00:00:00', '0000-00-00 00:00:00', '2018-12-03 10:50:02', 0, 0, 0, '', '', '', '', 0, 0, 0, 0, 1, 0.00, '');
/*!40000 ALTER TABLE `fly_goods` ENABLE KEYS */;

-- 导出  表 07fly_erp.fly_goods_attr 结构
CREATE TABLE IF NOT EXISTS `fly_goods_attr` (
  `attr_id` int(10) unsigned NOT NULL AUTO_INCREMENT COMMENT '商品属性ID',
  `attr_name` varchar(255) NOT NULL DEFAULT '' COMMENT '属性名称',
  `visible` tinyint(1) NOT NULL DEFAULT '1' COMMENT '是否使用',
  `spec_id_array` varchar(255) NOT NULL DEFAULT '' COMMENT '关联规格',
  `sort` int(11) DEFAULT NULL,
  `create_time` int(11) DEFAULT '0' COMMENT '创建时间',
  `modify_time` int(11) DEFAULT '0' COMMENT '修改时间',
  `brand_id_array` varchar(255) NOT NULL DEFAULT '' COMMENT '关联品牌',
  PRIMARY KEY (`attr_id`)
) ENGINE=MyISAM AUTO_INCREMENT=28 DEFAULT CHARSET=utf8 AVG_ROW_LENGTH=16384 COMMENT='商品相关属性';

-- 正在导出表  07fly_erp.fly_goods_attr 的数据：3 rows
DELETE FROM `fly_goods_attr`;
/*!40000 ALTER TABLE `fly_goods_attr` DISABLE KEYS */;
INSERT INTO `fly_goods_attr` (`attr_id`, `attr_name`, `visible`, `spec_id_array`, `sort`, `create_time`, `modify_time`, `brand_id_array`) VALUES
	(1, '颜色', 1, '', 3, 1536331561, 1536333703, ''),
	(26, '款式', 1, '', 0, 0, 0, ''),
	(27, '原材料', 1, '', 0, 0, 0, '');
/*!40000 ALTER TABLE `fly_goods_attr` ENABLE KEYS */;

-- 导出  表 07fly_erp.fly_goods_attr_relation 结构
CREATE TABLE IF NOT EXISTS `fly_goods_attr_relation` (
  `attr_relation_id` int(10) unsigned NOT NULL AUTO_INCREMENT,
  `attr_id` int(10) unsigned NOT NULL COMMENT '属性编号',
  `attr_name` varchar(255) NOT NULL DEFAULT '' COMMENT '属性名称',
  `goods_id` int(11) NOT NULL COMMENT '商品ID',
  `shop_id` int(11) NOT NULL DEFAULT '0' COMMENT '店铺ID',
  `attr_value_id` int(11) NOT NULL COMMENT '属性值id',
  `attr_value_name` varchar(255) NOT NULL DEFAULT '' COMMENT '属性值的名称',
  `attr_value_data` varchar(255) NOT NULL DEFAULT '' COMMENT '属性值名称对应最终数据',
  `sort` int(11) NOT NULL DEFAULT '0' COMMENT '排序',
  `create_time` int(11) DEFAULT '0' COMMENT '创建时间',
  PRIMARY KEY (`attr_relation_id`),
  KEY `UK_fly_goods_attribute_attr_value_id` (`attr_value_id`)
) ENGINE=MyISAM AUTO_INCREMENT=13 DEFAULT CHARSET=utf8 AVG_ROW_LENGTH=315 COMMENT='商品和属性关联表\r\n';

-- 正在导出表  07fly_erp.fly_goods_attr_relation 的数据：4 rows
DELETE FROM `fly_goods_attr_relation`;
/*!40000 ALTER TABLE `fly_goods_attr_relation` DISABLE KEYS */;
INSERT INTO `fly_goods_attr_relation` (`attr_relation_id`, `attr_id`, `attr_name`, `goods_id`, `shop_id`, `attr_value_id`, `attr_value_name`, `attr_value_data`, `sort`, `create_time`) VALUES
	(9, 5, '', 24, 0, 1, '100', '红色', 0, 1537101643),
	(10, 6, '', 24, 0, 4, '101', '黑色', 0, 1537101643),
	(11, 7, '', 24, 0, 2, '102', '白色', 1, 1537101643),
	(12, 8, '', 24, 0, 3, '103', '大红色', 2, 1537101643);
/*!40000 ALTER TABLE `fly_goods_attr_relation` ENABLE KEYS */;

-- 导出  表 07fly_erp.fly_goods_attr_value 结构
CREATE TABLE IF NOT EXISTS `fly_goods_attr_value` (
  `attr_value_id` int(11) unsigned NOT NULL AUTO_INCREMENT COMMENT '属性值ID',
  `attr_id` int(11) NOT NULL COMMENT '属性ID',
  `attr_value_name` varchar(50) NOT NULL DEFAULT '' COMMENT '属性值名称',
  `attr_value_data` varchar(1000) NOT NULL DEFAULT '' COMMENT '属性对应相关数据',
  `type` int(11) NOT NULL DEFAULT '1' COMMENT '属性对应输入类型1.直接2.单选3.多选',
  `sort` int(11) NOT NULL DEFAULT '1999' COMMENT '排序号',
  `is_search` tinyint(1) NOT NULL DEFAULT '1' COMMENT '是否使用',
  PRIMARY KEY (`attr_value_id`)
) ENGINE=MyISAM AUTO_INCREMENT=15 DEFAULT CHARSET=utf8 AVG_ROW_LENGTH=4096 COMMENT='商品属性值';

-- 正在导出表  07fly_erp.fly_goods_attr_value 的数据：9 rows
DELETE FROM `fly_goods_attr_value`;
/*!40000 ALTER TABLE `fly_goods_attr_value` DISABLE KEYS */;
INSERT INTO `fly_goods_attr_value` (`attr_value_id`, `attr_id`, `attr_value_name`, `attr_value_data`, `type`, `sort`, `is_search`) VALUES
	(1, 1, '红色', '', 1, 0, 1),
	(2, 1, '白色', '', 1, 1, 1),
	(3, 1, '大红色', '', 1, 2, 1),
	(4, 1, '黑色', '', 1, 0, 1),
	(10, 27, '绵薄', '新疆\r\n内地\r\n沿海', 1, 0, 1),
	(11, 27, '化纤', '国内\r\n国外\r\n华中', 1, 1, 1),
	(12, 26, '时尚款', '', 1, 0, 1),
	(13, 26, '经典款', '', 1, 1, 1),
	(14, 26, '复古款', '', 1, 2, 1);
/*!40000 ALTER TABLE `fly_goods_attr_value` ENABLE KEYS */;

-- 导出  表 07fly_erp.fly_goods_brand 结构
CREATE TABLE IF NOT EXISTS `fly_goods_brand` (
  `brand_id` bigint(20) NOT NULL AUTO_INCREMENT COMMENT '索引ID',
  `shop_id` int(11) NOT NULL DEFAULT '0' COMMENT '店铺ID',
  `brand_name` varchar(100) NOT NULL COMMENT '品牌名称',
  `brand_initial` varchar(1) NOT NULL COMMENT '品牌首字母',
  `brand_pic` varchar(100) NOT NULL DEFAULT '' COMMENT '图片',
  `brand_recommend` tinyint(1) NOT NULL DEFAULT '0' COMMENT '推荐，0为否，1为是，默认为0',
  `sort` int(11) DEFAULT NULL,
  `brand_category_name` varchar(50) NOT NULL DEFAULT '' COMMENT '类别名称',
  `category_id_array` varchar(1000) NOT NULL DEFAULT '' COMMENT '所属分类id组',
  `brand_ads` varchar(255) NOT NULL DEFAULT '' COMMENT '品牌推荐广告',
  `category_name` varchar(50) NOT NULL DEFAULT '' COMMENT '品牌所属分类名称',
  `category_id_1` int(11) NOT NULL DEFAULT '0' COMMENT '一级分类ID',
  `category_id_2` int(11) NOT NULL DEFAULT '0' COMMENT '二级分类ID',
  `category_id_3` int(11) NOT NULL DEFAULT '0' COMMENT '三级分类ID',
  PRIMARY KEY (`brand_id`)
) ENGINE=MyISAM AUTO_INCREMENT=3 DEFAULT CHARSET=utf8 AVG_ROW_LENGTH=1024 COMMENT='品牌表';

-- 正在导出表  07fly_erp.fly_goods_brand 的数据：2 rows
DELETE FROM `fly_goods_brand`;
/*!40000 ALTER TABLE `fly_goods_brand` DISABLE KEYS */;
INSERT INTO `fly_goods_brand` (`brand_id`, `shop_id`, `brand_name`, `brand_initial`, `brand_pic`, `brand_recommend`, `sort`, `brand_category_name`, `category_id_array`, `brand_ads`, `category_name`, `category_id_1`, `category_id_2`, `category_id_3`) VALUES
	(1, 0, '足博仕', 'Z', '/upload/images/181115/20181115201046202.jpg', 1, 3, '', '', '', '', 0, 0, 0),
	(2, 0, '零起飞网络', 'L', '/upload/images/181117/20181117223043637.jpg', 0, 1, '', '', '', '', 0, 0, 0);
/*!40000 ALTER TABLE `fly_goods_brand` ENABLE KEYS */;

-- 导出  表 07fly_erp.fly_goods_category 结构
CREATE TABLE IF NOT EXISTS `fly_goods_category` (
  `category_id` int(11) NOT NULL AUTO_INCREMENT,
  `category_name` varchar(50) NOT NULL DEFAULT '',
  `short_name` varchar(50) NOT NULL DEFAULT '' COMMENT '商品分类简称 ',
  `parent_id` int(11) NOT NULL DEFAULT '0',
  `level` tinyint(4) NOT NULL DEFAULT '0',
  `visible` int(11) NOT NULL DEFAULT '1' COMMENT '是否显示  1 显示 0 不显示',
  `attr_id` int(11) NOT NULL DEFAULT '0' COMMENT '关联商品类型ID',
  `attr_name` varchar(255) NOT NULL DEFAULT '' COMMENT '关联类型名称',
  `keywords` varchar(255) NOT NULL DEFAULT '' COMMENT '分类关键字用于seo',
  `description` varchar(255) NOT NULL DEFAULT '' COMMENT '分类描述用于seo',
  `sort` int(11) DEFAULT NULL,
  `category_pic` varchar(255) NOT NULL DEFAULT '' COMMENT '商品分类图片',
  `pc_custom_template` varchar(255) NOT NULL DEFAULT '' COMMENT 'pc端商品分类自定义模板',
  `wap_custom_template` varchar(255) NOT NULL DEFAULT '' COMMENT 'wap端商品分类自定义模板',
  PRIMARY KEY (`category_id`)
) ENGINE=MyISAM AUTO_INCREMENT=9 DEFAULT CHARSET=utf8 AVG_ROW_LENGTH=244 COMMENT='商品分类表';

-- 正在导出表  07fly_erp.fly_goods_category 的数据：7 rows
DELETE FROM `fly_goods_category`;
/*!40000 ALTER TABLE `fly_goods_category` DISABLE KEYS */;
INSERT INTO `fly_goods_category` (`category_id`, `category_name`, `short_name`, `parent_id`, `level`, `visible`, `attr_id`, `attr_name`, `keywords`, `description`, `sort`, `category_pic`, `pc_custom_template`, `wap_custom_template`) VALUES
	(1, '49元促销区1', '49元促销区', 0, 1, 1, 0, '', '零起飞网站建设', '这是一个不错的栏目哟', 2, 'upload/goods_category/1536765526.jpg', '', ''),
	(2, '轻爽鞋专区', '轻爽鞋专区', 0, 1, 1, 0, '', '', '', 3, 'upload/goods_category/1536765621.jpg', '', ''),
	(3, '安全鞋系列', '安全鞋系列', 0, 1, 1, 0, '', '', '', 4, 'upload/goods_category/1536765650.jpg', '', ''),
	(4, '舒爽鞋专区', '舒爽鞋专区', 0, 1, 1, 0, '', '', '', 5, 'upload/goods_category/1536765712.jpg', '', ''),
	(5, '男款专区', '男款专区', 1, 1, 1, 0, '', '网站建设,企业网站建设', '', 0, '', '', ''),
	(6, '女款专区', '女款专区', 1, 1, 1, 0, '', '网站建设,企业网站建设', '', 1, '', '', ''),
	(8, '女款专区', '女款专区', 5, 1, 1, 0, '', '网站建设,企业网站建设', '', 1, '', '', '');
/*!40000 ALTER TABLE `fly_goods_category` ENABLE KEYS */;

-- 导出  表 07fly_erp.fly_goods_img 结构
CREATE TABLE IF NOT EXISTS `fly_goods_img` (
  `img_id` int(10) unsigned NOT NULL AUTO_INCREMENT COMMENT 'ID',
  `goods_id` int(11) NOT NULL COMMENT '商品ID',
  `img_path` varchar(256) NOT NULL DEFAULT '' COMMENT '图片路径',
  PRIMARY KEY (`img_id`)
) ENGINE=MyISAM AUTO_INCREMENT=86 DEFAULT CHARSET=utf8 AVG_ROW_LENGTH=16384 COMMENT='商品图片';

-- 正在导出表  07fly_erp.fly_goods_img 的数据：49 rows
DELETE FROM `fly_goods_img`;
/*!40000 ALTER TABLE `fly_goods_img` DISABLE KEYS */;
INSERT INTO `fly_goods_img` (`img_id`, `goods_id`, `img_path`) VALUES
	(28, 31, '/upload/images/181111/20181111113539236.jpg'),
	(29, 31, '/upload/images/181111/20181111113539869.jpg'),
	(30, 31, '/upload/images/181111/20181111113539197.png'),
	(31, 31, '/upload/images/181111/20181111113540228.jpg'),
	(32, 31, '/upload/images/181111/20181111113540894.jpg'),
	(33, 31, '/upload/images/181111/20181111113540845.jpg'),
	(34, 31, '/upload/images/181111/20181111113540355.jpg'),
	(35, 31, '/upload/images/181111/20181111113540144.jpg'),
	(36, 34, '/upload/images/181111/20181111114053291.jpg'),
	(37, 34, '/upload/images/181111/20181111114053243.jpg'),
	(38, 34, '/upload/images/181111/20181111114054476.jpg'),
	(39, 34, '/upload/images/181111/20181111114054536.png'),
	(40, 35, '/upload/images/181111/20181111114053291.jpg'),
	(41, 35, '/upload/images/181111/20181111114053243.jpg'),
	(42, 35, '/upload/images/181111/20181111114054476.jpg'),
	(43, 35, '/upload/images/181111/20181111114054536.png'),
	(44, 36, '/upload/images/181115/20181115092621879.jpg'),
	(45, 38, '/upload/images/181115/20181115170329429.jpg'),
	(46, 38, '/upload/images/181115/20181115170329902.jpg'),
	(47, 39, '/upload/images/181115/20181115200902424.jpg'),
	(48, 39, '/upload/images/181115/20181115200903125.jpg'),
	(49, 39, '/upload/images/181115/20181115200903715.jpg'),
	(50, 52, '/upload/images/181117/20181117211132635.jpg'),
	(51, 52, 'Array'),
	(52, 52, ''),
	(53, 52, 'Array'),
	(54, 52, 'Array'),
	(55, 52, 'Array'),
	(56, 52, 'Array'),
	(57, 53, '/upload/images/181117/20181117211132635.jpg'),
	(58, 54, '/upload/images/181117/20181117211132635.jpg'),
	(59, 55, '/upload/images/181117/20181117211132635.jpg'),
	(60, 58, '/upload/images/181117/20181117211723880.jpg'),
	(61, 59, '/upload/images/181117/20181117211723880.jpg'),
	(62, 60, '/upload/images/181117/20181117211723880.jpg'),
	(63, 61, '/upload/images/181117/20181117211723880.jpg'),
	(64, 62, '/upload/images/181117/20181117211723880.jpg'),
	(65, 63, '/upload/images/181117/20181117211723880.jpg'),
	(66, 64, '/upload/images/181117/20181117211723880.jpg'),
	(67, 65, '/upload/images/181117/20181117211723880.jpg'),
	(68, 66, '/upload/images/181117/20181117211723880.jpg'),
	(69, 67, '/upload/images/181117/20181117211723880.jpg'),
	(70, 68, '/upload/images/181117/20181117211723880.jpg'),
	(71, 69, '/upload/images/181117/20181117211723880.jpg'),
	(85, 70, '/upload/images/181203/20181203103351697.jpg'),
	(84, 70, '/upload/images/181203/20181203103351171.jpg'),
	(83, 70, '/upload/images/181203/20181203103351715.jpg'),
	(82, 70, '/upload/images/181203/20181203103350936.jpg'),
	(81, 70, '/upload/images/181117/20181117211723880.jpg');
/*!40000 ALTER TABLE `fly_goods_img` ENABLE KEYS */;

-- 导出  表 07fly_erp.fly_goods_sku 结构
CREATE TABLE IF NOT EXISTS `fly_goods_sku` (
  `sku_id` int(11) NOT NULL AUTO_INCREMENT COMMENT '表序号',
  `goods_id` int(11) NOT NULL DEFAULT '0' COMMENT '商品编号',
  `sku_name` varchar(500) NOT NULL DEFAULT '' COMMENT 'SKU名称',
  `sku_value_items` varchar(255) NOT NULL DEFAULT '' COMMENT '属性和属性值 id串 attribute + attribute value 表ID分号分隔',
  `sku_value_items_format` varchar(500) NOT NULL DEFAULT '' COMMENT '属性和属性值id串组合json格式',
  `market_price` decimal(10,2) NOT NULL DEFAULT '0.00' COMMENT '市场价',
  `sale_price` decimal(10,2) NOT NULL DEFAULT '0.00' COMMENT '销售价格',
  `price` decimal(10,2) NOT NULL DEFAULT '0.00' COMMENT '价格',
  `promote_price` decimal(10,2) NOT NULL DEFAULT '0.00' COMMENT '促销价格',
  `cost_price` decimal(19,2) NOT NULL DEFAULT '0.00' COMMENT '成本价',
  `stock` int(11) NOT NULL DEFAULT '0' COMMENT '库存',
  `picture` int(11) NOT NULL DEFAULT '0' COMMENT '如果是第一个sku编码, 可以加图片',
  `code` varchar(255) NOT NULL DEFAULT '' COMMENT '商家编码',
  `QRcode` varchar(255) NOT NULL DEFAULT '' COMMENT '商品二维码',
  `create_date` datetime DEFAULT NULL COMMENT '创建时间',
  `update_date` datetime DEFAULT NULL COMMENT '修改时间',
  PRIMARY KEY (`sku_id`)
) ENGINE=MyISAM AUTO_INCREMENT=87 DEFAULT CHARSET=utf8 AVG_ROW_LENGTH=481 COMMENT='商品skui规格价格库存信息表';

-- 正在导出表  07fly_erp.fly_goods_sku 的数据：40 rows
DELETE FROM `fly_goods_sku`;
/*!40000 ALTER TABLE `fly_goods_sku` DISABLE KEYS */;
INSERT INTO `fly_goods_sku` (`sku_id`, `goods_id`, `sku_name`, `sku_value_items`, `sku_value_items_format`, `market_price`, `sale_price`, `price`, `promote_price`, `cost_price`, `stock`, `picture`, `code`, `QRcode`, `create_date`, `update_date`) VALUES
	(25, 5, '', '', '', 0.00, 0.00, 198.00, 198.00, 0.00, 1111, 0, '', '', '0000-00-00 00:00:00', '0000-00-00 00:00:00'),
	(26, 6, '', '', '', 0.00, 0.00, 238.00, 238.00, 180.00, 100, 0, '', '', '0000-00-00 00:00:00', '0000-00-00 00:00:00'),
	(27, 7, '', '', '', 0.00, 0.00, 198.00, 198.00, 0.00, 1111, 0, '', '', '0000-00-00 00:00:00', '0000-00-00 00:00:00'),
	(28, 8, '', '', '', 0.00, 0.00, 188.00, 188.00, 100.00, 0, 0, '', '', '0000-00-00 00:00:00', '0000-00-00 00:00:00'),
	(29, 9, '', '', '', 0.00, 0.00, 120.00, 120.00, 0.00, 0, 0, '', '', '0000-00-00 00:00:00', '0000-00-00 00:00:00'),
	(30, 10, '', '', '', 0.00, 0.00, 180.00, 180.00, 0.00, 111, 0, '', '', '0000-00-00 00:00:00', '0000-00-00 00:00:00'),
	(31, 11, '', '', '', 0.00, 0.00, 280.00, 280.00, 0.00, 580, 0, '', '', '0000-00-00 00:00:00', '0000-00-00 00:00:00'),
	(32, 12, '', '', '', 0.00, 0.00, 200.00, 200.00, 0.00, 200, 0, '', '', '0000-00-00 00:00:00', '0000-00-00 00:00:00'),
	(33, 13, '', '', '', 0.00, 0.00, 248.00, 248.00, 0.00, 100, 0, '', '', '0000-00-00 00:00:00', '0000-00-00 00:00:00'),
	(34, 14, '', '', '', 0.00, 0.00, 238.00, 238.00, 0.00, 100, 0, '', '', '0000-00-00 00:00:00', '0000-00-00 00:00:00'),
	(35, 15, '', '', '', 0.00, 0.00, 228.00, 228.00, 0.00, 100, 0, '', '', '0000-00-00 00:00:00', '0000-00-00 00:00:00'),
	(36, 16, '', '', '', 0.00, 0.00, 49.00, 49.00, 0.00, 100, 0, '', '', '0000-00-00 00:00:00', '0000-00-00 00:00:00'),
	(37, 17, '', '', '', 0.00, 0.00, 249.00, 249.00, 0.00, 100, 0, '', '', '0000-00-00 00:00:00', '0000-00-00 00:00:00'),
	(38, 18, '', '', '', 0.00, 0.00, 249.00, 249.00, 0.00, 1000, 0, '', '', '0000-00-00 00:00:00', '0000-00-00 00:00:00'),
	(39, 19, '', '', '', 0.00, 0.00, 329.00, 329.00, 0.00, 100, 0, '', '', '0000-00-00 00:00:00', '0000-00-00 00:00:00'),
	(40, 20, '', '', '', 0.00, 0.00, 399.00, 399.00, 0.00, 100, 0, '', '', '0000-00-00 00:00:00', '0000-00-00 00:00:00'),
	(41, 21, '', '', '', 0.00, 0.00, 149.00, 149.00, 0.00, 100, 0, '', '', '0000-00-00 00:00:00', '0000-00-00 00:00:00'),
	(42, 22, '', '', '', 0.00, 0.00, 299.00, 299.00, 0.00, 100, 0, '', '', '0000-00-00 00:00:00', '0000-00-00 00:00:00'),
	(43, 23, '', '', '', 0.00, 0.00, 299.00, 299.00, 0.00, 1000, 0, '', '', '0000-00-00 00:00:00', '0000-00-00 00:00:00'),
	(45, 4, '', '', '', 0.00, 0.00, 188.00, 188.00, 100.00, 0, 0, '', '', '0000-00-00 00:00:00', '0000-00-00 00:00:00'),
	(47, 24, '红色 35 ', '1:5;2:12', '1:5;2:12', 120.00, 0.00, 100.00, 100.00, 80.00, 499, 0, 'a1', '', '0000-00-00 00:00:00', '0000-00-00 00:00:00'),
	(48, 24, '红色 36 ', '1:5;2:13', '1:5;2:13', 120.00, 0.00, 100.00, 100.00, 80.00, 500, 0, 'a2', '', '0000-00-00 00:00:00', '0000-00-00 00:00:00'),
	(49, 24, '白色 35 ', '1:6;2:12', '1:6;2:12', 120.00, 0.00, 100.00, 100.00, 80.00, 500, 0, 'a3', '', '0000-00-00 00:00:00', '0000-00-00 00:00:00'),
	(50, 24, '白色 36 ', '1:6;2:13', '1:6;2:13', 120.00, 0.00, 100.00, 100.00, 80.00, 500, 0, 'a4', '', '0000-00-00 00:00:00', '0000-00-00 00:00:00'),
	(51, 0, '尺码:35,颜色:白色', '2:12,3:20', '', 120.00, 100.00, 0.00, 0.00, 80.00, 500, 0, '', '', '0000-00-00 00:00:00', '0000-00-00 00:00:00'),
	(52, 0, '尺码:35,颜色:黑色', '2:12,3:21', '', 120.00, 100.00, 0.00, 0.00, 80.00, 500, 0, '', '', '0000-00-00 00:00:00', '0000-00-00 00:00:00'),
	(53, 0, '尺码:36,颜色:白色', '2:13,3:20', '', 120.00, 100.00, 0.00, 0.00, 80.00, 500, 0, '', '', '0000-00-00 00:00:00', '0000-00-00 00:00:00'),
	(54, 0, '尺码:36,颜色:黑色', '2:13,3:21', '', 120.00, 100.00, 0.00, 0.00, 80.00, 500, 0, '', '', '0000-00-00 00:00:00', '0000-00-00 00:00:00'),
	(55, 68, '尺码:35,颜色:白色', '2:12,3:20', '', 120.00, 100.00, 0.00, 0.00, 80.00, 500, 0, '', '', '0000-00-00 00:00:00', '0000-00-00 00:00:00'),
	(56, 68, '尺码:35,颜色:黑色', '2:12,3:21', '', 120.00, 100.00, 0.00, 0.00, 80.00, 500, 0, '', '', '0000-00-00 00:00:00', '0000-00-00 00:00:00'),
	(57, 68, '尺码:36,颜色:白色', '2:13,3:20', '', 120.00, 100.00, 0.00, 0.00, 80.00, 500, 0, '', '', '0000-00-00 00:00:00', '0000-00-00 00:00:00'),
	(58, 68, '尺码:36,颜色:黑色', '2:13,3:21', '', 120.00, 100.00, 0.00, 0.00, 80.00, 500, 0, '', '', '0000-00-00 00:00:00', '0000-00-00 00:00:00'),
	(59, 69, '尺码:35,颜色:白色', '2:12,3:20', '', 120.00, 100.00, 0.00, 0.00, 80.00, 500, 0, '', '', NULL, NULL),
	(60, 69, '尺码:35,颜色:黑色', '2:12,3:21', '', 120.00, 100.00, 0.00, 0.00, 80.00, 500, 0, '', '', NULL, NULL),
	(61, 69, '尺码:36,颜色:白色', '2:13,3:20', '', 120.00, 100.00, 0.00, 0.00, 80.00, 500, 0, '', '', NULL, NULL),
	(62, 69, '尺码:36,颜色:黑色', '2:13,3:21', '', 120.00, 100.00, 0.00, 0.00, 80.00, 500, 0, '', '', NULL, NULL),
	(84, 70, '尺码:36,颜色:黑色', '尺码:36,颜色:黑色', '', 120.00, 101.00, 0.00, 0.00, 80.00, 500, 0, '', '', '2018-12-03 10:50:02', '2018-12-03 10:50:02'),
	(85, 70, '尺码:36,颜色:白色', '尺码:36,颜色:白色', '', 120.00, 101.00, 0.00, 0.00, 80.00, 500, 0, '', '', '2018-12-03 10:50:02', '2018-12-03 10:50:02'),
	(86, 70, '尺码:35,颜色:黑色', '尺码:35,颜色:黑色', '', 120.00, 101.00, 0.00, 0.00, 80.00, 500, 0, '', '', '2018-12-03 10:50:02', '2018-12-03 10:50:02'),
	(83, 70, '尺码:35,颜色:白色', '尺码:35,颜色:白色', '', 120.00, 101.00, 0.00, 0.00, 80.00, 500, 0, '', '', '2018-12-03 10:50:02', '2018-12-03 10:50:02');
/*!40000 ALTER TABLE `fly_goods_sku` ENABLE KEYS */;

-- 导出  表 07fly_erp.fly_goods_spec 结构
CREATE TABLE IF NOT EXISTS `fly_goods_spec` (
  `spec_id` int(11) NOT NULL AUTO_INCREMENT COMMENT '属性ID',
  `shop_id` int(11) NOT NULL DEFAULT '0' COMMENT '店铺ID',
  `spec_name` varchar(255) NOT NULL DEFAULT '' COMMENT '属性名称',
  `visible` tinyint(1) NOT NULL DEFAULT '0' COMMENT '是否可视',
  `sort` int(11) NOT NULL DEFAULT '0' COMMENT '排序',
  `show_type` int(11) NOT NULL DEFAULT '1' COMMENT '展示方式 1 文字 2 颜色 3 图片',
  `create_time` datetime DEFAULT NULL COMMENT '创建日期',
  `is_screen` tinyint(1) NOT NULL DEFAULT '1' COMMENT '是否参与筛选 0 不参与 1 参与',
  `spec_des` varchar(255) NOT NULL DEFAULT '' COMMENT '属性说明',
  `goods_id` int(11) DEFAULT '0' COMMENT '商品关联id',
  PRIMARY KEY (`spec_id`),
  KEY `IDX_category_props_categoryId` (`shop_id`),
  KEY `IDX_category_props_orders` (`sort`)
) ENGINE=MyISAM AUTO_INCREMENT=4 DEFAULT CHARSET=utf8 AVG_ROW_LENGTH=3276 COMMENT='商品属性（规格）表';

-- 正在导出表  07fly_erp.fly_goods_spec 的数据：2 rows
DELETE FROM `fly_goods_spec`;
/*!40000 ALTER TABLE `fly_goods_spec` DISABLE KEYS */;
INSERT INTO `fly_goods_spec` (`spec_id`, `shop_id`, `spec_name`, `visible`, `sort`, `show_type`, `create_time`, `is_screen`, `spec_des`, `goods_id`) VALUES
	(2, 0, '尺码', 1, 3, 1, '0000-00-00 00:00:00', 1, '', 0),
	(3, 0, '颜色', 0, 1, 1, NULL, 1, '', 0);
/*!40000 ALTER TABLE `fly_goods_spec` ENABLE KEYS */;

-- 导出  表 07fly_erp.fly_goods_spec_value 结构
CREATE TABLE IF NOT EXISTS `fly_goods_spec_value` (
  `spec_value_id` int(11) NOT NULL AUTO_INCREMENT COMMENT '商品属性值ID',
  `spec_id` int(11) NOT NULL COMMENT '商品属性ID',
  `spec_value_name` varchar(255) NOT NULL DEFAULT '' COMMENT '商品属性值名称',
  `spec_value_data` varchar(255) NOT NULL DEFAULT '' COMMENT '商品属性值数据',
  `is_visible` tinyint(1) NOT NULL DEFAULT '0' COMMENT '是否可视',
  `sort` int(11) NOT NULL DEFAULT '0' COMMENT '排序',
  `create_time` datetime DEFAULT NULL,
  `goods_id` int(11) NOT NULL DEFAULT '0' COMMENT '商品id',
  PRIMARY KEY (`spec_value_id`),
  KEY `IDX_category_propvalues_c_pId` (`spec_id`),
  KEY `IDX_category_propvalues_orders` (`sort`),
  KEY `IDX_category_propvalues_value` (`spec_value_name`)
) ENGINE=MyISAM AUTO_INCREMENT=30 DEFAULT CHARSET=utf8 AVG_ROW_LENGTH=1092 COMMENT='商品规格值模版表';

-- 正在导出表  07fly_erp.fly_goods_spec_value 的数据：7 rows
DELETE FROM `fly_goods_spec_value`;
/*!40000 ALTER TABLE `fly_goods_spec_value` DISABLE KEYS */;
INSERT INTO `fly_goods_spec_value` (`spec_value_id`, `spec_id`, `spec_value_name`, `spec_value_data`, `is_visible`, `sort`, `create_time`, `goods_id`) VALUES
	(12, 2, '35', '', 1, 255, '0000-00-00 00:00:00', 0),
	(13, 2, '36', '', 1, 255, '0000-00-00 00:00:00', 0),
	(14, 2, '37', '', 1, 255, '0000-00-00 00:00:00', 0),
	(15, 2, '42', '', 1, 255, '0000-00-00 00:00:00', 0),
	(22, 3, '天空色', '', 0, 3, NULL, 0),
	(21, 3, '黑色', '', 0, 2, NULL, 0),
	(20, 3, '白色', '', 0, 1, NULL, 0);
/*!40000 ALTER TABLE `fly_goods_spec_value` ENABLE KEYS */;

-- 导出  表 07fly_erp.fly_sys_area 结构
CREATE TABLE IF NOT EXISTS `fly_sys_area` (
  `id` int(4) NOT NULL AUTO_INCREMENT,
  `parentID` int(4) NOT NULL,
  `name` varchar(12) NOT NULL,
  `type` int(1) NOT NULL,
  PRIMARY KEY (`id`)
) ENGINE=MyISAM AUTO_INCREMENT=3409 DEFAULT CHARSET=utf8 COMMENT='地区表';

-- 正在导出表  07fly_erp.fly_sys_area 的数据：3,408 rows
DELETE FROM `fly_sys_area`;
/*!40000 ALTER TABLE `fly_sys_area` DISABLE KEYS */;
INSERT INTO `fly_sys_area` (`id`, `parentID`, `name`, `type`) VALUES
	(1, 0, '中国', 0),
	(2, 1, '北京', 1),
	(3, 1, '安徽', 1),
	(4, 1, '福建', 1),
	(5, 1, '甘肃', 1),
	(6, 1, '广东', 1),
	(7, 1, '广西', 1),
	(8, 1, '贵州', 1),
	(9, 1, '海南', 1),
	(10, 1, '河北', 1),
	(11, 1, '河南', 1),
	(12, 1, '黑龙江', 1),
	(13, 1, '湖北', 1),
	(14, 1, '湖南', 1),
	(15, 1, '吉林', 1),
	(16, 1, '江苏', 1),
	(17, 1, '江西', 1),
	(18, 1, '辽宁', 1),
	(19, 1, '内蒙古', 1),
	(20, 1, '宁夏', 1),
	(21, 1, '青海', 1),
	(22, 1, '山东', 1),
	(23, 1, '山西', 1),
	(24, 1, '陕西', 1),
	(25, 1, '上海', 1),
	(26, 1, '四川', 1),
	(27, 1, '天津', 1),
	(28, 1, '西藏', 1),
	(29, 1, '新疆', 1),
	(30, 1, '云南', 1),
	(31, 1, '浙江', 1),
	(32, 1, '重庆', 1),
	(33, 1, '香港', 1),
	(34, 1, '澳门', 1),
	(35, 1, '台湾', 1),
	(36, 3, '安庆', 2),
	(37, 3, '蚌埠', 2),
	(38, 3, '巢湖', 2),
	(39, 3, '池州', 2),
	(40, 3, '滁州', 2),
	(41, 3, '阜阳', 2),
	(42, 3, '淮北', 2),
	(43, 3, '淮南', 2),
	(44, 3, '黄山', 2),
	(45, 3, '六安', 2),
	(46, 3, '马鞍山', 2),
	(47, 3, '宿州', 2),
	(48, 3, '铜陵', 2),
	(49, 3, '芜湖', 2),
	(50, 3, '宣城', 2),
	(51, 3, '亳州', 2),
	(52, 2, '北京', 2),
	(53, 4, '福州', 2),
	(54, 4, '龙岩', 2),
	(55, 4, '南平', 2),
	(56, 4, '宁德', 2),
	(57, 4, '莆田', 2),
	(58, 4, '泉州', 2),
	(59, 4, '三明', 2),
	(60, 4, '厦门', 2),
	(61, 4, '漳州', 2),
	(62, 5, '兰州', 2),
	(63, 5, '白银', 2),
	(64, 5, '定西', 2),
	(65, 5, '甘南', 2),
	(66, 5, '嘉峪关', 2),
	(67, 5, '金昌', 2),
	(68, 5, '酒泉', 2),
	(69, 5, '临夏', 2),
	(70, 5, '陇南', 2),
	(71, 5, '平凉', 2),
	(72, 5, '庆阳', 2),
	(73, 5, '天水', 2),
	(74, 5, '武威', 2),
	(75, 5, '张掖', 2),
	(76, 6, '广州', 2),
	(77, 6, '深圳', 2),
	(78, 6, '潮州', 2),
	(79, 6, '东莞', 2),
	(80, 6, '佛山', 2),
	(81, 6, '河源', 2),
	(82, 6, '惠州', 2),
	(83, 6, '江门', 2),
	(84, 6, '揭阳', 2),
	(85, 6, '茂名', 2),
	(86, 6, '梅州', 2),
	(87, 6, '清远', 2),
	(88, 6, '汕头', 2),
	(89, 6, '汕尾', 2),
	(90, 6, '韶关', 2),
	(91, 6, '阳江', 2),
	(92, 6, '云浮', 2),
	(93, 6, '湛江', 2),
	(94, 6, '肇庆', 2),
	(95, 6, '中山', 2),
	(96, 6, '珠海', 2),
	(97, 7, '南宁', 2),
	(98, 7, '桂林', 2),
	(99, 7, '百色', 2),
	(100, 7, '北海', 2),
	(101, 7, '崇左', 2),
	(102, 7, '防城港', 2),
	(103, 7, '贵港', 2),
	(104, 7, '河池', 2),
	(105, 7, '贺州', 2),
	(106, 7, '来宾', 2),
	(107, 7, '柳州', 2),
	(108, 7, '钦州', 2),
	(109, 7, '梧州', 2),
	(110, 7, '玉林', 2),
	(111, 8, '贵阳', 2),
	(112, 8, '安顺', 2),
	(113, 8, '毕节', 2),
	(114, 8, '六盘水', 2),
	(115, 8, '黔东南', 2),
	(116, 8, '黔南', 2),
	(117, 8, '黔西南', 2),
	(118, 8, '铜仁', 2),
	(119, 8, '遵义', 2),
	(120, 9, '海口', 2),
	(121, 9, '三亚', 2),
	(122, 9, '白沙', 2),
	(123, 9, '保亭', 2),
	(124, 9, '昌江', 2),
	(125, 9, '澄迈县', 2),
	(126, 9, '定安县', 2),
	(127, 9, '东方', 2),
	(128, 9, '乐东', 2),
	(129, 9, '临高县', 2),
	(130, 9, '陵水', 2),
	(131, 9, '琼海', 2),
	(132, 9, '琼中', 2),
	(133, 9, '屯昌县', 2),
	(134, 9, '万宁', 2),
	(135, 9, '文昌', 2),
	(136, 9, '五指山', 2),
	(137, 9, '儋州', 2),
	(138, 10, '石家庄', 2),
	(139, 10, '保定', 2),
	(140, 10, '沧州', 2),
	(141, 10, '承德', 2),
	(142, 10, '邯郸', 2),
	(143, 10, '衡水', 2),
	(144, 10, '廊坊', 2),
	(145, 10, '秦皇岛', 2),
	(146, 10, '唐山', 2),
	(147, 10, '邢台', 2),
	(148, 10, '张家口', 2),
	(149, 11, '郑州', 2),
	(150, 11, '洛阳', 2),
	(151, 11, '开封', 2),
	(152, 11, '安阳', 2),
	(153, 11, '鹤壁', 2),
	(154, 11, '济源', 2),
	(155, 11, '焦作', 2),
	(156, 11, '南阳', 2),
	(157, 11, '平顶山', 2),
	(158, 11, '三门峡', 2),
	(159, 11, '商丘', 2),
	(160, 11, '新乡', 2),
	(161, 11, '信阳', 2),
	(162, 11, '许昌', 2),
	(163, 11, '周口', 2),
	(164, 11, '驻马店', 2),
	(165, 11, '漯河', 2),
	(166, 11, '濮阳', 2),
	(167, 12, '哈尔滨', 2),
	(168, 12, '大庆', 2),
	(169, 12, '大兴安岭', 2),
	(170, 12, '鹤岗', 2),
	(171, 12, '黑河', 2),
	(172, 12, '鸡西', 2),
	(173, 12, '佳木斯', 2),
	(174, 12, '牡丹江', 2),
	(175, 12, '七台河', 2),
	(176, 12, '齐齐哈尔', 2),
	(177, 12, '双鸭山', 2),
	(178, 12, '绥化', 2),
	(179, 12, '伊春', 2),
	(180, 13, '武汉', 2),
	(181, 13, '仙桃', 2),
	(182, 13, '鄂州', 2),
	(183, 13, '黄冈', 2),
	(184, 13, '黄石', 2),
	(185, 13, '荆门', 2),
	(186, 13, '荆州', 2),
	(187, 13, '潜江', 2),
	(188, 13, '神农架林区', 2),
	(189, 13, '十堰', 2),
	(190, 13, '随州', 2),
	(191, 13, '天门', 2),
	(192, 13, '咸宁', 2),
	(193, 13, '襄樊', 2),
	(194, 13, '孝感', 2),
	(195, 13, '宜昌', 2),
	(196, 13, '恩施', 2),
	(197, 14, '长沙', 2),
	(198, 14, '张家界', 2),
	(199, 14, '常德', 2),
	(200, 14, '郴州', 2),
	(201, 14, '衡阳', 2),
	(202, 14, '怀化', 2),
	(203, 14, '娄底', 2),
	(204, 14, '邵阳', 2),
	(205, 14, '湘潭', 2),
	(206, 14, '湘西', 2),
	(207, 14, '益阳', 2),
	(208, 14, '永州', 2),
	(209, 14, '岳阳', 2),
	(210, 14, '株洲', 2),
	(211, 15, '长春', 2),
	(212, 15, '吉林', 2),
	(213, 15, '白城', 2),
	(214, 15, '白山', 2),
	(215, 15, '辽源', 2),
	(216, 15, '四平', 2),
	(217, 15, '松原', 2),
	(218, 15, '通化', 2),
	(219, 15, '延边', 2),
	(220, 16, '南京', 2),
	(221, 16, '苏州', 2),
	(222, 16, '无锡', 2),
	(223, 16, '常州', 2),
	(224, 16, '淮安', 2),
	(225, 16, '连云港', 2),
	(226, 16, '南通', 2),
	(227, 16, '宿迁', 2),
	(228, 16, '泰州', 2),
	(229, 16, '徐州', 2),
	(230, 16, '盐城', 2),
	(231, 16, '扬州', 2),
	(232, 16, '镇江', 2),
	(233, 17, '南昌', 2),
	(234, 17, '抚州', 2),
	(235, 17, '赣州', 2),
	(236, 17, '吉安', 2),
	(237, 17, '景德镇', 2),
	(238, 17, '九江', 2),
	(239, 17, '萍乡', 2),
	(240, 17, '上饶', 2),
	(241, 17, '新余', 2),
	(242, 17, '宜春', 2),
	(243, 17, '鹰潭', 2),
	(244, 18, '沈阳', 2),
	(245, 18, '大连', 2),
	(246, 18, '鞍山', 2),
	(247, 18, '本溪', 2),
	(248, 18, '朝阳', 2),
	(249, 18, '丹东', 2),
	(250, 18, '抚顺', 2),
	(251, 18, '阜新', 2),
	(252, 18, '葫芦岛', 2),
	(253, 18, '锦州', 2),
	(254, 18, '辽阳', 2),
	(255, 18, '盘锦', 2),
	(256, 18, '铁岭', 2),
	(257, 18, '营口', 2),
	(258, 19, '呼和浩特', 2),
	(259, 19, '阿拉善盟', 2),
	(260, 19, '巴彦淖尔盟', 2),
	(261, 19, '包头', 2),
	(262, 19, '赤峰', 2),
	(263, 19, '鄂尔多斯', 2),
	(264, 19, '呼伦贝尔', 2),
	(265, 19, '通辽', 2),
	(266, 19, '乌海', 2),
	(267, 19, '乌兰察布市', 2),
	(268, 19, '锡林郭勒盟', 2),
	(269, 19, '兴安盟', 2),
	(270, 20, '银川', 2),
	(271, 20, '固原', 2),
	(272, 20, '石嘴山', 2),
	(273, 20, '吴忠', 2),
	(274, 20, '中卫', 2),
	(275, 21, '西宁', 2),
	(276, 21, '果洛', 2),
	(277, 21, '海北', 2),
	(278, 21, '海东', 2),
	(279, 21, '海南', 2),
	(280, 21, '海西', 2),
	(281, 21, '黄南', 2),
	(282, 21, '玉树', 2),
	(283, 22, '济南', 2),
	(284, 22, '青岛', 2),
	(285, 22, '滨州', 2),
	(286, 22, '德州', 2),
	(287, 22, '东营', 2),
	(288, 22, '菏泽', 2),
	(289, 22, '济宁', 2),
	(290, 22, '莱芜', 2),
	(291, 22, '聊城', 2),
	(292, 22, '临沂', 2),
	(293, 22, '日照', 2),
	(294, 22, '泰安', 2),
	(295, 22, '威海', 2),
	(296, 22, '潍坊', 2),
	(297, 22, '烟台', 2),
	(298, 22, '枣庄', 2),
	(299, 22, '淄博', 2),
	(300, 23, '太原', 2),
	(301, 23, '长治', 2),
	(302, 23, '大同', 2),
	(303, 23, '晋城', 2),
	(304, 23, '晋中', 2),
	(305, 23, '临汾', 2),
	(306, 23, '吕梁', 2),
	(307, 23, '朔州', 2),
	(308, 23, '忻州', 2),
	(309, 23, '阳泉', 2),
	(310, 23, '运城', 2),
	(311, 24, '西安', 2),
	(312, 24, '安康', 2),
	(313, 24, '宝鸡', 2),
	(314, 24, '汉中', 2),
	(315, 24, '商洛', 2),
	(316, 24, '铜川', 2),
	(317, 24, '渭南', 2),
	(318, 24, '咸阳', 2),
	(319, 24, '延安', 2),
	(320, 24, '榆林', 2),
	(321, 25, '上海', 2),
	(322, 26, '成都', 2),
	(323, 26, '绵阳', 2),
	(324, 26, '阿坝', 2),
	(325, 26, '巴中', 2),
	(326, 26, '达州', 2),
	(327, 26, '德阳', 2),
	(328, 26, '甘孜', 2),
	(329, 26, '广安', 2),
	(330, 26, '广元', 2),
	(331, 26, '乐山', 2),
	(332, 26, '凉山', 2),
	(333, 26, '眉山', 2),
	(334, 26, '南充', 2),
	(335, 26, '内江', 2),
	(336, 26, '攀枝花', 2),
	(337, 26, '遂宁', 2),
	(338, 26, '雅安', 2),
	(339, 26, '宜宾', 2),
	(340, 26, '资阳', 2),
	(341, 26, '自贡', 2),
	(342, 26, '泸州', 2),
	(343, 27, '天津', 2),
	(344, 28, '拉萨', 2),
	(345, 28, '阿里', 2),
	(346, 28, '昌都', 2),
	(347, 28, '林芝', 2),
	(348, 28, '那曲', 2),
	(349, 28, '日喀则', 2),
	(350, 28, '山南', 2),
	(351, 29, '乌鲁木齐', 2),
	(352, 29, '阿克苏', 2),
	(353, 29, '阿拉尔', 2),
	(354, 29, '巴音郭楞', 2),
	(355, 29, '博尔塔拉', 2),
	(356, 29, '昌吉', 2),
	(357, 29, '哈密', 2),
	(358, 29, '和田', 2),
	(359, 29, '喀什', 2),
	(360, 29, '克拉玛依', 2),
	(361, 29, '克孜勒苏', 2),
	(362, 29, '石河子', 2),
	(363, 29, '图木舒克', 2),
	(364, 29, '吐鲁番', 2),
	(365, 29, '五家渠', 2),
	(366, 29, '伊犁', 2),
	(367, 30, '昆明', 2),
	(368, 30, '怒江', 2),
	(369, 30, '普洱', 2),
	(370, 30, '丽江', 2),
	(371, 30, '保山', 2),
	(372, 30, '楚雄', 2),
	(373, 30, '大理', 2),
	(374, 30, '德宏', 2),
	(375, 30, '迪庆', 2),
	(376, 30, '红河', 2),
	(377, 30, '临沧', 2),
	(378, 30, '曲靖', 2),
	(379, 30, '文山', 2),
	(380, 30, '西双版纳', 2),
	(381, 30, '玉溪', 2),
	(382, 30, '昭通', 2),
	(383, 31, '杭州', 2),
	(384, 31, '湖州', 2),
	(385, 31, '嘉兴', 2),
	(386, 31, '金华', 2),
	(387, 31, '丽水', 2),
	(388, 31, '宁波', 2),
	(389, 31, '绍兴', 2),
	(390, 31, '台州', 2),
	(391, 31, '温州', 2),
	(392, 31, '舟山', 2),
	(393, 31, '衢州', 2),
	(394, 32, '重庆', 2),
	(395, 33, '香港', 2),
	(396, 34, '澳门', 2),
	(397, 35, '台湾', 2),
	(398, 36, '迎江区', 3),
	(399, 36, '大观区', 3),
	(400, 36, '宜秀区', 3),
	(401, 36, '桐城市', 3),
	(402, 36, '怀宁县', 3),
	(403, 36, '枞阳县', 3),
	(404, 36, '潜山县', 3),
	(405, 36, '太湖县', 3),
	(406, 36, '宿松县', 3),
	(407, 36, '望江县', 3),
	(408, 36, '岳西县', 3),
	(409, 37, '中市区', 3),
	(410, 37, '东市区', 3),
	(411, 37, '西市区', 3),
	(412, 37, '郊区', 3),
	(413, 37, '怀远县', 3),
	(414, 37, '五河县', 3),
	(415, 37, '固镇县', 3),
	(416, 38, '居巢区', 3),
	(417, 38, '庐江县', 3),
	(418, 38, '无为县', 3),
	(419, 38, '含山县', 3),
	(420, 38, '和县', 3),
	(421, 39, '贵池区', 3),
	(422, 39, '东至县', 3),
	(423, 39, '石台县', 3),
	(424, 39, '青阳县', 3),
	(425, 40, '琅琊区', 3),
	(426, 40, '南谯区', 3),
	(427, 40, '天长市', 3),
	(428, 40, '明光市', 3),
	(429, 40, '来安县', 3),
	(430, 40, '全椒县', 3),
	(431, 40, '定远县', 3),
	(432, 40, '凤阳县', 3),
	(433, 41, '蚌山区', 3),
	(434, 41, '龙子湖区', 3),
	(435, 41, '禹会区', 3),
	(436, 41, '淮上区', 3),
	(437, 41, '颍州区', 3),
	(438, 41, '颍东区', 3),
	(439, 41, '颍泉区', 3),
	(440, 41, '界首市', 3),
	(441, 41, '临泉县', 3),
	(442, 41, '太和县', 3),
	(443, 41, '阜南县', 3),
	(444, 41, '颖上县', 3),
	(445, 42, '相山区', 3),
	(446, 42, '杜集区', 3),
	(447, 42, '烈山区', 3),
	(448, 42, '濉溪县', 3),
	(449, 43, '田家庵区', 3),
	(450, 43, '大通区', 3),
	(451, 43, '谢家集区', 3),
	(452, 43, '八公山区', 3),
	(453, 43, '潘集区', 3),
	(454, 43, '凤台县', 3),
	(455, 44, '屯溪区', 3),
	(456, 44, '黄山区', 3),
	(457, 44, '徽州区', 3),
	(458, 44, '歙县', 3),
	(459, 44, '休宁县', 3),
	(460, 44, '黟县', 3),
	(461, 44, '祁门县', 3),
	(462, 45, '金安区', 3),
	(463, 45, '裕安区', 3),
	(464, 45, '寿县', 3),
	(465, 45, '霍邱县', 3),
	(466, 45, '舒城县', 3),
	(467, 45, '金寨县', 3),
	(468, 45, '霍山县', 3),
	(469, 46, '雨山区', 3),
	(470, 46, '花山区', 3),
	(471, 46, '金家庄区', 3),
	(472, 46, '当涂县', 3),
	(473, 47, '埇桥区', 3),
	(474, 47, '砀山县', 3),
	(475, 47, '萧县', 3),
	(476, 47, '灵璧县', 3),
	(477, 47, '泗县', 3),
	(478, 48, '铜官山区', 3),
	(479, 48, '狮子山区', 3),
	(480, 48, '郊区', 3),
	(481, 48, '铜陵县', 3),
	(482, 49, '镜湖区', 3),
	(483, 49, '弋江区', 3),
	(484, 49, '鸠江区', 3),
	(485, 49, '三山区', 3),
	(486, 49, '芜湖县', 3),
	(487, 49, '繁昌县', 3),
	(488, 49, '南陵县', 3),
	(489, 50, '宣州区', 3),
	(490, 50, '宁国市', 3),
	(491, 50, '郎溪县', 3),
	(492, 50, '广德县', 3),
	(493, 50, '泾县', 3),
	(494, 50, '绩溪县', 3),
	(495, 50, '旌德县', 3),
	(496, 51, '涡阳县', 3),
	(497, 51, '蒙城县', 3),
	(498, 51, '利辛县', 3),
	(499, 51, '谯城区', 3),
	(500, 52, '东城区', 3),
	(501, 52, '西城区', 3),
	(502, 52, '海淀区', 3),
	(503, 52, '朝阳区', 3),
	(504, 52, '崇文区', 3),
	(505, 52, '宣武区', 3),
	(506, 52, '丰台区', 3),
	(507, 52, '石景山区', 3),
	(508, 52, '房山区', 3),
	(509, 52, '门头沟区', 3),
	(510, 52, '通州区', 3),
	(511, 52, '顺义区', 3),
	(512, 52, '昌平区', 3),
	(513, 52, '怀柔区', 3),
	(514, 52, '平谷区', 3),
	(515, 52, '大兴区', 3),
	(516, 52, '密云县', 3),
	(517, 52, '延庆县', 3),
	(518, 53, '鼓楼区', 3),
	(519, 53, '台江区', 3),
	(520, 53, '仓山区', 3),
	(521, 53, '马尾区', 3),
	(522, 53, '晋安区', 3),
	(523, 53, '福清市', 3),
	(524, 53, '长乐市', 3),
	(525, 53, '闽侯县', 3),
	(526, 53, '连江县', 3),
	(527, 53, '罗源县', 3),
	(528, 53, '闽清县', 3),
	(529, 53, '永泰县', 3),
	(530, 53, '平潭县', 3),
	(531, 54, '新罗区', 3),
	(532, 54, '漳平市', 3),
	(533, 54, '长汀县', 3),
	(534, 54, '永定县', 3),
	(535, 54, '上杭县', 3),
	(536, 54, '武平县', 3),
	(537, 54, '连城县', 3),
	(538, 55, '延平区', 3),
	(539, 55, '邵武市', 3),
	(540, 55, '武夷山市', 3),
	(541, 55, '建瓯市', 3),
	(542, 55, '建阳市', 3),
	(543, 55, '顺昌县', 3),
	(544, 55, '浦城县', 3),
	(545, 55, '光泽县', 3),
	(546, 55, '松溪县', 3),
	(547, 55, '政和县', 3),
	(548, 56, '蕉城区', 3),
	(549, 56, '福安市', 3),
	(550, 56, '福鼎市', 3),
	(551, 56, '霞浦县', 3),
	(552, 56, '古田县', 3),
	(553, 56, '屏南县', 3),
	(554, 56, '寿宁县', 3),
	(555, 56, '周宁县', 3),
	(556, 56, '柘荣县', 3),
	(557, 57, '城厢区', 3),
	(558, 57, '涵江区', 3),
	(559, 57, '荔城区', 3),
	(560, 57, '秀屿区', 3),
	(561, 57, '仙游县', 3),
	(562, 58, '鲤城区', 3),
	(563, 58, '丰泽区', 3),
	(564, 58, '洛江区', 3),
	(565, 58, '清濛开发区', 3),
	(566, 58, '泉港区', 3),
	(567, 58, '石狮市', 3),
	(568, 58, '晋江市', 3),
	(569, 58, '南安市', 3),
	(570, 58, '惠安县', 3),
	(571, 58, '安溪县', 3),
	(572, 58, '永春县', 3),
	(573, 58, '德化县', 3),
	(574, 58, '金门县', 3),
	(575, 59, '梅列区', 3),
	(576, 59, '三元区', 3),
	(577, 59, '永安市', 3),
	(578, 59, '明溪县', 3),
	(579, 59, '清流县', 3),
	(580, 59, '宁化县', 3),
	(581, 59, '大田县', 3),
	(582, 59, '尤溪县', 3),
	(583, 59, '沙县', 3),
	(584, 59, '将乐县', 3),
	(585, 59, '泰宁县', 3),
	(586, 59, '建宁县', 3),
	(587, 60, '思明区', 3),
	(588, 60, '海沧区', 3),
	(589, 60, '湖里区', 3),
	(590, 60, '集美区', 3),
	(591, 60, '同安区', 3),
	(592, 60, '翔安区', 3),
	(593, 61, '芗城区', 3),
	(594, 61, '龙文区', 3),
	(595, 61, '龙海市', 3),
	(596, 61, '云霄县', 3),
	(597, 61, '漳浦县', 3),
	(598, 61, '诏安县', 3),
	(599, 61, '长泰县', 3),
	(600, 61, '东山县', 3),
	(601, 61, '南靖县', 3),
	(602, 61, '平和县', 3),
	(603, 61, '华安县', 3),
	(604, 62, '皋兰县', 3),
	(605, 62, '城关区', 3),
	(606, 62, '七里河区', 3),
	(607, 62, '西固区', 3),
	(608, 62, '安宁区', 3),
	(609, 62, '红古区', 3),
	(610, 62, '永登县', 3),
	(611, 62, '榆中县', 3),
	(612, 63, '白银区', 3),
	(613, 63, '平川区', 3),
	(614, 63, '会宁县', 3),
	(615, 63, '景泰县', 3),
	(616, 63, '靖远县', 3),
	(617, 64, '临洮县', 3),
	(618, 64, '陇西县', 3),
	(619, 64, '通渭县', 3),
	(620, 64, '渭源县', 3),
	(621, 64, '漳县', 3),
	(622, 64, '岷县', 3),
	(623, 64, '安定区', 3),
	(624, 64, '安定区', 3),
	(625, 65, '合作市', 3),
	(626, 65, '临潭县', 3),
	(627, 65, '卓尼县', 3),
	(628, 65, '舟曲县', 3),
	(629, 65, '迭部县', 3),
	(630, 65, '玛曲县', 3),
	(631, 65, '碌曲县', 3),
	(632, 65, '夏河县', 3),
	(633, 66, '嘉峪关市', 3),
	(634, 67, '金川区', 3),
	(635, 67, '永昌县', 3),
	(636, 68, '肃州区', 3),
	(637, 68, '玉门市', 3),
	(638, 68, '敦煌市', 3),
	(639, 68, '金塔县', 3),
	(640, 68, '瓜州县', 3),
	(641, 68, '肃北', 3),
	(642, 68, '阿克塞', 3),
	(643, 69, '临夏市', 3),
	(644, 69, '临夏县', 3),
	(645, 69, '康乐县', 3),
	(646, 69, '永靖县', 3),
	(647, 69, '广河县', 3),
	(648, 69, '和政县', 3),
	(649, 69, '东乡族自治县', 3),
	(650, 69, '积石山', 3),
	(651, 70, '成县', 3),
	(652, 70, '徽县', 3),
	(653, 70, '康县', 3),
	(654, 70, '礼县', 3),
	(655, 70, '两当县', 3),
	(656, 70, '文县', 3),
	(657, 70, '西和县', 3),
	(658, 70, '宕昌县', 3),
	(659, 70, '武都区', 3),
	(660, 71, '崇信县', 3),
	(661, 71, '华亭县', 3),
	(662, 71, '静宁县', 3),
	(663, 71, '灵台县', 3),
	(664, 71, '崆峒区', 3),
	(665, 71, '庄浪县', 3),
	(666, 71, '泾川县', 3),
	(667, 72, '合水县', 3),
	(668, 72, '华池县', 3),
	(669, 72, '环县', 3),
	(670, 72, '宁县', 3),
	(671, 72, '庆城县', 3),
	(672, 72, '西峰区', 3),
	(673, 72, '镇原县', 3),
	(674, 72, '正宁县', 3),
	(675, 73, '甘谷县', 3),
	(676, 73, '秦安县', 3),
	(677, 73, '清水县', 3),
	(678, 73, '秦州区', 3),
	(679, 73, '麦积区', 3),
	(680, 73, '武山县', 3),
	(681, 73, '张家川', 3),
	(682, 74, '古浪县', 3),
	(683, 74, '民勤县', 3),
	(684, 74, '天祝', 3),
	(685, 74, '凉州区', 3),
	(686, 75, '高台县', 3),
	(687, 75, '临泽县', 3),
	(688, 75, '民乐县', 3),
	(689, 75, '山丹县', 3),
	(690, 75, '肃南', 3),
	(691, 75, '甘州区', 3),
	(692, 76, '从化市', 3),
	(693, 76, '天河区', 3),
	(694, 76, '东山区', 3),
	(695, 76, '白云区', 3),
	(696, 76, '海珠区', 3),
	(697, 76, '荔湾区', 3),
	(698, 76, '越秀区', 3),
	(699, 76, '黄埔区', 3),
	(700, 76, '番禺区', 3),
	(701, 76, '花都区', 3),
	(702, 76, '增城区', 3),
	(703, 76, '从化区', 3),
	(704, 76, '市郊', 3),
	(705, 77, '福田区', 3),
	(706, 77, '罗湖区', 3),
	(707, 77, '南山区', 3),
	(708, 77, '宝安区', 3),
	(709, 77, '龙岗区', 3),
	(710, 77, '盐田区', 3),
	(711, 78, '湘桥区', 3),
	(712, 78, '潮安县', 3),
	(713, 78, '饶平县', 3),
	(714, 79, '南城区', 3),
	(715, 79, '东城区', 3),
	(716, 79, '万江区', 3),
	(717, 79, '莞城区', 3),
	(718, 79, '石龙镇', 3),
	(719, 79, '虎门镇', 3),
	(720, 79, '麻涌镇', 3),
	(721, 79, '道滘镇', 3),
	(722, 79, '石碣镇', 3),
	(723, 79, '沙田镇', 3),
	(724, 79, '望牛墩镇', 3),
	(725, 79, '洪梅镇', 3),
	(726, 79, '茶山镇', 3),
	(727, 79, '寮步镇', 3),
	(728, 79, '大岭山镇', 3),
	(729, 79, '大朗镇', 3),
	(730, 79, '黄江镇', 3),
	(731, 79, '樟木头', 3),
	(732, 79, '凤岗镇', 3),
	(733, 79, '塘厦镇', 3),
	(734, 79, '谢岗镇', 3),
	(735, 79, '厚街镇', 3),
	(736, 79, '清溪镇', 3),
	(737, 79, '常平镇', 3),
	(738, 79, '桥头镇', 3),
	(739, 79, '横沥镇', 3),
	(740, 79, '东坑镇', 3),
	(741, 79, '企石镇', 3),
	(742, 79, '石排镇', 3),
	(743, 79, '长安镇', 3),
	(744, 79, '中堂镇', 3),
	(745, 79, '高埗镇', 3),
	(746, 80, '禅城区', 3),
	(747, 80, '南海区', 3),
	(748, 80, '顺德区', 3),
	(749, 80, '三水区', 3),
	(750, 80, '高明区', 3),
	(751, 81, '东源县', 3),
	(752, 81, '和平县', 3),
	(753, 81, '源城区', 3),
	(754, 81, '连平县', 3),
	(755, 81, '龙川县', 3),
	(756, 81, '紫金县', 3),
	(757, 82, '惠阳区', 3),
	(758, 82, '惠城区', 3),
	(759, 82, '大亚湾', 3),
	(760, 82, '博罗县', 3),
	(761, 82, '惠东县', 3),
	(762, 82, '龙门县', 3),
	(763, 83, '江海区', 3),
	(764, 83, '蓬江区', 3),
	(765, 83, '新会区', 3),
	(766, 83, '台山市', 3),
	(767, 83, '开平市', 3),
	(768, 83, '鹤山市', 3),
	(769, 83, '恩平市', 3),
	(770, 84, '榕城区', 3),
	(771, 84, '普宁市', 3),
	(772, 84, '揭东县', 3),
	(773, 84, '揭西县', 3),
	(774, 84, '惠来县', 3),
	(775, 85, '茂南区', 3),
	(776, 85, '茂港区', 3),
	(777, 85, '高州市', 3),
	(778, 85, '化州市', 3),
	(779, 85, '信宜市', 3),
	(780, 85, '电白县', 3),
	(781, 86, '梅县', 3),
	(782, 86, '梅江区', 3),
	(783, 86, '兴宁市', 3),
	(784, 86, '大埔县', 3),
	(785, 86, '丰顺县', 3),
	(786, 86, '五华县', 3),
	(787, 86, '平远县', 3),
	(788, 86, '蕉岭县', 3),
	(789, 87, '清城区', 3),
	(790, 87, '英德市', 3),
	(791, 87, '连州市', 3),
	(792, 87, '佛冈县', 3),
	(793, 87, '阳山县', 3),
	(794, 87, '清新县', 3),
	(795, 87, '连山', 3),
	(796, 87, '连南', 3),
	(797, 88, '南澳县', 3),
	(798, 88, '潮阳区', 3),
	(799, 88, '澄海区', 3),
	(800, 88, '龙湖区', 3),
	(801, 88, '金平区', 3),
	(802, 88, '濠江区', 3),
	(803, 88, '潮南区', 3),
	(804, 89, '城区', 3),
	(805, 89, '陆丰市', 3),
	(806, 89, '海丰县', 3),
	(807, 89, '陆河县', 3),
	(808, 90, '曲江县', 3),
	(809, 90, '浈江区', 3),
	(810, 90, '武江区', 3),
	(811, 90, '曲江区', 3),
	(812, 90, '乐昌市', 3),
	(813, 90, '南雄市', 3),
	(814, 90, '始兴县', 3),
	(815, 90, '仁化县', 3),
	(816, 90, '翁源县', 3),
	(817, 90, '新丰县', 3),
	(818, 90, '乳源', 3),
	(819, 91, '江城区', 3),
	(820, 91, '阳春市', 3),
	(821, 91, '阳西县', 3),
	(822, 91, '阳东县', 3),
	(823, 92, '云城区', 3),
	(824, 92, '罗定市', 3),
	(825, 92, '新兴县', 3),
	(826, 92, '郁南县', 3),
	(827, 92, '云安县', 3),
	(828, 93, '赤坎区', 3),
	(829, 93, '霞山区', 3),
	(830, 93, '坡头区', 3),
	(831, 93, '麻章区', 3),
	(832, 93, '廉江市', 3),
	(833, 93, '雷州市', 3),
	(834, 93, '吴川市', 3),
	(835, 93, '遂溪县', 3),
	(836, 93, '徐闻县', 3),
	(837, 94, '肇庆市', 3),
	(838, 94, '高要市', 3),
	(839, 94, '四会市', 3),
	(840, 94, '广宁县', 3),
	(841, 94, '怀集县', 3),
	(842, 94, '封开县', 3),
	(843, 94, '德庆县', 3),
	(844, 95, '石岐街道', 3),
	(845, 95, '东区街道', 3),
	(846, 95, '西区街道', 3),
	(847, 95, '环城街道', 3),
	(848, 95, '中山港街道', 3),
	(849, 95, '五桂山街道', 3),
	(850, 96, '香洲区', 3),
	(851, 96, '斗门区', 3),
	(852, 96, '金湾区', 3),
	(853, 97, '邕宁区', 3),
	(854, 97, '青秀区', 3),
	(855, 97, '兴宁区', 3),
	(856, 97, '良庆区', 3),
	(857, 97, '西乡塘区', 3),
	(858, 97, '江南区', 3),
	(859, 97, '武鸣县', 3),
	(860, 97, '隆安县', 3),
	(861, 97, '马山县', 3),
	(862, 97, '上林县', 3),
	(863, 97, '宾阳县', 3),
	(864, 97, '横县', 3),
	(865, 98, '秀峰区', 3),
	(866, 98, '叠彩区', 3),
	(867, 98, '象山区', 3),
	(868, 98, '七星区', 3),
	(869, 98, '雁山区', 3),
	(870, 98, '阳朔县', 3),
	(871, 98, '临桂县', 3),
	(872, 98, '灵川县', 3),
	(873, 98, '全州县', 3),
	(874, 98, '平乐县', 3),
	(875, 98, '兴安县', 3),
	(876, 98, '灌阳县', 3),
	(877, 98, '荔浦县', 3),
	(878, 98, '资源县', 3),
	(879, 98, '永福县', 3),
	(880, 98, '龙胜', 3),
	(881, 98, '恭城', 3),
	(882, 99, '右江区', 3),
	(883, 99, '凌云县', 3),
	(884, 99, '平果县', 3),
	(885, 99, '西林县', 3),
	(886, 99, '乐业县', 3),
	(887, 99, '德保县', 3),
	(888, 99, '田林县', 3),
	(889, 99, '田阳县', 3),
	(890, 99, '靖西县', 3),
	(891, 99, '田东县', 3),
	(892, 99, '那坡县', 3),
	(893, 99, '隆林', 3),
	(894, 100, '海城区', 3),
	(895, 100, '银海区', 3),
	(896, 100, '铁山港区', 3),
	(897, 100, '合浦县', 3),
	(898, 101, '江州区', 3),
	(899, 101, '凭祥市', 3),
	(900, 101, '宁明县', 3),
	(901, 101, '扶绥县', 3),
	(902, 101, '龙州县', 3),
	(903, 101, '大新县', 3),
	(904, 101, '天等县', 3),
	(905, 102, '港口区', 3),
	(906, 102, '防城区', 3),
	(907, 102, '东兴市', 3),
	(908, 102, '上思县', 3),
	(909, 103, '港北区', 3),
	(910, 103, '港南区', 3),
	(911, 103, '覃塘区', 3),
	(912, 103, '桂平市', 3),
	(913, 103, '平南县', 3),
	(914, 104, '金城江区', 3),
	(915, 104, '宜州市', 3),
	(916, 104, '天峨县', 3),
	(917, 104, '凤山县', 3),
	(918, 104, '南丹县', 3),
	(919, 104, '东兰县', 3),
	(920, 104, '都安', 3),
	(921, 104, '罗城', 3),
	(922, 104, '巴马', 3),
	(923, 104, '环江', 3),
	(924, 104, '大化', 3),
	(925, 105, '八步区', 3),
	(926, 105, '钟山县', 3),
	(927, 105, '昭平县', 3),
	(928, 105, '富川', 3),
	(929, 106, '兴宾区', 3),
	(930, 106, '合山市', 3),
	(931, 106, '象州县', 3),
	(932, 106, '武宣县', 3),
	(933, 106, '忻城县', 3),
	(934, 106, '金秀', 3),
	(935, 107, '城中区', 3),
	(936, 107, '鱼峰区', 3),
	(937, 107, '柳北区', 3),
	(938, 107, '柳南区', 3),
	(939, 107, '柳江县', 3),
	(940, 107, '柳城县', 3),
	(941, 107, '鹿寨县', 3),
	(942, 107, '融安县', 3),
	(943, 107, '融水', 3),
	(944, 107, '三江', 3),
	(945, 108, '钦南区', 3),
	(946, 108, '钦北区', 3),
	(947, 108, '灵山县', 3),
	(948, 108, '浦北县', 3),
	(949, 109, '万秀区', 3),
	(950, 109, '蝶山区', 3),
	(951, 109, '长洲区', 3),
	(952, 109, '岑溪市', 3),
	(953, 109, '苍梧县', 3),
	(954, 109, '藤县', 3),
	(955, 109, '蒙山县', 3),
	(956, 110, '玉州区', 3),
	(957, 110, '北流市', 3),
	(958, 110, '容县', 3),
	(959, 110, '陆川县', 3),
	(960, 110, '博白县', 3),
	(961, 110, '兴业县', 3),
	(962, 111, '南明区', 3),
	(963, 111, '云岩区', 3),
	(964, 111, '花溪区', 3),
	(965, 111, '乌当区', 3),
	(966, 111, '白云区', 3),
	(967, 111, '小河区', 3),
	(968, 111, '金阳新区', 3),
	(969, 111, '新天园区', 3),
	(970, 111, '清镇市', 3),
	(971, 111, '开阳县', 3),
	(972, 111, '修文县', 3),
	(973, 111, '息烽县', 3),
	(974, 112, '西秀区', 3),
	(975, 112, '关岭', 3),
	(976, 112, '镇宁', 3),
	(977, 112, '紫云', 3),
	(978, 112, '平坝县', 3),
	(979, 112, '普定县', 3),
	(980, 113, '毕节市', 3),
	(981, 113, '大方县', 3),
	(982, 113, '黔西县', 3),
	(983, 113, '金沙县', 3),
	(984, 113, '织金县', 3),
	(985, 113, '纳雍县', 3),
	(986, 113, '赫章县', 3),
	(987, 113, '威宁', 3),
	(988, 114, '钟山区', 3),
	(989, 114, '六枝特区', 3),
	(990, 114, '水城县', 3),
	(991, 114, '盘县', 3),
	(992, 115, '凯里市', 3),
	(993, 115, '黄平县', 3),
	(994, 115, '施秉县', 3),
	(995, 115, '三穗县', 3),
	(996, 115, '镇远县', 3),
	(997, 115, '岑巩县', 3),
	(998, 115, '天柱县', 3),
	(999, 115, '锦屏县', 3),
	(1000, 115, '剑河县', 3),
	(1001, 115, '台江县', 3),
	(1002, 115, '黎平县', 3),
	(1003, 115, '榕江县', 3),
	(1004, 115, '从江县', 3),
	(1005, 115, '雷山县', 3),
	(1006, 115, '麻江县', 3),
	(1007, 115, '丹寨县', 3),
	(1008, 116, '都匀市', 3),
	(1009, 116, '福泉市', 3),
	(1010, 116, '荔波县', 3),
	(1011, 116, '贵定县', 3),
	(1012, 116, '瓮安县', 3),
	(1013, 116, '独山县', 3),
	(1014, 116, '平塘县', 3),
	(1015, 116, '罗甸县', 3),
	(1016, 116, '长顺县', 3),
	(1017, 116, '龙里县', 3),
	(1018, 116, '惠水县', 3),
	(1019, 116, '三都', 3),
	(1020, 117, '兴义市', 3),
	(1021, 117, '兴仁县', 3),
	(1022, 117, '普安县', 3),
	(1023, 117, '晴隆县', 3),
	(1024, 117, '贞丰县', 3),
	(1025, 117, '望谟县', 3),
	(1026, 117, '册亨县', 3),
	(1027, 117, '安龙县', 3),
	(1028, 118, '铜仁市', 3),
	(1029, 118, '江口县', 3),
	(1030, 118, '石阡县', 3),
	(1031, 118, '思南县', 3),
	(1032, 118, '德江县', 3),
	(1033, 118, '玉屏', 3),
	(1034, 118, '印江', 3),
	(1035, 118, '沿河', 3),
	(1036, 118, '松桃', 3),
	(1037, 118, '万山特区', 3),
	(1038, 119, '红花岗区', 3),
	(1039, 119, '务川县', 3),
	(1040, 119, '道真县', 3),
	(1041, 119, '汇川区', 3),
	(1042, 119, '赤水市', 3),
	(1043, 119, '仁怀市', 3),
	(1044, 119, '遵义县', 3),
	(1045, 119, '桐梓县', 3),
	(1046, 119, '绥阳县', 3),
	(1047, 119, '正安县', 3),
	(1048, 119, '凤冈县', 3),
	(1049, 119, '湄潭县', 3),
	(1050, 119, '余庆县', 3),
	(1051, 119, '习水县', 3),
	(1052, 119, '道真', 3),
	(1053, 119, '务川', 3),
	(1054, 120, '秀英区', 3),
	(1055, 120, '龙华区', 3),
	(1056, 120, '琼山区', 3),
	(1057, 120, '美兰区', 3),
	(1058, 137, '市区', 3),
	(1059, 137, '洋浦开发区', 3),
	(1060, 137, '那大镇', 3),
	(1061, 137, '王五镇', 3),
	(1062, 137, '雅星镇', 3),
	(1063, 137, '大成镇', 3),
	(1064, 137, '中和镇', 3),
	(1065, 137, '峨蔓镇', 3),
	(1066, 137, '南丰镇', 3),
	(1067, 137, '白马井镇', 3),
	(1068, 137, '兰洋镇', 3),
	(1069, 137, '和庆镇', 3),
	(1070, 137, '海头镇', 3),
	(1071, 137, '排浦镇', 3),
	(1072, 137, '东成镇', 3),
	(1073, 137, '光村镇', 3),
	(1074, 137, '木棠镇', 3),
	(1075, 137, '新州镇', 3),
	(1076, 137, '三都镇', 3),
	(1077, 137, '其他', 3),
	(1078, 138, '长安区', 3),
	(1079, 138, '桥东区', 3),
	(1080, 138, '桥西区', 3),
	(1081, 138, '新华区', 3),
	(1082, 138, '裕华区', 3),
	(1083, 138, '井陉矿区', 3),
	(1084, 138, '高新区', 3),
	(1085, 138, '辛集市', 3),
	(1086, 138, '藁城市', 3),
	(1087, 138, '晋州市', 3),
	(1088, 138, '新乐市', 3),
	(1089, 138, '鹿泉市', 3),
	(1090, 138, '井陉县', 3),
	(1091, 138, '正定县', 3),
	(1092, 138, '栾城县', 3),
	(1093, 138, '行唐县', 3),
	(1094, 138, '灵寿县', 3),
	(1095, 138, '高邑县', 3),
	(1096, 138, '深泽县', 3),
	(1097, 138, '赞皇县', 3),
	(1098, 138, '无极县', 3),
	(1099, 138, '平山县', 3),
	(1100, 138, '元氏县', 3),
	(1101, 138, '赵县', 3),
	(1102, 139, '新市区', 3),
	(1103, 139, '南市区', 3),
	(1104, 139, '北市区', 3),
	(1105, 139, '涿州市', 3),
	(1106, 139, '定州市', 3),
	(1107, 139, '安国市', 3),
	(1108, 139, '高碑店市', 3),
	(1109, 139, '满城县', 3),
	(1110, 139, '清苑县', 3),
	(1111, 139, '涞水县', 3),
	(1112, 139, '阜平县', 3),
	(1113, 139, '徐水县', 3),
	(1114, 139, '定兴县', 3),
	(1115, 139, '唐县', 3),
	(1116, 139, '高阳县', 3),
	(1117, 139, '容城县', 3),
	(1118, 139, '涞源县', 3),
	(1119, 139, '望都县', 3),
	(1120, 139, '安新县', 3),
	(1121, 139, '易县', 3),
	(1122, 139, '曲阳县', 3),
	(1123, 139, '蠡县', 3),
	(1124, 139, '顺平县', 3),
	(1125, 139, '博野县', 3),
	(1126, 139, '雄县', 3),
	(1127, 140, '运河区', 3),
	(1128, 140, '新华区', 3),
	(1129, 140, '泊头市', 3),
	(1130, 140, '任丘市', 3),
	(1131, 140, '黄骅市', 3),
	(1132, 140, '河间市', 3),
	(1133, 140, '沧县', 3),
	(1134, 140, '青县', 3),
	(1135, 140, '东光县', 3),
	(1136, 140, '海兴县', 3),
	(1137, 140, '盐山县', 3),
	(1138, 140, '肃宁县', 3),
	(1139, 140, '南皮县', 3),
	(1140, 140, '吴桥县', 3),
	(1141, 140, '献县', 3),
	(1142, 140, '孟村', 3),
	(1143, 141, '双桥区', 3),
	(1144, 141, '双滦区', 3),
	(1145, 141, '鹰手营子矿区', 3),
	(1146, 141, '承德县', 3),
	(1147, 141, '兴隆县', 3),
	(1148, 141, '平泉县', 3),
	(1149, 141, '滦平县', 3),
	(1150, 141, '隆化县', 3),
	(1151, 141, '丰宁', 3),
	(1152, 141, '宽城', 3),
	(1153, 141, '围场', 3),
	(1154, 142, '从台区', 3),
	(1155, 142, '复兴区', 3),
	(1156, 142, '邯山区', 3),
	(1157, 142, '峰峰矿区', 3),
	(1158, 142, '武安市', 3),
	(1159, 142, '邯郸县', 3),
	(1160, 142, '临漳县', 3),
	(1161, 142, '成安县', 3),
	(1162, 142, '大名县', 3),
	(1163, 142, '涉县', 3),
	(1164, 142, '磁县', 3),
	(1165, 142, '肥乡县', 3),
	(1166, 142, '永年县', 3),
	(1167, 142, '邱县', 3),
	(1168, 142, '鸡泽县', 3),
	(1169, 142, '广平县', 3),
	(1170, 142, '馆陶县', 3),
	(1171, 142, '魏县', 3),
	(1172, 142, '曲周县', 3),
	(1173, 143, '桃城区', 3),
	(1174, 143, '冀州市', 3),
	(1175, 143, '深州市', 3),
	(1176, 143, '枣强县', 3),
	(1177, 143, '武邑县', 3),
	(1178, 143, '武强县', 3),
	(1179, 143, '饶阳县', 3),
	(1180, 143, '安平县', 3),
	(1181, 143, '故城县', 3),
	(1182, 143, '景县', 3),
	(1183, 143, '阜城县', 3),
	(1184, 144, '安次区', 3),
	(1185, 144, '广阳区', 3),
	(1186, 144, '霸州市', 3),
	(1187, 144, '三河市', 3),
	(1188, 144, '固安县', 3),
	(1189, 144, '永清县', 3),
	(1190, 144, '香河县', 3),
	(1191, 144, '大城县', 3),
	(1192, 144, '文安县', 3),
	(1193, 144, '大厂', 3),
	(1194, 145, '海港区', 3),
	(1195, 145, '山海关区', 3),
	(1196, 145, '北戴河区', 3),
	(1197, 145, '昌黎县', 3),
	(1198, 145, '抚宁县', 3),
	(1199, 145, '卢龙县', 3),
	(1200, 145, '青龙', 3),
	(1201, 146, '路北区', 3),
	(1202, 146, '路南区', 3),
	(1203, 146, '古冶区', 3),
	(1204, 146, '开平区', 3),
	(1205, 146, '丰南区', 3),
	(1206, 146, '丰润区', 3),
	(1207, 146, '遵化市', 3),
	(1208, 146, '迁安市', 3),
	(1209, 146, '滦县', 3),
	(1210, 146, '滦南县', 3),
	(1211, 146, '乐亭县', 3),
	(1212, 146, '迁西县', 3),
	(1213, 146, '玉田县', 3),
	(1214, 146, '唐海县', 3),
	(1215, 147, '桥东区', 3),
	(1216, 147, '桥西区', 3),
	(1217, 147, '南宫市', 3),
	(1218, 147, '沙河市', 3),
	(1219, 147, '邢台县', 3),
	(1220, 147, '临城县', 3),
	(1221, 147, '内丘县', 3),
	(1222, 147, '柏乡县', 3),
	(1223, 147, '隆尧县', 3),
	(1224, 147, '任县', 3),
	(1225, 147, '南和县', 3),
	(1226, 147, '宁晋县', 3),
	(1227, 147, '巨鹿县', 3),
	(1228, 147, '新河县', 3),
	(1229, 147, '广宗县', 3),
	(1230, 147, '平乡县', 3),
	(1231, 147, '威县', 3),
	(1232, 147, '清河县', 3),
	(1233, 147, '临西县', 3),
	(1234, 148, '桥西区', 3),
	(1235, 148, '桥东区', 3),
	(1236, 148, '宣化区', 3),
	(1237, 148, '下花园区', 3),
	(1238, 148, '宣化县', 3),
	(1239, 148, '张北县', 3),
	(1240, 148, '康保县', 3),
	(1241, 148, '沽源县', 3),
	(1242, 148, '尚义县', 3),
	(1243, 148, '蔚县', 3),
	(1244, 148, '阳原县', 3),
	(1245, 148, '怀安县', 3),
	(1246, 148, '万全县', 3),
	(1247, 148, '怀来县', 3),
	(1248, 148, '涿鹿县', 3),
	(1249, 148, '赤城县', 3),
	(1250, 148, '崇礼县', 3),
	(1251, 149, '金水区', 3),
	(1252, 149, '邙山区', 3),
	(1253, 149, '二七区', 3),
	(1254, 149, '管城区', 3),
	(1255, 149, '中原区', 3),
	(1256, 149, '上街区', 3),
	(1257, 149, '惠济区', 3),
	(1258, 149, '郑东新区', 3),
	(1259, 149, '经济技术开发区', 3),
	(1260, 149, '高新开发区', 3),
	(1261, 149, '出口加工区', 3),
	(1262, 149, '巩义市', 3),
	(1263, 149, '荥阳市', 3),
	(1264, 149, '新密市', 3),
	(1265, 149, '新郑市', 3),
	(1266, 149, '登封市', 3),
	(1267, 149, '中牟县', 3),
	(1268, 150, '西工区', 3),
	(1269, 150, '老城区', 3),
	(1270, 150, '涧西区', 3),
	(1271, 150, '瀍河回族区', 3),
	(1272, 150, '洛龙区', 3),
	(1273, 150, '吉利区', 3),
	(1274, 150, '偃师市', 3),
	(1275, 150, '孟津县', 3),
	(1276, 150, '新安县', 3),
	(1277, 150, '栾川县', 3),
	(1278, 150, '嵩县', 3),
	(1279, 150, '汝阳县', 3),
	(1280, 150, '宜阳县', 3),
	(1281, 150, '洛宁县', 3),
	(1282, 150, '伊川县', 3),
	(1283, 151, '鼓楼区', 3),
	(1284, 151, '龙亭区', 3),
	(1285, 151, '顺河回族区', 3),
	(1286, 151, '金明区', 3),
	(1287, 151, '禹王台区', 3),
	(1288, 151, '杞县', 3),
	(1289, 151, '通许县', 3),
	(1290, 151, '尉氏县', 3),
	(1291, 151, '开封县', 3),
	(1292, 151, '兰考县', 3),
	(1293, 152, '北关区', 3),
	(1294, 152, '文峰区', 3),
	(1295, 152, '殷都区', 3),
	(1296, 152, '龙安区', 3),
	(1297, 152, '林州市', 3),
	(1298, 152, '安阳县', 3),
	(1299, 152, '汤阴县', 3),
	(1300, 152, '滑县', 3),
	(1301, 152, '内黄县', 3),
	(1302, 153, '淇滨区', 3),
	(1303, 153, '山城区', 3),
	(1304, 153, '鹤山区', 3),
	(1305, 153, '浚县', 3),
	(1306, 153, '淇县', 3),
	(1307, 154, '济源市', 3),
	(1308, 155, '解放区', 3),
	(1309, 155, '中站区', 3),
	(1310, 155, '马村区', 3),
	(1311, 155, '山阳区', 3),
	(1312, 155, '沁阳市', 3),
	(1313, 155, '孟州市', 3),
	(1314, 155, '修武县', 3),
	(1315, 155, '博爱县', 3),
	(1316, 155, '武陟县', 3),
	(1317, 155, '温县', 3),
	(1318, 156, '卧龙区', 3),
	(1319, 156, '宛城区', 3),
	(1320, 156, '邓州市', 3),
	(1321, 156, '南召县', 3),
	(1322, 156, '方城县', 3),
	(1323, 156, '西峡县', 3),
	(1324, 156, '镇平县', 3),
	(1325, 156, '内乡县', 3),
	(1326, 156, '淅川县', 3),
	(1327, 156, '社旗县', 3),
	(1328, 156, '唐河县', 3),
	(1329, 156, '新野县', 3),
	(1330, 156, '桐柏县', 3),
	(1331, 157, '新华区', 3),
	(1332, 157, '卫东区', 3),
	(1333, 157, '湛河区', 3),
	(1334, 157, '石龙区', 3),
	(1335, 157, '舞钢市', 3),
	(1336, 157, '汝州市', 3),
	(1337, 157, '宝丰县', 3),
	(1338, 157, '叶县', 3),
	(1339, 157, '鲁山县', 3),
	(1340, 157, '郏县', 3),
	(1341, 158, '湖滨区', 3),
	(1342, 158, '义马市', 3),
	(1343, 158, '灵宝市', 3),
	(1344, 158, '渑池县', 3),
	(1345, 158, '陕县', 3),
	(1346, 158, '卢氏县', 3),
	(1347, 159, '梁园区', 3),
	(1348, 159, '睢阳区', 3),
	(1349, 159, '永城市', 3),
	(1350, 159, '民权县', 3),
	(1351, 159, '睢县', 3),
	(1352, 159, '宁陵县', 3),
	(1353, 159, '虞城县', 3),
	(1354, 159, '柘城县', 3),
	(1355, 159, '夏邑县', 3),
	(1356, 160, '卫滨区', 3),
	(1357, 160, '红旗区', 3),
	(1358, 160, '凤泉区', 3),
	(1359, 160, '牧野区', 3),
	(1360, 160, '卫辉市', 3),
	(1361, 160, '辉县市', 3),
	(1362, 160, '新乡县', 3),
	(1363, 160, '获嘉县', 3),
	(1364, 160, '原阳县', 3),
	(1365, 160, '延津县', 3),
	(1366, 160, '封丘县', 3),
	(1367, 160, '长垣县', 3),
	(1368, 161, '浉河区', 3),
	(1369, 161, '平桥区', 3),
	(1370, 161, '罗山县', 3),
	(1371, 161, '光山县', 3),
	(1372, 161, '新县', 3),
	(1373, 161, '商城县', 3),
	(1374, 161, '固始县', 3),
	(1375, 161, '潢川县', 3),
	(1376, 161, '淮滨县', 3),
	(1377, 161, '息县', 3),
	(1378, 162, '魏都区', 3),
	(1379, 162, '禹州市', 3),
	(1380, 162, '长葛市', 3),
	(1381, 162, '许昌县', 3),
	(1382, 162, '鄢陵县', 3),
	(1383, 162, '襄城县', 3),
	(1384, 163, '川汇区', 3),
	(1385, 163, '项城市', 3),
	(1386, 163, '扶沟县', 3),
	(1387, 163, '西华县', 3),
	(1388, 163, '商水县', 3),
	(1389, 163, '沈丘县', 3),
	(1390, 163, '郸城县', 3),
	(1391, 163, '淮阳县', 3),
	(1392, 163, '太康县', 3),
	(1393, 163, '鹿邑县', 3),
	(1394, 164, '驿城区', 3),
	(1395, 164, '西平县', 3),
	(1396, 164, '上蔡县', 3),
	(1397, 164, '平舆县', 3),
	(1398, 164, '正阳县', 3),
	(1399, 164, '确山县', 3),
	(1400, 164, '泌阳县', 3),
	(1401, 164, '汝南县', 3),
	(1402, 164, '遂平县', 3),
	(1403, 164, '新蔡县', 3),
	(1404, 165, '郾城区', 3),
	(1405, 165, '源汇区', 3),
	(1406, 165, '召陵区', 3),
	(1407, 165, '舞阳县', 3),
	(1408, 165, '临颍县', 3),
	(1409, 166, '华龙区', 3),
	(1410, 166, '清丰县', 3),
	(1411, 166, '南乐县', 3),
	(1412, 166, '范县', 3),
	(1413, 166, '台前县', 3),
	(1414, 166, '濮阳县', 3),
	(1415, 167, '道里区', 3),
	(1416, 167, '南岗区', 3),
	(1417, 167, '动力区', 3),
	(1418, 167, '平房区', 3),
	(1419, 167, '香坊区', 3),
	(1420, 167, '太平区', 3),
	(1421, 167, '道外区', 3),
	(1422, 167, '阿城区', 3),
	(1423, 167, '呼兰区', 3),
	(1424, 167, '松北区', 3),
	(1425, 167, '尚志市', 3),
	(1426, 167, '双城市', 3),
	(1427, 167, '五常市', 3),
	(1428, 167, '方正县', 3),
	(1429, 167, '宾县', 3),
	(1430, 167, '依兰县', 3),
	(1431, 167, '巴彦县', 3),
	(1432, 167, '通河县', 3),
	(1433, 167, '木兰县', 3),
	(1434, 167, '延寿县', 3),
	(1435, 168, '萨尔图区', 3),
	(1436, 168, '红岗区', 3),
	(1437, 168, '龙凤区', 3),
	(1438, 168, '让胡路区', 3),
	(1439, 168, '大同区', 3),
	(1440, 168, '肇州县', 3),
	(1441, 168, '肇源县', 3),
	(1442, 168, '林甸县', 3),
	(1443, 168, '杜尔伯特', 3),
	(1444, 169, '呼玛县', 3),
	(1445, 169, '漠河县', 3),
	(1446, 169, '塔河县', 3),
	(1447, 170, '兴山区', 3),
	(1448, 170, '工农区', 3),
	(1449, 170, '南山区', 3),
	(1450, 170, '兴安区', 3),
	(1451, 170, '向阳区', 3),
	(1452, 170, '东山区', 3),
	(1453, 170, '萝北县', 3),
	(1454, 170, '绥滨县', 3),
	(1455, 171, '爱辉区', 3),
	(1456, 171, '五大连池市', 3),
	(1457, 171, '北安市', 3),
	(1458, 171, '嫩江县', 3),
	(1459, 171, '逊克县', 3),
	(1460, 171, '孙吴县', 3),
	(1461, 172, '鸡冠区', 3),
	(1462, 172, '恒山区', 3),
	(1463, 172, '城子河区', 3),
	(1464, 172, '滴道区', 3),
	(1465, 172, '梨树区', 3),
	(1466, 172, '虎林市', 3),
	(1467, 172, '密山市', 3),
	(1468, 172, '鸡东县', 3),
	(1469, 173, '前进区', 3),
	(1470, 173, '郊区', 3),
	(1471, 173, '向阳区', 3),
	(1472, 173, '东风区', 3),
	(1473, 173, '同江市', 3),
	(1474, 173, '富锦市', 3),
	(1475, 173, '桦南县', 3),
	(1476, 173, '桦川县', 3),
	(1477, 173, '汤原县', 3),
	(1478, 173, '抚远县', 3),
	(1479, 174, '爱民区', 3),
	(1480, 174, '东安区', 3),
	(1481, 174, '阳明区', 3),
	(1482, 174, '西安区', 3),
	(1483, 174, '绥芬河市', 3),
	(1484, 174, '海林市', 3),
	(1485, 174, '宁安市', 3),
	(1486, 174, '穆棱市', 3),
	(1487, 174, '东宁县', 3),
	(1488, 174, '林口县', 3),
	(1489, 175, '桃山区', 3),
	(1490, 175, '新兴区', 3),
	(1491, 175, '茄子河区', 3),
	(1492, 175, '勃利县', 3),
	(1493, 176, '龙沙区', 3),
	(1494, 176, '昂昂溪区', 3),
	(1495, 176, '铁峰区', 3),
	(1496, 176, '建华区', 3),
	(1497, 176, '富拉尔基区', 3),
	(1498, 176, '碾子山区', 3),
	(1499, 176, '梅里斯达斡尔区', 3),
	(1500, 176, '讷河市', 3),
	(1501, 176, '龙江县', 3),
	(1502, 176, '依安县', 3),
	(1503, 176, '泰来县', 3),
	(1504, 176, '甘南县', 3),
	(1505, 176, '富裕县', 3),
	(1506, 176, '克山县', 3),
	(1507, 176, '克东县', 3),
	(1508, 176, '拜泉县', 3),
	(1509, 177, '尖山区', 3),
	(1510, 177, '岭东区', 3),
	(1511, 177, '四方台区', 3),
	(1512, 177, '宝山区', 3),
	(1513, 177, '集贤县', 3),
	(1514, 177, '友谊县', 3),
	(1515, 177, '宝清县', 3),
	(1516, 177, '饶河县', 3),
	(1517, 178, '北林区', 3),
	(1518, 178, '安达市', 3),
	(1519, 178, '肇东市', 3),
	(1520, 178, '海伦市', 3),
	(1521, 178, '望奎县', 3),
	(1522, 178, '兰西县', 3),
	(1523, 178, '青冈县', 3),
	(1524, 178, '庆安县', 3),
	(1525, 178, '明水县', 3),
	(1526, 178, '绥棱县', 3),
	(1527, 179, '伊春区', 3),
	(1528, 179, '带岭区', 3),
	(1529, 179, '南岔区', 3),
	(1530, 179, '金山屯区', 3),
	(1531, 179, '西林区', 3),
	(1532, 179, '美溪区', 3),
	(1533, 179, '乌马河区', 3),
	(1534, 179, '翠峦区', 3),
	(1535, 179, '友好区', 3),
	(1536, 179, '上甘岭区', 3),
	(1537, 179, '五营区', 3),
	(1538, 179, '红星区', 3),
	(1539, 179, '新青区', 3),
	(1540, 179, '汤旺河区', 3),
	(1541, 179, '乌伊岭区', 3),
	(1542, 179, '铁力市', 3),
	(1543, 179, '嘉荫县', 3),
	(1544, 180, '江岸区', 3),
	(1545, 180, '武昌区', 3),
	(1546, 180, '江汉区', 3),
	(1547, 180, '硚口区', 3),
	(1548, 180, '汉阳区', 3),
	(1549, 180, '青山区', 3),
	(1550, 180, '洪山区', 3),
	(1551, 180, '东西湖区', 3),
	(1552, 180, '汉南区', 3),
	(1553, 180, '蔡甸区', 3),
	(1554, 180, '江夏区', 3),
	(1555, 180, '黄陂区', 3),
	(1556, 180, '新洲区', 3),
	(1557, 180, '经济开发区', 3),
	(1558, 181, '仙桃市', 3),
	(1559, 182, '鄂城区', 3),
	(1560, 182, '华容区', 3),
	(1561, 182, '梁子湖区', 3),
	(1562, 183, '黄州区', 3),
	(1563, 183, '麻城市', 3),
	(1564, 183, '武穴市', 3),
	(1565, 183, '团风县', 3),
	(1566, 183, '红安县', 3),
	(1567, 183, '罗田县', 3),
	(1568, 183, '英山县', 3),
	(1569, 183, '浠水县', 3),
	(1570, 183, '蕲春县', 3),
	(1571, 183, '黄梅县', 3),
	(1572, 184, '黄石港区', 3),
	(1573, 184, '西塞山区', 3),
	(1574, 184, '下陆区', 3),
	(1575, 184, '铁山区', 3),
	(1576, 184, '大冶市', 3),
	(1577, 184, '阳新县', 3),
	(1578, 185, '东宝区', 3),
	(1579, 185, '掇刀区', 3),
	(1580, 185, '钟祥市', 3),
	(1581, 185, '京山县', 3),
	(1582, 185, '沙洋县', 3),
	(1583, 186, '沙市区', 3),
	(1584, 186, '荆州区', 3),
	(1585, 186, '石首市', 3),
	(1586, 186, '洪湖市', 3),
	(1587, 186, '松滋市', 3),
	(1588, 186, '公安县', 3),
	(1589, 186, '监利县', 3),
	(1590, 186, '江陵县', 3),
	(1591, 187, '潜江市', 3),
	(1592, 188, '神农架林区', 3),
	(1593, 189, '张湾区', 3),
	(1594, 189, '茅箭区', 3),
	(1595, 189, '丹江口市', 3),
	(1596, 189, '郧县', 3),
	(1597, 189, '郧西县', 3),
	(1598, 189, '竹山县', 3),
	(1599, 189, '竹溪县', 3),
	(1600, 189, '房县', 3),
	(1601, 190, '曾都区', 3),
	(1602, 190, '广水市', 3),
	(1603, 191, '天门市', 3),
	(1604, 192, '咸安区', 3),
	(1605, 192, '赤壁市', 3),
	(1606, 192, '嘉鱼县', 3),
	(1607, 192, '通城县', 3),
	(1608, 192, '崇阳县', 3),
	(1609, 192, '通山县', 3),
	(1610, 193, '襄城区', 3),
	(1611, 193, '樊城区', 3),
	(1612, 193, '襄阳区', 3),
	(1613, 193, '老河口市', 3),
	(1614, 193, '枣阳市', 3),
	(1615, 193, '宜城市', 3),
	(1616, 193, '南漳县', 3),
	(1617, 193, '谷城县', 3),
	(1618, 193, '保康县', 3),
	(1619, 194, '孝南区', 3),
	(1620, 194, '应城市', 3),
	(1621, 194, '安陆市', 3),
	(1622, 194, '汉川市', 3),
	(1623, 194, '孝昌县', 3),
	(1624, 194, '大悟县', 3),
	(1625, 194, '云梦县', 3),
	(1626, 195, '长阳', 3),
	(1627, 195, '五峰', 3),
	(1628, 195, '西陵区', 3),
	(1629, 195, '伍家岗区', 3),
	(1630, 195, '点军区', 3),
	(1631, 195, '猇亭区', 3),
	(1632, 195, '夷陵区', 3),
	(1633, 195, '宜都市', 3),
	(1634, 195, '当阳市', 3),
	(1635, 195, '枝江市', 3),
	(1636, 195, '远安县', 3),
	(1637, 195, '兴山县', 3),
	(1638, 195, '秭归县', 3),
	(1639, 196, '恩施市', 3),
	(1640, 196, '利川市', 3),
	(1641, 196, '建始县', 3),
	(1642, 196, '巴东县', 3),
	(1643, 196, '宣恩县', 3),
	(1644, 196, '咸丰县', 3),
	(1645, 196, '来凤县', 3),
	(1646, 196, '鹤峰县', 3),
	(1647, 197, '岳麓区', 3),
	(1648, 197, '芙蓉区', 3),
	(1649, 197, '天心区', 3),
	(1650, 197, '开福区', 3),
	(1651, 197, '雨花区', 3),
	(1652, 197, '开发区', 3),
	(1653, 197, '浏阳市', 3),
	(1654, 197, '长沙县', 3),
	(1655, 197, '望城县', 3),
	(1656, 197, '宁乡县', 3),
	(1657, 198, '永定区', 3),
	(1658, 198, '武陵源区', 3),
	(1659, 198, '慈利县', 3),
	(1660, 198, '桑植县', 3),
	(1661, 199, '武陵区', 3),
	(1662, 199, '鼎城区', 3),
	(1663, 199, '津市市', 3),
	(1664, 199, '安乡县', 3),
	(1665, 199, '汉寿县', 3),
	(1666, 199, '澧县', 3),
	(1667, 199, '临澧县', 3),
	(1668, 199, '桃源县', 3),
	(1669, 199, '石门县', 3),
	(1670, 200, '北湖区', 3),
	(1671, 200, '苏仙区', 3),
	(1672, 200, '资兴市', 3),
	(1673, 200, '桂阳县', 3),
	(1674, 200, '宜章县', 3),
	(1675, 200, '永兴县', 3),
	(1676, 200, '嘉禾县', 3),
	(1677, 200, '临武县', 3),
	(1678, 200, '汝城县', 3),
	(1679, 200, '桂东县', 3),
	(1680, 200, '安仁县', 3),
	(1681, 201, '雁峰区', 3),
	(1682, 201, '珠晖区', 3),
	(1683, 201, '石鼓区', 3),
	(1684, 201, '蒸湘区', 3),
	(1685, 201, '南岳区', 3),
	(1686, 201, '耒阳市', 3),
	(1687, 201, '常宁市', 3),
	(1688, 201, '衡阳县', 3),
	(1689, 201, '衡南县', 3),
	(1690, 201, '衡山县', 3),
	(1691, 201, '衡东县', 3),
	(1692, 201, '祁东县', 3),
	(1693, 202, '鹤城区', 3),
	(1694, 202, '靖州', 3),
	(1695, 202, '麻阳', 3),
	(1696, 202, '通道', 3),
	(1697, 202, '新晃', 3),
	(1698, 202, '芷江', 3),
	(1699, 202, '沅陵县', 3),
	(1700, 202, '辰溪县', 3),
	(1701, 202, '溆浦县', 3),
	(1702, 202, '中方县', 3),
	(1703, 202, '会同县', 3),
	(1704, 202, '洪江市', 3),
	(1705, 203, '娄星区', 3),
	(1706, 203, '冷水江市', 3),
	(1707, 203, '涟源市', 3),
	(1708, 203, '双峰县', 3),
	(1709, 203, '新化县', 3),
	(1710, 204, '城步', 3),
	(1711, 204, '双清区', 3),
	(1712, 204, '大祥区', 3),
	(1713, 204, '北塔区', 3),
	(1714, 204, '武冈市', 3),
	(1715, 204, '邵东县', 3),
	(1716, 204, '新邵县', 3),
	(1717, 204, '邵阳县', 3),
	(1718, 204, '隆回县', 3),
	(1719, 204, '洞口县', 3),
	(1720, 204, '绥宁县', 3),
	(1721, 204, '新宁县', 3),
	(1722, 205, '岳塘区', 3),
	(1723, 205, '雨湖区', 3),
	(1724, 205, '湘乡市', 3),
	(1725, 205, '韶山市', 3),
	(1726, 205, '湘潭县', 3),
	(1727, 206, '吉首市', 3),
	(1728, 206, '泸溪县', 3),
	(1729, 206, '凤凰县', 3),
	(1730, 206, '花垣县', 3),
	(1731, 206, '保靖县', 3),
	(1732, 206, '古丈县', 3),
	(1733, 206, '永顺县', 3),
	(1734, 206, '龙山县', 3),
	(1735, 207, '赫山区', 3),
	(1736, 207, '资阳区', 3),
	(1737, 207, '沅江市', 3),
	(1738, 207, '南县', 3),
	(1739, 207, '桃江县', 3),
	(1740, 207, '安化县', 3),
	(1741, 208, '江华', 3),
	(1742, 208, '冷水滩区', 3),
	(1743, 208, '零陵区', 3),
	(1744, 208, '祁阳县', 3),
	(1745, 208, '东安县', 3),
	(1746, 208, '双牌县', 3),
	(1747, 208, '道县', 3),
	(1748, 208, '江永县', 3),
	(1749, 208, '宁远县', 3),
	(1750, 208, '蓝山县', 3),
	(1751, 208, '新田县', 3),
	(1752, 209, '岳阳楼区', 3),
	(1753, 209, '君山区', 3),
	(1754, 209, '云溪区', 3),
	(1755, 209, '汨罗市', 3),
	(1756, 209, '临湘市', 3),
	(1757, 209, '岳阳县', 3),
	(1758, 209, '华容县', 3),
	(1759, 209, '湘阴县', 3),
	(1760, 209, '平江县', 3),
	(1761, 210, '天元区', 3),
	(1762, 210, '荷塘区', 3),
	(1763, 210, '芦淞区', 3),
	(1764, 210, '石峰区', 3),
	(1765, 210, '醴陵市', 3),
	(1766, 210, '株洲县', 3),
	(1767, 210, '攸县', 3),
	(1768, 210, '茶陵县', 3),
	(1769, 210, '炎陵县', 3),
	(1770, 211, '朝阳区', 3),
	(1771, 211, '宽城区', 3),
	(1772, 211, '二道区', 3),
	(1773, 211, '南关区', 3),
	(1774, 211, '绿园区', 3),
	(1775, 211, '双阳区', 3),
	(1776, 211, '净月潭开发区', 3),
	(1777, 211, '高新技术开发区', 3),
	(1778, 211, '经济技术开发区', 3),
	(1779, 211, '汽车产业开发区', 3),
	(1780, 211, '德惠市', 3),
	(1781, 211, '九台市', 3),
	(1782, 211, '榆树市', 3),
	(1783, 211, '农安县', 3),
	(1784, 212, '船营区', 3),
	(1785, 212, '昌邑区', 3),
	(1786, 212, '龙潭区', 3),
	(1787, 212, '丰满区', 3),
	(1788, 212, '蛟河市', 3),
	(1789, 212, '桦甸市', 3),
	(1790, 212, '舒兰市', 3),
	(1791, 212, '磐石市', 3),
	(1792, 212, '永吉县', 3),
	(1793, 213, '洮北区', 3),
	(1794, 213, '洮南市', 3),
	(1795, 213, '大安市', 3),
	(1796, 213, '镇赉县', 3),
	(1797, 213, '通榆县', 3),
	(1798, 214, '江源区', 3),
	(1799, 214, '八道江区', 3),
	(1800, 214, '长白', 3),
	(1801, 214, '临江市', 3),
	(1802, 214, '抚松县', 3),
	(1803, 214, '靖宇县', 3),
	(1804, 215, '龙山区', 3),
	(1805, 215, '西安区', 3),
	(1806, 215, '东丰县', 3),
	(1807, 215, '东辽县', 3),
	(1808, 216, '铁西区', 3),
	(1809, 216, '铁东区', 3),
	(1810, 216, '伊通', 3),
	(1811, 216, '公主岭市', 3),
	(1812, 216, '双辽市', 3),
	(1813, 216, '梨树县', 3),
	(1814, 217, '前郭尔罗斯', 3),
	(1815, 217, '宁江区', 3),
	(1816, 217, '长岭县', 3),
	(1817, 217, '乾安县', 3),
	(1818, 217, '扶余县', 3),
	(1819, 218, '东昌区', 3),
	(1820, 218, '二道江区', 3),
	(1821, 218, '梅河口市', 3),
	(1822, 218, '集安市', 3),
	(1823, 218, '通化县', 3),
	(1824, 218, '辉南县', 3),
	(1825, 218, '柳河县', 3),
	(1826, 219, '延吉市', 3),
	(1827, 219, '图们市', 3),
	(1828, 219, '敦化市', 3),
	(1829, 219, '珲春市', 3),
	(1830, 219, '龙井市', 3),
	(1831, 219, '和龙市', 3),
	(1832, 219, '安图县', 3),
	(1833, 219, '汪清县', 3),
	(1834, 220, '玄武区', 3),
	(1835, 220, '鼓楼区', 3),
	(1836, 220, '白下区', 3),
	(1837, 220, '建邺区', 3),
	(1838, 220, '秦淮区', 3),
	(1839, 220, '雨花台区', 3),
	(1840, 220, '下关区', 3),
	(1841, 220, '栖霞区', 3),
	(1842, 220, '浦口区', 3),
	(1843, 220, '江宁区', 3),
	(1844, 220, '六合区', 3),
	(1845, 220, '溧水县', 3),
	(1846, 220, '高淳县', 3),
	(1847, 221, '沧浪区', 3),
	(1848, 221, '金阊区', 3),
	(1849, 221, '平江区', 3),
	(1850, 221, '虎丘区', 3),
	(1851, 221, '吴中区', 3),
	(1852, 221, '相城区', 3),
	(1853, 221, '园区', 3),
	(1854, 221, '新区', 3),
	(1855, 221, '常熟市', 3),
	(1856, 221, '张家港市', 3),
	(1857, 221, '玉山镇', 3),
	(1858, 221, '巴城镇', 3),
	(1859, 221, '周市镇', 3),
	(1860, 221, '陆家镇', 3),
	(1861, 221, '花桥镇', 3),
	(1862, 221, '淀山湖镇', 3),
	(1863, 221, '张浦镇', 3),
	(1864, 221, '周庄镇', 3),
	(1865, 221, '千灯镇', 3),
	(1866, 221, '锦溪镇', 3),
	(1867, 221, '开发区', 3),
	(1868, 221, '吴江市', 3),
	(1869, 221, '太仓市', 3),
	(1870, 222, '崇安区', 3),
	(1871, 222, '北塘区', 3),
	(1872, 222, '南长区', 3),
	(1873, 222, '锡山区', 3),
	(1874, 222, '惠山区', 3),
	(1875, 222, '滨湖区', 3),
	(1876, 222, '新区', 3),
	(1877, 222, '江阴市', 3),
	(1878, 222, '宜兴市', 3),
	(1879, 223, '天宁区', 3),
	(1880, 223, '钟楼区', 3),
	(1881, 223, '戚墅堰区', 3),
	(1882, 223, '郊区', 3),
	(1883, 223, '新北区', 3),
	(1884, 223, '武进区', 3),
	(1885, 223, '溧阳市', 3),
	(1886, 223, '金坛市', 3),
	(1887, 224, '清河区', 3),
	(1888, 224, '清浦区', 3),
	(1889, 224, '楚州区', 3),
	(1890, 224, '淮阴区', 3),
	(1891, 224, '涟水县', 3),
	(1892, 224, '洪泽县', 3),
	(1893, 224, '盱眙县', 3),
	(1894, 224, '金湖县', 3),
	(1895, 225, '新浦区', 3),
	(1896, 225, '连云区', 3),
	(1897, 225, '海州区', 3),
	(1898, 225, '赣榆县', 3),
	(1899, 225, '东海县', 3),
	(1900, 225, '灌云县', 3),
	(1901, 225, '灌南县', 3),
	(1902, 226, '崇川区', 3),
	(1903, 226, '港闸区', 3),
	(1904, 226, '经济开发区', 3),
	(1905, 226, '启东市', 3),
	(1906, 226, '如皋市', 3),
	(1907, 226, '通州市', 3),
	(1908, 226, '海门市', 3),
	(1909, 226, '海安县', 3),
	(1910, 226, '如东县', 3),
	(1911, 227, '宿城区', 3),
	(1912, 227, '宿豫区', 3),
	(1913, 227, '宿豫县', 3),
	(1914, 227, '沭阳县', 3),
	(1915, 227, '泗阳县', 3),
	(1916, 227, '泗洪县', 3),
	(1917, 228, '海陵区', 3),
	(1918, 228, '高港区', 3),
	(1919, 228, '兴化市', 3),
	(1920, 228, '靖江市', 3),
	(1921, 228, '泰兴市', 3),
	(1922, 228, '姜堰市', 3),
	(1923, 229, '云龙区', 3),
	(1924, 229, '鼓楼区', 3),
	(1925, 229, '九里区', 3),
	(1926, 229, '贾汪区', 3),
	(1927, 229, '泉山区', 3),
	(1928, 229, '新沂市', 3),
	(1929, 229, '邳州市', 3),
	(1930, 229, '丰县', 3),
	(1931, 229, '沛县', 3),
	(1932, 229, '铜山县', 3),
	(1933, 229, '睢宁县', 3),
	(1934, 230, '城区', 3),
	(1935, 230, '亭湖区', 3),
	(1936, 230, '盐都区', 3),
	(1937, 230, '盐都县', 3),
	(1938, 230, '东台市', 3),
	(1939, 230, '大丰市', 3),
	(1940, 230, '响水县', 3),
	(1941, 230, '滨海县', 3),
	(1942, 230, '阜宁县', 3),
	(1943, 230, '射阳县', 3),
	(1944, 230, '建湖县', 3),
	(1945, 231, '广陵区', 3),
	(1946, 231, '维扬区', 3),
	(1947, 231, '邗江区', 3),
	(1948, 231, '仪征市', 3),
	(1949, 231, '高邮市', 3),
	(1950, 231, '江都市', 3),
	(1951, 231, '宝应县', 3),
	(1952, 232, '京口区', 3),
	(1953, 232, '润州区', 3),
	(1954, 232, '丹徒区', 3),
	(1955, 232, '丹阳市', 3),
	(1956, 232, '扬中市', 3),
	(1957, 232, '句容市', 3),
	(1958, 233, '东湖区', 3),
	(1959, 233, '西湖区', 3),
	(1960, 233, '青云谱区', 3),
	(1961, 233, '湾里区', 3),
	(1962, 233, '青山湖区', 3),
	(1963, 233, '红谷滩新区', 3),
	(1964, 233, '昌北区', 3),
	(1965, 233, '高新区', 3),
	(1966, 233, '南昌县', 3),
	(1967, 233, '新建县', 3),
	(1968, 233, '安义县', 3),
	(1969, 233, '进贤县', 3),
	(1970, 234, '临川区', 3),
	(1971, 234, '南城县', 3),
	(1972, 234, '黎川县', 3),
	(1973, 234, '南丰县', 3),
	(1974, 234, '崇仁县', 3),
	(1975, 234, '乐安县', 3),
	(1976, 234, '宜黄县', 3),
	(1977, 234, '金溪县', 3),
	(1978, 234, '资溪县', 3),
	(1979, 234, '东乡县', 3),
	(1980, 234, '广昌县', 3),
	(1981, 235, '章贡区', 3),
	(1982, 235, '于都县', 3),
	(1983, 235, '瑞金市', 3),
	(1984, 235, '南康市', 3),
	(1985, 235, '赣县', 3),
	(1986, 235, '信丰县', 3),
	(1987, 235, '大余县', 3),
	(1988, 235, '上犹县', 3),
	(1989, 235, '崇义县', 3),
	(1990, 235, '安远县', 3),
	(1991, 235, '龙南县', 3),
	(1992, 235, '定南县', 3),
	(1993, 235, '全南县', 3),
	(1994, 235, '宁都县', 3),
	(1995, 235, '兴国县', 3),
	(1996, 235, '会昌县', 3),
	(1997, 235, '寻乌县', 3),
	(1998, 235, '石城县', 3),
	(1999, 236, '安福县', 3),
	(2000, 236, '吉州区', 3),
	(2001, 236, '青原区', 3),
	(2002, 236, '井冈山市', 3),
	(2003, 236, '吉安县', 3),
	(2004, 236, '吉水县', 3),
	(2005, 236, '峡江县', 3),
	(2006, 236, '新干县', 3),
	(2007, 236, '永丰县', 3),
	(2008, 236, '泰和县', 3),
	(2009, 236, '遂川县', 3),
	(2010, 236, '万安县', 3),
	(2011, 236, '永新县', 3),
	(2012, 237, '珠山区', 3),
	(2013, 237, '昌江区', 3),
	(2014, 237, '乐平市', 3),
	(2015, 237, '浮梁县', 3),
	(2016, 238, '浔阳区', 3),
	(2017, 238, '庐山区', 3),
	(2018, 238, '瑞昌市', 3),
	(2019, 238, '九江县', 3),
	(2020, 238, '武宁县', 3),
	(2021, 238, '修水县', 3),
	(2022, 238, '永修县', 3),
	(2023, 238, '德安县', 3),
	(2024, 238, '星子县', 3),
	(2025, 238, '都昌县', 3),
	(2026, 238, '湖口县', 3),
	(2027, 238, '彭泽县', 3),
	(2028, 239, '安源区', 3),
	(2029, 239, '湘东区', 3),
	(2030, 239, '莲花县', 3),
	(2031, 239, '芦溪县', 3),
	(2032, 239, '上栗县', 3),
	(2033, 240, '信州区', 3),
	(2034, 240, '德兴市', 3),
	(2035, 240, '上饶县', 3),
	(2036, 240, '广丰县', 3),
	(2037, 240, '玉山县', 3),
	(2038, 240, '铅山县', 3),
	(2039, 240, '横峰县', 3),
	(2040, 240, '弋阳县', 3),
	(2041, 240, '余干县', 3),
	(2042, 240, '波阳县', 3),
	(2043, 240, '万年县', 3),
	(2044, 240, '婺源县', 3),
	(2045, 241, '渝水区', 3),
	(2046, 241, '分宜县', 3),
	(2047, 242, '袁州区', 3),
	(2048, 242, '丰城市', 3),
	(2049, 242, '樟树市', 3),
	(2050, 242, '高安市', 3),
	(2051, 242, '奉新县', 3),
	(2052, 242, '万载县', 3),
	(2053, 242, '上高县', 3),
	(2054, 242, '宜丰县', 3),
	(2055, 242, '靖安县', 3),
	(2056, 242, '铜鼓县', 3),
	(2057, 243, '月湖区', 3),
	(2058, 243, '贵溪市', 3),
	(2059, 243, '余江县', 3),
	(2060, 244, '沈河区', 3),
	(2061, 244, '皇姑区', 3),
	(2062, 244, '和平区', 3),
	(2063, 244, '大东区', 3),
	(2064, 244, '铁西区', 3),
	(2065, 244, '苏家屯区', 3),
	(2066, 244, '东陵区', 3),
	(2067, 244, '沈北新区', 3),
	(2068, 244, '于洪区', 3),
	(2069, 244, '浑南新区', 3),
	(2070, 244, '新民市', 3),
	(2071, 244, '辽中县', 3),
	(2072, 244, '康平县', 3),
	(2073, 244, '法库县', 3),
	(2074, 245, '西岗区', 3),
	(2075, 245, '中山区', 3),
	(2076, 245, '沙河口区', 3),
	(2077, 245, '甘井子区', 3),
	(2078, 245, '旅顺口区', 3),
	(2079, 245, '金州区', 3),
	(2080, 245, '开发区', 3),
	(2081, 245, '瓦房店市', 3),
	(2082, 245, '普兰店市', 3),
	(2083, 245, '庄河市', 3),
	(2084, 245, '长海县', 3),
	(2085, 246, '铁东区', 3),
	(2086, 246, '铁西区', 3),
	(2087, 246, '立山区', 3),
	(2088, 246, '千山区', 3),
	(2089, 246, '岫岩', 3),
	(2090, 246, '海城市', 3),
	(2091, 246, '台安县', 3),
	(2092, 247, '本溪', 3),
	(2093, 247, '平山区', 3),
	(2094, 247, '明山区', 3),
	(2095, 247, '溪湖区', 3),
	(2096, 247, '南芬区', 3),
	(2097, 247, '桓仁', 3),
	(2098, 248, '双塔区', 3),
	(2099, 248, '龙城区', 3),
	(2100, 248, '喀喇沁左翼蒙古族自治县', 3),
	(2101, 248, '北票市', 3),
	(2102, 248, '凌源市', 3),
	(2103, 248, '朝阳县', 3),
	(2104, 248, '建平县', 3),
	(2105, 249, '振兴区', 3),
	(2106, 249, '元宝区', 3),
	(2107, 249, '振安区', 3),
	(2108, 249, '宽甸', 3),
	(2109, 249, '东港市', 3),
	(2110, 249, '凤城市', 3),
	(2111, 250, '顺城区', 3),
	(2112, 250, '新抚区', 3),
	(2113, 250, '东洲区', 3),
	(2114, 250, '望花区', 3),
	(2115, 250, '清原', 3),
	(2116, 250, '新宾', 3),
	(2117, 250, '抚顺县', 3),
	(2118, 251, '阜新', 3),
	(2119, 251, '海州区', 3),
	(2120, 251, '新邱区', 3),
	(2121, 251, '太平区', 3),
	(2122, 251, '清河门区', 3),
	(2123, 251, '细河区', 3),
	(2124, 251, '彰武县', 3),
	(2125, 252, '龙港区', 3),
	(2126, 252, '南票区', 3),
	(2127, 252, '连山区', 3),
	(2128, 252, '兴城市', 3),
	(2129, 252, '绥中县', 3),
	(2130, 252, '建昌县', 3),
	(2131, 253, '太和区', 3),
	(2132, 253, '古塔区', 3),
	(2133, 253, '凌河区', 3),
	(2134, 253, '凌海市', 3),
	(2135, 253, '北镇市', 3),
	(2136, 253, '黑山县', 3),
	(2137, 253, '义县', 3),
	(2138, 254, '白塔区', 3),
	(2139, 254, '文圣区', 3),
	(2140, 254, '宏伟区', 3),
	(2141, 254, '太子河区', 3),
	(2142, 254, '弓长岭区', 3),
	(2143, 254, '灯塔市', 3),
	(2144, 254, '辽阳县', 3),
	(2145, 255, '双台子区', 3),
	(2146, 255, '兴隆台区', 3),
	(2147, 255, '大洼县', 3),
	(2148, 255, '盘山县', 3),
	(2149, 256, '银州区', 3),
	(2150, 256, '清河区', 3),
	(2151, 256, '调兵山市', 3),
	(2152, 256, '开原市', 3),
	(2153, 256, '铁岭县', 3),
	(2154, 256, '西丰县', 3),
	(2155, 256, '昌图县', 3),
	(2156, 257, '站前区', 3),
	(2157, 257, '西市区', 3),
	(2158, 257, '鲅鱼圈区', 3),
	(2159, 257, '老边区', 3),
	(2160, 257, '盖州市', 3),
	(2161, 257, '大石桥市', 3),
	(2162, 258, '回民区', 3),
	(2163, 258, '玉泉区', 3),
	(2164, 258, '新城区', 3),
	(2165, 258, '赛罕区', 3),
	(2166, 258, '清水河县', 3),
	(2167, 258, '土默特左旗', 3),
	(2168, 258, '托克托县', 3),
	(2169, 258, '和林格尔县', 3),
	(2170, 258, '武川县', 3),
	(2171, 259, '阿拉善左旗', 3),
	(2172, 259, '阿拉善右旗', 3),
	(2173, 259, '额济纳旗', 3),
	(2174, 260, '临河区', 3),
	(2175, 260, '五原县', 3),
	(2176, 260, '磴口县', 3),
	(2177, 260, '乌拉特前旗', 3),
	(2178, 260, '乌拉特中旗', 3),
	(2179, 260, '乌拉特后旗', 3),
	(2180, 260, '杭锦后旗', 3),
	(2181, 261, '昆都仑区', 3),
	(2182, 261, '青山区', 3),
	(2183, 261, '东河区', 3),
	(2184, 261, '九原区', 3),
	(2185, 261, '石拐区', 3),
	(2186, 261, '白云矿区', 3),
	(2187, 261, '土默特右旗', 3),
	(2188, 261, '固阳县', 3),
	(2189, 261, '达尔罕茂明安联合旗', 3),
	(2190, 262, '红山区', 3),
	(2191, 262, '元宝山区', 3),
	(2192, 262, '松山区', 3),
	(2193, 262, '阿鲁科尔沁旗', 3),
	(2194, 262, '巴林左旗', 3),
	(2195, 262, '巴林右旗', 3),
	(2196, 262, '林西县', 3),
	(2197, 262, '克什克腾旗', 3),
	(2198, 262, '翁牛特旗', 3),
	(2199, 262, '喀喇沁旗', 3),
	(2200, 262, '宁城县', 3),
	(2201, 262, '敖汉旗', 3),
	(2202, 263, '东胜区', 3),
	(2203, 263, '达拉特旗', 3),
	(2204, 263, '准格尔旗', 3),
	(2205, 263, '鄂托克前旗', 3),
	(2206, 263, '鄂托克旗', 3),
	(2207, 263, '杭锦旗', 3),
	(2208, 263, '乌审旗', 3),
	(2209, 263, '伊金霍洛旗', 3),
	(2210, 264, '海拉尔区', 3),
	(2211, 264, '莫力达瓦', 3),
	(2212, 264, '满洲里市', 3),
	(2213, 264, '牙克石市', 3),
	(2214, 264, '扎兰屯市', 3),
	(2215, 264, '额尔古纳市', 3),
	(2216, 264, '根河市', 3),
	(2217, 264, '阿荣旗', 3),
	(2218, 264, '鄂伦春自治旗', 3),
	(2219, 264, '鄂温克族自治旗', 3),
	(2220, 264, '陈巴尔虎旗', 3),
	(2221, 264, '新巴尔虎左旗', 3),
	(2222, 264, '新巴尔虎右旗', 3),
	(2223, 265, '科尔沁区', 3),
	(2224, 265, '霍林郭勒市', 3),
	(2225, 265, '科尔沁左翼中旗', 3),
	(2226, 265, '科尔沁左翼后旗', 3),
	(2227, 265, '开鲁县', 3),
	(2228, 265, '库伦旗', 3),
	(2229, 265, '奈曼旗', 3),
	(2230, 265, '扎鲁特旗', 3),
	(2231, 266, '海勃湾区', 3),
	(2232, 266, '乌达区', 3),
	(2233, 266, '海南区', 3),
	(2234, 267, '化德县', 3),
	(2235, 267, '集宁区', 3),
	(2236, 267, '丰镇市', 3),
	(2237, 267, '卓资县', 3),
	(2238, 267, '商都县', 3),
	(2239, 267, '兴和县', 3),
	(2240, 267, '凉城县', 3),
	(2241, 267, '察哈尔右翼前旗', 3),
	(2242, 267, '察哈尔右翼中旗', 3),
	(2243, 267, '察哈尔右翼后旗', 3),
	(2244, 267, '四子王旗', 3),
	(2245, 268, '二连浩特市', 3),
	(2246, 268, '锡林浩特市', 3),
	(2247, 268, '阿巴嘎旗', 3),
	(2248, 268, '苏尼特左旗', 3),
	(2249, 268, '苏尼特右旗', 3),
	(2250, 268, '东乌珠穆沁旗', 3),
	(2251, 268, '西乌珠穆沁旗', 3),
	(2252, 268, '太仆寺旗', 3),
	(2253, 268, '镶黄旗', 3),
	(2254, 268, '正镶白旗', 3),
	(2255, 268, '正蓝旗', 3),
	(2256, 268, '多伦县', 3),
	(2257, 269, '乌兰浩特市', 3),
	(2258, 269, '阿尔山市', 3),
	(2259, 269, '科尔沁右翼前旗', 3),
	(2260, 269, '科尔沁右翼中旗', 3),
	(2261, 269, '扎赉特旗', 3),
	(2262, 269, '突泉县', 3),
	(2263, 270, '西夏区', 3),
	(2264, 270, '金凤区', 3),
	(2265, 270, '兴庆区', 3),
	(2266, 270, '灵武市', 3),
	(2267, 270, '永宁县', 3),
	(2268, 270, '贺兰县', 3),
	(2269, 271, '原州区', 3),
	(2270, 271, '海原县', 3),
	(2271, 271, '西吉县', 3),
	(2272, 271, '隆德县', 3),
	(2273, 271, '泾源县', 3),
	(2274, 271, '彭阳县', 3),
	(2275, 272, '惠农县', 3),
	(2276, 272, '大武口区', 3),
	(2277, 272, '惠农区', 3),
	(2278, 272, '陶乐县', 3),
	(2279, 272, '平罗县', 3),
	(2280, 273, '利通区', 3),
	(2281, 273, '中卫县', 3),
	(2282, 273, '青铜峡市', 3),
	(2283, 273, '中宁县', 3),
	(2284, 273, '盐池县', 3),
	(2285, 273, '同心县', 3),
	(2286, 274, '沙坡头区', 3),
	(2287, 274, '海原县', 3),
	(2288, 274, '中宁县', 3),
	(2289, 275, '城中区', 3),
	(2290, 275, '城东区', 3),
	(2291, 275, '城西区', 3),
	(2292, 275, '城北区', 3),
	(2293, 275, '湟中县', 3),
	(2294, 275, '湟源县', 3),
	(2295, 275, '大通', 3),
	(2296, 276, '玛沁县', 3),
	(2297, 276, '班玛县', 3),
	(2298, 276, '甘德县', 3),
	(2299, 276, '达日县', 3),
	(2300, 276, '久治县', 3),
	(2301, 276, '玛多县', 3),
	(2302, 277, '海晏县', 3),
	(2303, 277, '祁连县', 3),
	(2304, 277, '刚察县', 3),
	(2305, 277, '门源', 3),
	(2306, 278, '平安县', 3),
	(2307, 278, '乐都县', 3),
	(2308, 278, '民和', 3),
	(2309, 278, '互助', 3),
	(2310, 278, '化隆', 3),
	(2311, 278, '循化', 3),
	(2312, 279, '共和县', 3),
	(2313, 279, '同德县', 3),
	(2314, 279, '贵德县', 3),
	(2315, 279, '兴海县', 3),
	(2316, 279, '贵南县', 3),
	(2317, 280, '德令哈市', 3),
	(2318, 280, '格尔木市', 3),
	(2319, 280, '乌兰县', 3),
	(2320, 280, '都兰县', 3),
	(2321, 280, '天峻县', 3),
	(2322, 281, '同仁县', 3),
	(2323, 281, '尖扎县', 3),
	(2324, 281, '泽库县', 3),
	(2325, 281, '河南蒙古族自治县', 3),
	(2326, 282, '玉树县', 3),
	(2327, 282, '杂多县', 3),
	(2328, 282, '称多县', 3),
	(2329, 282, '治多县', 3),
	(2330, 282, '囊谦县', 3),
	(2331, 282, '曲麻莱县', 3),
	(2332, 283, '市中区', 3),
	(2333, 283, '历下区', 3),
	(2334, 283, '天桥区', 3),
	(2335, 283, '槐荫区', 3),
	(2336, 283, '历城区', 3),
	(2337, 283, '长清区', 3),
	(2338, 283, '章丘市', 3),
	(2339, 283, '平阴县', 3),
	(2340, 283, '济阳县', 3),
	(2341, 283, '商河县', 3),
	(2342, 284, '市南区', 3),
	(2343, 284, '市北区', 3),
	(2344, 284, '城阳区', 3),
	(2345, 284, '四方区', 3),
	(2346, 284, '李沧区', 3),
	(2347, 284, '黄岛区', 3),
	(2348, 284, '崂山区', 3),
	(2349, 284, '胶州市', 3),
	(2350, 284, '即墨市', 3),
	(2351, 284, '平度市', 3),
	(2352, 284, '胶南市', 3),
	(2353, 284, '莱西市', 3),
	(2354, 285, '滨城区', 3),
	(2355, 285, '惠民县', 3),
	(2356, 285, '阳信县', 3),
	(2357, 285, '无棣县', 3),
	(2358, 285, '沾化县', 3),
	(2359, 285, '博兴县', 3),
	(2360, 285, '邹平县', 3),
	(2361, 286, '德城区', 3),
	(2362, 286, '陵县', 3),
	(2363, 286, '乐陵市', 3),
	(2364, 286, '禹城市', 3),
	(2365, 286, '宁津县', 3),
	(2366, 286, '庆云县', 3),
	(2367, 286, '临邑县', 3),
	(2368, 286, '齐河县', 3),
	(2369, 286, '平原县', 3),
	(2370, 286, '夏津县', 3),
	(2371, 286, '武城县', 3),
	(2372, 287, '东营区', 3),
	(2373, 287, '河口区', 3),
	(2374, 287, '垦利县', 3),
	(2375, 287, '利津县', 3),
	(2376, 287, '广饶县', 3),
	(2377, 288, '牡丹区', 3),
	(2378, 288, '曹县', 3),
	(2379, 288, '单县', 3),
	(2380, 288, '成武县', 3),
	(2381, 288, '巨野县', 3),
	(2382, 288, '郓城县', 3),
	(2383, 288, '鄄城县', 3),
	(2384, 288, '定陶县', 3),
	(2385, 288, '东明县', 3),
	(2386, 289, '市中区', 3),
	(2387, 289, '任城区', 3),
	(2388, 289, '曲阜市', 3),
	(2389, 289, '兖州市', 3),
	(2390, 289, '邹城市', 3),
	(2391, 289, '微山县', 3),
	(2392, 289, '鱼台县', 3),
	(2393, 289, '金乡县', 3),
	(2394, 289, '嘉祥县', 3),
	(2395, 289, '汶上县', 3),
	(2396, 289, '泗水县', 3),
	(2397, 289, '梁山县', 3),
	(2398, 290, '莱城区', 3),
	(2399, 290, '钢城区', 3),
	(2400, 291, '东昌府区', 3),
	(2401, 291, '临清市', 3),
	(2402, 291, '阳谷县', 3),
	(2403, 291, '莘县', 3),
	(2404, 291, '茌平县', 3),
	(2405, 291, '东阿县', 3),
	(2406, 291, '冠县', 3),
	(2407, 291, '高唐县', 3),
	(2408, 292, '兰山区', 3),
	(2409, 292, '罗庄区', 3),
	(2410, 292, '河东区', 3),
	(2411, 292, '沂南县', 3),
	(2412, 292, '郯城县', 3),
	(2413, 292, '沂水县', 3),
	(2414, 292, '苍山县', 3),
	(2415, 292, '费县', 3),
	(2416, 292, '平邑县', 3),
	(2417, 292, '莒南县', 3),
	(2418, 292, '蒙阴县', 3),
	(2419, 292, '临沭县', 3),
	(2420, 293, '东港区', 3),
	(2421, 293, '岚山区', 3),
	(2422, 293, '五莲县', 3),
	(2423, 293, '莒县', 3),
	(2424, 294, '泰山区', 3),
	(2425, 294, '岱岳区', 3),
	(2426, 294, '新泰市', 3),
	(2427, 294, '肥城市', 3),
	(2428, 294, '宁阳县', 3),
	(2429, 294, '东平县', 3),
	(2430, 295, '荣成市', 3),
	(2431, 295, '乳山市', 3),
	(2432, 295, '环翠区', 3),
	(2433, 295, '文登市', 3),
	(2434, 296, '潍城区', 3),
	(2435, 296, '寒亭区', 3),
	(2436, 296, '坊子区', 3),
	(2437, 296, '奎文区', 3),
	(2438, 296, '青州市', 3),
	(2439, 296, '诸城市', 3),
	(2440, 296, '寿光市', 3),
	(2441, 296, '安丘市', 3),
	(2442, 296, '高密市', 3),
	(2443, 296, '昌邑市', 3),
	(2444, 296, '临朐县', 3),
	(2445, 296, '昌乐县', 3),
	(2446, 297, '芝罘区', 3),
	(2447, 297, '福山区', 3),
	(2448, 297, '牟平区', 3),
	(2449, 297, '莱山区', 3),
	(2450, 297, '开发区', 3),
	(2451, 297, '龙口市', 3),
	(2452, 297, '莱阳市', 3),
	(2453, 297, '莱州市', 3),
	(2454, 297, '蓬莱市', 3),
	(2455, 297, '招远市', 3),
	(2456, 297, '栖霞市', 3),
	(2457, 297, '海阳市', 3),
	(2458, 297, '长岛县', 3),
	(2459, 298, '市中区', 3),
	(2460, 298, '山亭区', 3),
	(2461, 298, '峄城区', 3),
	(2462, 298, '台儿庄区', 3),
	(2463, 298, '薛城区', 3),
	(2464, 298, '滕州市', 3),
	(2465, 299, '张店区', 3),
	(2466, 299, '临淄区', 3),
	(2467, 299, '淄川区', 3),
	(2468, 299, '博山区', 3),
	(2469, 299, '周村区', 3),
	(2470, 299, '桓台县', 3),
	(2471, 299, '高青县', 3),
	(2472, 299, '沂源县', 3),
	(2473, 300, '杏花岭区', 3),
	(2474, 300, '小店区', 3),
	(2475, 300, '迎泽区', 3),
	(2476, 300, '尖草坪区', 3),
	(2477, 300, '万柏林区', 3),
	(2478, 300, '晋源区', 3),
	(2479, 300, '高新开发区', 3),
	(2480, 300, '民营经济开发区', 3),
	(2481, 300, '经济技术开发区', 3),
	(2482, 300, '清徐县', 3),
	(2483, 300, '阳曲县', 3),
	(2484, 300, '娄烦县', 3),
	(2485, 300, '古交市', 3),
	(2486, 301, '城区', 3),
	(2487, 301, '郊区', 3),
	(2488, 301, '沁县', 3),
	(2489, 301, '潞城市', 3),
	(2490, 301, '长治县', 3),
	(2491, 301, '襄垣县', 3),
	(2492, 301, '屯留县', 3),
	(2493, 301, '平顺县', 3),
	(2494, 301, '黎城县', 3),
	(2495, 301, '壶关县', 3),
	(2496, 301, '长子县', 3),
	(2497, 301, '武乡县', 3),
	(2498, 301, '沁源县', 3),
	(2499, 302, '城区', 3),
	(2500, 302, '矿区', 3),
	(2501, 302, '南郊区', 3),
	(2502, 302, '新荣区', 3),
	(2503, 302, '阳高县', 3),
	(2504, 302, '天镇县', 3),
	(2505, 302, '广灵县', 3),
	(2506, 302, '灵丘县', 3),
	(2507, 302, '浑源县', 3),
	(2508, 302, '左云县', 3),
	(2509, 302, '大同县', 3),
	(2510, 303, '城区', 3),
	(2511, 303, '高平市', 3),
	(2512, 303, '沁水县', 3),
	(2513, 303, '阳城县', 3),
	(2514, 303, '陵川县', 3),
	(2515, 303, '泽州县', 3),
	(2516, 304, '榆次区', 3),
	(2517, 304, '介休市', 3),
	(2518, 304, '榆社县', 3),
	(2519, 304, '左权县', 3),
	(2520, 304, '和顺县', 3),
	(2521, 304, '昔阳县', 3),
	(2522, 304, '寿阳县', 3),
	(2523, 304, '太谷县', 3),
	(2524, 304, '祁县', 3),
	(2525, 304, '平遥县', 3),
	(2526, 304, '灵石县', 3),
	(2527, 305, '尧都区', 3),
	(2528, 305, '侯马市', 3),
	(2529, 305, '霍州市', 3),
	(2530, 305, '曲沃县', 3),
	(2531, 305, '翼城县', 3),
	(2532, 305, '襄汾县', 3),
	(2533, 305, '洪洞县', 3),
	(2534, 305, '吉县', 3),
	(2535, 305, '安泽县', 3),
	(2536, 305, '浮山县', 3),
	(2537, 305, '古县', 3),
	(2538, 305, '乡宁县', 3),
	(2539, 305, '大宁县', 3),
	(2540, 305, '隰县', 3),
	(2541, 305, '永和县', 3),
	(2542, 305, '蒲县', 3),
	(2543, 305, '汾西县', 3),
	(2544, 306, '离石市', 3),
	(2545, 306, '离石区', 3),
	(2546, 306, '孝义市', 3),
	(2547, 306, '汾阳市', 3),
	(2548, 306, '文水县', 3),
	(2549, 306, '交城县', 3),
	(2550, 306, '兴县', 3),
	(2551, 306, '临县', 3),
	(2552, 306, '柳林县', 3),
	(2553, 306, '石楼县', 3),
	(2554, 306, '岚县', 3),
	(2555, 306, '方山县', 3),
	(2556, 306, '中阳县', 3),
	(2557, 306, '交口县', 3),
	(2558, 307, '朔城区', 3),
	(2559, 307, '平鲁区', 3),
	(2560, 307, '山阴县', 3),
	(2561, 307, '应县', 3),
	(2562, 307, '右玉县', 3),
	(2563, 307, '怀仁县', 3),
	(2564, 308, '忻府区', 3),
	(2565, 308, '原平市', 3),
	(2566, 308, '定襄县', 3),
	(2567, 308, '五台县', 3),
	(2568, 308, '代县', 3),
	(2569, 308, '繁峙县', 3),
	(2570, 308, '宁武县', 3),
	(2571, 308, '静乐县', 3),
	(2572, 308, '神池县', 3),
	(2573, 308, '五寨县', 3),
	(2574, 308, '岢岚县', 3),
	(2575, 308, '河曲县', 3),
	(2576, 308, '保德县', 3),
	(2577, 308, '偏关县', 3),
	(2578, 309, '城区', 3),
	(2579, 309, '矿区', 3),
	(2580, 309, '郊区', 3),
	(2581, 309, '平定县', 3),
	(2582, 309, '盂县', 3),
	(2583, 310, '盐湖区', 3),
	(2584, 310, '永济市', 3),
	(2585, 310, '河津市', 3),
	(2586, 310, '临猗县', 3),
	(2587, 310, '万荣县', 3),
	(2588, 310, '闻喜县', 3),
	(2589, 310, '稷山县', 3),
	(2590, 310, '新绛县', 3),
	(2591, 310, '绛县', 3),
	(2592, 310, '垣曲县', 3),
	(2593, 310, '夏县', 3),
	(2594, 310, '平陆县', 3),
	(2595, 310, '芮城县', 3),
	(2596, 311, '莲湖区', 3),
	(2597, 311, '新城区', 3),
	(2598, 311, '碑林区', 3),
	(2599, 311, '雁塔区', 3),
	(2600, 311, '灞桥区', 3),
	(2601, 311, '未央区', 3),
	(2602, 311, '阎良区', 3),
	(2603, 311, '临潼区', 3),
	(2604, 311, '长安区', 3),
	(2605, 311, '蓝田县', 3),
	(2606, 311, '周至县', 3),
	(2607, 311, '户县', 3),
	(2608, 311, '高陵县', 3),
	(2609, 312, '汉滨区', 3),
	(2610, 312, '汉阴县', 3),
	(2611, 312, '石泉县', 3),
	(2612, 312, '宁陕县', 3),
	(2613, 312, '紫阳县', 3),
	(2614, 312, '岚皋县', 3),
	(2615, 312, '平利县', 3),
	(2616, 312, '镇坪县', 3),
	(2617, 312, '旬阳县', 3),
	(2618, 312, '白河县', 3),
	(2619, 313, '陈仓区', 3),
	(2620, 313, '渭滨区', 3),
	(2621, 313, '金台区', 3),
	(2622, 313, '凤翔县', 3),
	(2623, 313, '岐山县', 3),
	(2624, 313, '扶风县', 3),
	(2625, 313, '眉县', 3),
	(2626, 313, '陇县', 3),
	(2627, 313, '千阳县', 3),
	(2628, 313, '麟游县', 3),
	(2629, 313, '凤县', 3),
	(2630, 313, '太白县', 3),
	(2631, 314, '汉台区', 3),
	(2632, 314, '南郑县', 3),
	(2633, 314, '城固县', 3),
	(2634, 314, '洋县', 3),
	(2635, 314, '西乡县', 3),
	(2636, 314, '勉县', 3),
	(2637, 314, '宁强县', 3),
	(2638, 314, '略阳县', 3),
	(2639, 314, '镇巴县', 3),
	(2640, 314, '留坝县', 3),
	(2641, 314, '佛坪县', 3),
	(2642, 315, '商州区', 3),
	(2643, 315, '洛南县', 3),
	(2644, 315, '丹凤县', 3),
	(2645, 315, '商南县', 3),
	(2646, 315, '山阳县', 3),
	(2647, 315, '镇安县', 3),
	(2648, 315, '柞水县', 3),
	(2649, 316, '耀州区', 3),
	(2650, 316, '王益区', 3),
	(2651, 316, '印台区', 3),
	(2652, 316, '宜君县', 3),
	(2653, 317, '临渭区', 3),
	(2654, 317, '韩城市', 3),
	(2655, 317, '华阴市', 3),
	(2656, 317, '华县', 3),
	(2657, 317, '潼关县', 3),
	(2658, 317, '大荔县', 3),
	(2659, 317, '合阳县', 3),
	(2660, 317, '澄城县', 3),
	(2661, 317, '蒲城县', 3),
	(2662, 317, '白水县', 3),
	(2663, 317, '富平县', 3),
	(2664, 318, '秦都区', 3),
	(2665, 318, '渭城区', 3),
	(2666, 318, '杨陵区', 3),
	(2667, 318, '兴平市', 3),
	(2668, 318, '三原县', 3),
	(2669, 318, '泾阳县', 3),
	(2670, 318, '乾县', 3),
	(2671, 318, '礼泉县', 3),
	(2672, 318, '永寿县', 3),
	(2673, 318, '彬县', 3),
	(2674, 318, '长武县', 3),
	(2675, 318, '旬邑县', 3),
	(2676, 318, '淳化县', 3),
	(2677, 318, '武功县', 3),
	(2678, 319, '吴起县', 3),
	(2679, 319, '宝塔区', 3),
	(2680, 319, '延长县', 3),
	(2681, 319, '延川县', 3),
	(2682, 319, '子长县', 3),
	(2683, 319, '安塞县', 3),
	(2684, 319, '志丹县', 3),
	(2685, 319, '甘泉县', 3),
	(2686, 319, '富县', 3),
	(2687, 319, '洛川县', 3),
	(2688, 319, '宜川县', 3),
	(2689, 319, '黄龙县', 3),
	(2690, 319, '黄陵县', 3),
	(2691, 320, '榆阳区', 3),
	(2692, 320, '神木县', 3),
	(2693, 320, '府谷县', 3),
	(2694, 320, '横山县', 3),
	(2695, 320, '靖边县', 3),
	(2696, 320, '定边县', 3),
	(2697, 320, '绥德县', 3),
	(2698, 320, '米脂县', 3),
	(2699, 320, '佳县', 3),
	(2700, 320, '吴堡县', 3),
	(2701, 320, '清涧县', 3),
	(2702, 320, '子洲县', 3),
	(2703, 321, '长宁区', 3),
	(2704, 321, '闸北区', 3),
	(2705, 321, '闵行区', 3),
	(2706, 321, '徐汇区', 3),
	(2707, 321, '浦东新区', 3),
	(2708, 321, '杨浦区', 3),
	(2709, 321, '普陀区', 3),
	(2710, 321, '静安区', 3),
	(2711, 321, '卢湾区', 3),
	(2712, 321, '虹口区', 3),
	(2713, 321, '黄浦区', 3),
	(2714, 321, '南汇区', 3),
	(2715, 321, '松江区', 3),
	(2716, 321, '嘉定区', 3),
	(2717, 321, '宝山区', 3),
	(2718, 321, '青浦区', 3),
	(2719, 321, '金山区', 3),
	(2720, 321, '奉贤区', 3),
	(2721, 321, '崇明县', 3),
	(2722, 322, '青羊区', 3),
	(2723, 322, '锦江区', 3),
	(2724, 322, '金牛区', 3),
	(2725, 322, '武侯区', 3),
	(2726, 322, '成华区', 3),
	(2727, 322, '龙泉驿区', 3),
	(2728, 322, '青白江区', 3),
	(2729, 322, '新都区', 3),
	(2730, 322, '温江区', 3),
	(2731, 322, '高新区', 3),
	(2732, 322, '高新西区', 3),
	(2733, 322, '都江堰市', 3),
	(2734, 322, '彭州市', 3),
	(2735, 322, '邛崃市', 3),
	(2736, 322, '崇州市', 3),
	(2737, 322, '金堂县', 3),
	(2738, 322, '双流县', 3),
	(2739, 322, '郫县', 3),
	(2740, 322, '大邑县', 3),
	(2741, 322, '蒲江县', 3),
	(2742, 322, '新津县', 3),
	(2743, 322, '都江堰市', 3),
	(2744, 322, '彭州市', 3),
	(2745, 322, '邛崃市', 3),
	(2746, 322, '崇州市', 3),
	(2747, 322, '金堂县', 3),
	(2748, 322, '双流县', 3),
	(2749, 322, '郫县', 3),
	(2750, 322, '大邑县', 3),
	(2751, 322, '蒲江县', 3),
	(2752, 322, '新津县', 3),
	(2753, 323, '涪城区', 3),
	(2754, 323, '游仙区', 3),
	(2755, 323, '江油市', 3),
	(2756, 323, '盐亭县', 3),
	(2757, 323, '三台县', 3),
	(2758, 323, '平武县', 3),
	(2759, 323, '安县', 3),
	(2760, 323, '梓潼县', 3),
	(2761, 323, '北川县', 3),
	(2762, 324, '马尔康县', 3),
	(2763, 324, '汶川县', 3),
	(2764, 324, '理县', 3),
	(2765, 324, '茂县', 3),
	(2766, 324, '松潘县', 3),
	(2767, 324, '九寨沟县', 3),
	(2768, 324, '金川县', 3),
	(2769, 324, '小金县', 3),
	(2770, 324, '黑水县', 3),
	(2771, 324, '壤塘县', 3),
	(2772, 324, '阿坝县', 3),
	(2773, 324, '若尔盖县', 3),
	(2774, 324, '红原县', 3),
	(2775, 325, '巴州区', 3),
	(2776, 325, '通江县', 3),
	(2777, 325, '南江县', 3),
	(2778, 325, '平昌县', 3),
	(2779, 326, '通川区', 3),
	(2780, 326, '万源市', 3),
	(2781, 326, '达县', 3),
	(2782, 326, '宣汉县', 3),
	(2783, 326, '开江县', 3),
	(2784, 326, '大竹县', 3),
	(2785, 326, '渠县', 3),
	(2786, 327, '旌阳区', 3),
	(2787, 327, '广汉市', 3),
	(2788, 327, '什邡市', 3),
	(2789, 327, '绵竹市', 3),
	(2790, 327, '罗江县', 3),
	(2791, 327, '中江县', 3),
	(2792, 328, '康定县', 3),
	(2793, 328, '丹巴县', 3),
	(2794, 328, '泸定县', 3),
	(2795, 328, '炉霍县', 3),
	(2796, 328, '九龙县', 3),
	(2797, 328, '甘孜县', 3),
	(2798, 328, '雅江县', 3),
	(2799, 328, '新龙县', 3),
	(2800, 328, '道孚县', 3),
	(2801, 328, '白玉县', 3),
	(2802, 328, '理塘县', 3),
	(2803, 328, '德格县', 3),
	(2804, 328, '乡城县', 3),
	(2805, 328, '石渠县', 3),
	(2806, 328, '稻城县', 3),
	(2807, 328, '色达县', 3),
	(2808, 328, '巴塘县', 3),
	(2809, 328, '得荣县', 3),
	(2810, 329, '广安区', 3),
	(2811, 329, '华蓥市', 3),
	(2812, 329, '岳池县', 3),
	(2813, 329, '武胜县', 3),
	(2814, 329, '邻水县', 3),
	(2815, 330, '利州区', 3),
	(2816, 330, '元坝区', 3),
	(2817, 330, '朝天区', 3),
	(2818, 330, '旺苍县', 3),
	(2819, 330, '青川县', 3),
	(2820, 330, '剑阁县', 3),
	(2821, 330, '苍溪县', 3),
	(2822, 331, '峨眉山市', 3),
	(2823, 331, '乐山市', 3),
	(2824, 331, '犍为县', 3),
	(2825, 331, '井研县', 3),
	(2826, 331, '夹江县', 3),
	(2827, 331, '沐川县', 3),
	(2828, 331, '峨边', 3),
	(2829, 331, '马边', 3),
	(2830, 332, '西昌市', 3),
	(2831, 332, '盐源县', 3),
	(2832, 332, '德昌县', 3),
	(2833, 332, '会理县', 3),
	(2834, 332, '会东县', 3),
	(2835, 332, '宁南县', 3),
	(2836, 332, '普格县', 3),
	(2837, 332, '布拖县', 3),
	(2838, 332, '金阳县', 3),
	(2839, 332, '昭觉县', 3),
	(2840, 332, '喜德县', 3),
	(2841, 332, '冕宁县', 3),
	(2842, 332, '越西县', 3),
	(2843, 332, '甘洛县', 3),
	(2844, 332, '美姑县', 3),
	(2845, 332, '雷波县', 3),
	(2846, 332, '木里', 3),
	(2847, 333, '东坡区', 3),
	(2848, 333, '仁寿县', 3),
	(2849, 333, '彭山县', 3),
	(2850, 333, '洪雅县', 3),
	(2851, 333, '丹棱县', 3),
	(2852, 333, '青神县', 3),
	(2853, 334, '阆中市', 3),
	(2854, 334, '南部县', 3),
	(2855, 334, '营山县', 3),
	(2856, 334, '蓬安县', 3),
	(2857, 334, '仪陇县', 3),
	(2858, 334, '顺庆区', 3),
	(2859, 334, '高坪区', 3),
	(2860, 334, '嘉陵区', 3),
	(2861, 334, '西充县', 3),
	(2862, 335, '市中区', 3),
	(2863, 335, '东兴区', 3),
	(2864, 335, '威远县', 3),
	(2865, 335, '资中县', 3),
	(2866, 335, '隆昌县', 3),
	(2867, 336, '东  区', 3),
	(2868, 336, '西  区', 3),
	(2869, 336, '仁和区', 3),
	(2870, 336, '米易县', 3),
	(2871, 336, '盐边县', 3),
	(2872, 337, '船山区', 3),
	(2873, 337, '安居区', 3),
	(2874, 337, '蓬溪县', 3),
	(2875, 337, '射洪县', 3),
	(2876, 337, '大英县', 3),
	(2877, 338, '雨城区', 3),
	(2878, 338, '名山县', 3),
	(2879, 338, '荥经县', 3),
	(2880, 338, '汉源县', 3),
	(2881, 338, '石棉县', 3),
	(2882, 338, '天全县', 3),
	(2883, 338, '芦山县', 3),
	(2884, 338, '宝兴县', 3),
	(2885, 339, '翠屏区', 3),
	(2886, 339, '宜宾县', 3),
	(2887, 339, '南溪县', 3),
	(2888, 339, '江安县', 3),
	(2889, 339, '长宁县', 3),
	(2890, 339, '高县', 3),
	(2891, 339, '珙县', 3),
	(2892, 339, '筠连县', 3),
	(2893, 339, '兴文县', 3),
	(2894, 339, '屏山县', 3),
	(2895, 340, '雁江区', 3),
	(2896, 340, '简阳市', 3),
	(2897, 340, '安岳县', 3),
	(2898, 340, '乐至县', 3),
	(2899, 341, '大安区', 3),
	(2900, 341, '自流井区', 3),
	(2901, 341, '贡井区', 3),
	(2902, 341, '沿滩区', 3),
	(2903, 341, '荣县', 3),
	(2904, 341, '富顺县', 3),
	(2905, 342, '江阳区', 3),
	(2906, 342, '纳溪区', 3),
	(2907, 342, '龙马潭区', 3),
	(2908, 342, '泸县', 3),
	(2909, 342, '合江县', 3),
	(2910, 342, '叙永县', 3),
	(2911, 342, '古蔺县', 3),
	(2912, 343, '和平区', 3),
	(2913, 343, '河西区', 3),
	(2914, 343, '南开区', 3),
	(2915, 343, '河北区', 3),
	(2916, 343, '河东区', 3),
	(2917, 343, '红桥区', 3),
	(2918, 343, '东丽区', 3),
	(2919, 343, '津南区', 3),
	(2920, 343, '西青区', 3),
	(2921, 343, '北辰区', 3),
	(2922, 343, '塘沽区', 3),
	(2923, 343, '汉沽区', 3),
	(2924, 343, '大港区', 3),
	(2925, 343, '武清区', 3),
	(2926, 343, '宝坻区', 3),
	(2927, 343, '经济开发区', 3),
	(2928, 343, '宁河县', 3),
	(2929, 343, '静海县', 3),
	(2930, 343, '蓟县', 3),
	(2931, 344, '城关区', 3),
	(2932, 344, '林周县', 3),
	(2933, 344, '当雄县', 3),
	(2934, 344, '尼木县', 3),
	(2935, 344, '曲水县', 3),
	(2936, 344, '堆龙德庆县', 3),
	(2937, 344, '达孜县', 3),
	(2938, 344, '墨竹工卡县', 3),
	(2939, 345, '噶尔县', 3),
	(2940, 345, '普兰县', 3),
	(2941, 345, '札达县', 3),
	(2942, 345, '日土县', 3),
	(2943, 345, '革吉县', 3),
	(2944, 345, '改则县', 3),
	(2945, 345, '措勤县', 3),
	(2946, 346, '昌都县', 3),
	(2947, 346, '江达县', 3),
	(2948, 346, '贡觉县', 3),
	(2949, 346, '类乌齐县', 3),
	(2950, 346, '丁青县', 3),
	(2951, 346, '察雅县', 3),
	(2952, 346, '八宿县', 3),
	(2953, 346, '左贡县', 3),
	(2954, 346, '芒康县', 3),
	(2955, 346, '洛隆县', 3),
	(2956, 346, '边坝县', 3),
	(2957, 347, '林芝县', 3),
	(2958, 347, '工布江达县', 3),
	(2959, 347, '米林县', 3),
	(2960, 347, '墨脱县', 3),
	(2961, 347, '波密县', 3),
	(2962, 347, '察隅县', 3),
	(2963, 347, '朗县', 3),
	(2964, 348, '那曲县', 3),
	(2965, 348, '嘉黎县', 3),
	(2966, 348, '比如县', 3),
	(2967, 348, '聂荣县', 3),
	(2968, 348, '安多县', 3),
	(2969, 348, '申扎县', 3),
	(2970, 348, '索县', 3),
	(2971, 348, '班戈县', 3),
	(2972, 348, '巴青县', 3),
	(2973, 348, '尼玛县', 3),
	(2974, 349, '日喀则市', 3),
	(2975, 349, '南木林县', 3),
	(2976, 349, '江孜县', 3),
	(2977, 349, '定日县', 3),
	(2978, 349, '萨迦县', 3),
	(2979, 349, '拉孜县', 3),
	(2980, 349, '昂仁县', 3),
	(2981, 349, '谢通门县', 3),
	(2982, 349, '白朗县', 3),
	(2983, 349, '仁布县', 3),
	(2984, 349, '康马县', 3),
	(2985, 349, '定结县', 3),
	(2986, 349, '仲巴县', 3),
	(2987, 349, '亚东县', 3),
	(2988, 349, '吉隆县', 3),
	(2989, 349, '聂拉木县', 3),
	(2990, 349, '萨嘎县', 3),
	(2991, 349, '岗巴县', 3),
	(2992, 350, '乃东县', 3),
	(2993, 350, '扎囊县', 3),
	(2994, 350, '贡嘎县', 3),
	(2995, 350, '桑日县', 3),
	(2996, 350, '琼结县', 3),
	(2997, 350, '曲松县', 3),
	(2998, 350, '措美县', 3),
	(2999, 350, '洛扎县', 3),
	(3000, 350, '加查县', 3),
	(3001, 350, '隆子县', 3),
	(3002, 350, '错那县', 3),
	(3003, 350, '浪卡子县', 3),
	(3004, 351, '天山区', 3),
	(3005, 351, '沙依巴克区', 3),
	(3006, 351, '新市区', 3),
	(3007, 351, '水磨沟区', 3),
	(3008, 351, '头屯河区', 3),
	(3009, 351, '达坂城区', 3),
	(3010, 351, '米东区', 3),
	(3011, 351, '乌鲁木齐县', 3),
	(3012, 352, '阿克苏市', 3),
	(3013, 352, '温宿县', 3),
	(3014, 352, '库车县', 3),
	(3015, 352, '沙雅县', 3),
	(3016, 352, '新和县', 3),
	(3017, 352, '拜城县', 3),
	(3018, 352, '乌什县', 3),
	(3019, 352, '阿瓦提县', 3),
	(3020, 352, '柯坪县', 3),
	(3021, 353, '阿拉尔市', 3),
	(3022, 354, '库尔勒市', 3),
	(3023, 354, '轮台县', 3),
	(3024, 354, '尉犁县', 3),
	(3025, 354, '若羌县', 3),
	(3026, 354, '且末县', 3),
	(3027, 354, '焉耆', 3),
	(3028, 354, '和静县', 3),
	(3029, 354, '和硕县', 3),
	(3030, 354, '博湖县', 3),
	(3031, 355, '博乐市', 3),
	(3032, 355, '精河县', 3),
	(3033, 355, '温泉县', 3),
	(3034, 356, '呼图壁县', 3),
	(3035, 356, '米泉市', 3),
	(3036, 356, '昌吉市', 3),
	(3037, 356, '阜康市', 3),
	(3038, 356, '玛纳斯县', 3),
	(3039, 356, '奇台县', 3),
	(3040, 356, '吉木萨尔县', 3),
	(3041, 356, '木垒', 3),
	(3042, 357, '哈密市', 3),
	(3043, 357, '伊吾县', 3),
	(3044, 357, '巴里坤', 3),
	(3045, 358, '和田市', 3),
	(3046, 358, '和田县', 3),
	(3047, 358, '墨玉县', 3),
	(3048, 358, '皮山县', 3),
	(3049, 358, '洛浦县', 3),
	(3050, 358, '策勒县', 3),
	(3051, 358, '于田县', 3),
	(3052, 358, '民丰县', 3),
	(3053, 359, '喀什市', 3),
	(3054, 359, '疏附县', 3),
	(3055, 359, '疏勒县', 3),
	(3056, 359, '英吉沙县', 3),
	(3057, 359, '泽普县', 3),
	(3058, 359, '莎车县', 3),
	(3059, 359, '叶城县', 3),
	(3060, 359, '麦盖提县', 3),
	(3061, 359, '岳普湖县', 3),
	(3062, 359, '伽师县', 3),
	(3063, 359, '巴楚县', 3),
	(3064, 359, '塔什库尔干', 3),
	(3065, 360, '克拉玛依市', 3),
	(3066, 361, '阿图什市', 3),
	(3067, 361, '阿克陶县', 3),
	(3068, 361, '阿合奇县', 3),
	(3069, 361, '乌恰县', 3),
	(3070, 362, '石河子市', 3),
	(3071, 363, '图木舒克市', 3),
	(3072, 364, '吐鲁番市', 3),
	(3073, 364, '鄯善县', 3),
	(3074, 364, '托克逊县', 3),
	(3075, 365, '五家渠市', 3),
	(3076, 366, '阿勒泰市', 3),
	(3077, 366, '布克赛尔', 3),
	(3078, 366, '伊宁市', 3),
	(3079, 366, '布尔津县', 3),
	(3080, 366, '奎屯市', 3),
	(3081, 366, '乌苏市', 3),
	(3082, 366, '额敏县', 3),
	(3083, 366, '富蕴县', 3),
	(3084, 366, '伊宁县', 3),
	(3085, 366, '福海县', 3),
	(3086, 366, '霍城县', 3),
	(3087, 366, '沙湾县', 3),
	(3088, 366, '巩留县', 3),
	(3089, 366, '哈巴河县', 3),
	(3090, 366, '托里县', 3),
	(3091, 366, '青河县', 3),
	(3092, 366, '新源县', 3),
	(3093, 366, '裕民县', 3),
	(3094, 366, '和布克赛尔', 3),
	(3095, 366, '吉木乃县', 3),
	(3096, 366, '昭苏县', 3),
	(3097, 366, '特克斯县', 3),
	(3098, 366, '尼勒克县', 3),
	(3099, 366, '察布查尔', 3),
	(3100, 367, '盘龙区', 3),
	(3101, 367, '五华区', 3),
	(3102, 367, '官渡区', 3),
	(3103, 367, '西山区', 3),
	(3104, 367, '东川区', 3),
	(3105, 367, '安宁市', 3),
	(3106, 367, '呈贡县', 3),
	(3107, 367, '晋宁县', 3),
	(3108, 367, '富民县', 3),
	(3109, 367, '宜良县', 3),
	(3110, 367, '嵩明县', 3),
	(3111, 367, '石林县', 3),
	(3112, 367, '禄劝', 3),
	(3113, 367, '寻甸', 3),
	(3114, 368, '兰坪', 3),
	(3115, 368, '泸水县', 3),
	(3116, 368, '福贡县', 3),
	(3117, 368, '贡山', 3),
	(3118, 369, '宁洱', 3),
	(3119, 369, '思茅区', 3),
	(3120, 369, '墨江', 3),
	(3121, 369, '景东', 3),
	(3122, 369, '景谷', 3),
	(3123, 369, '镇沅', 3),
	(3124, 369, '江城', 3),
	(3125, 369, '孟连', 3),
	(3126, 369, '澜沧', 3),
	(3127, 369, '西盟', 3),
	(3128, 370, '古城区', 3),
	(3129, 370, '宁蒗', 3),
	(3130, 370, '玉龙', 3),
	(3131, 370, '永胜县', 3),
	(3132, 370, '华坪县', 3),
	(3133, 371, '隆阳区', 3),
	(3134, 371, '施甸县', 3),
	(3135, 371, '腾冲县', 3),
	(3136, 371, '龙陵县', 3),
	(3137, 371, '昌宁县', 3),
	(3138, 372, '楚雄市', 3),
	(3139, 372, '双柏县', 3),
	(3140, 372, '牟定县', 3),
	(3141, 372, '南华县', 3),
	(3142, 372, '姚安县', 3),
	(3143, 372, '大姚县', 3),
	(3144, 372, '永仁县', 3),
	(3145, 372, '元谋县', 3),
	(3146, 372, '武定县', 3),
	(3147, 372, '禄丰县', 3),
	(3148, 373, '大理市', 3),
	(3149, 373, '祥云县', 3),
	(3150, 373, '宾川县', 3),
	(3151, 373, '弥渡县', 3),
	(3152, 373, '永平县', 3),
	(3153, 373, '云龙县', 3),
	(3154, 373, '洱源县', 3),
	(3155, 373, '剑川县', 3),
	(3156, 373, '鹤庆县', 3),
	(3157, 373, '漾濞', 3),
	(3158, 373, '南涧', 3),
	(3159, 373, '巍山', 3),
	(3160, 374, '潞西市', 3),
	(3161, 374, '瑞丽市', 3),
	(3162, 374, '梁河县', 3),
	(3163, 374, '盈江县', 3),
	(3164, 374, '陇川县', 3),
	(3165, 375, '香格里拉县', 3),
	(3166, 375, '德钦县', 3),
	(3167, 375, '维西', 3),
	(3168, 376, '泸西县', 3),
	(3169, 376, '蒙自县', 3),
	(3170, 376, '个旧市', 3),
	(3171, 376, '开远市', 3),
	(3172, 376, '绿春县', 3),
	(3173, 376, '建水县', 3),
	(3174, 376, '石屏县', 3),
	(3175, 376, '弥勒县', 3),
	(3176, 376, '元阳县', 3),
	(3177, 376, '红河县', 3),
	(3178, 376, '金平', 3),
	(3179, 376, '河口', 3),
	(3180, 376, '屏边', 3),
	(3181, 377, '临翔区', 3),
	(3182, 377, '凤庆县', 3),
	(3183, 377, '云县', 3),
	(3184, 377, '永德县', 3),
	(3185, 377, '镇康县', 3),
	(3186, 377, '双江', 3),
	(3187, 377, '耿马', 3),
	(3188, 377, '沧源', 3),
	(3189, 378, '麒麟区', 3),
	(3190, 378, '宣威市', 3),
	(3191, 378, '马龙县', 3),
	(3192, 378, '陆良县', 3),
	(3193, 378, '师宗县', 3),
	(3194, 378, '罗平县', 3),
	(3195, 378, '富源县', 3),
	(3196, 378, '会泽县', 3),
	(3197, 378, '沾益县', 3),
	(3198, 379, '文山县', 3),
	(3199, 379, '砚山县', 3),
	(3200, 379, '西畴县', 3),
	(3201, 379, '麻栗坡县', 3),
	(3202, 379, '马关县', 3),
	(3203, 379, '丘北县', 3),
	(3204, 379, '广南县', 3),
	(3205, 379, '富宁县', 3),
	(3206, 380, '景洪市', 3),
	(3207, 380, '勐海县', 3),
	(3208, 380, '勐腊县', 3),
	(3209, 381, '红塔区', 3),
	(3210, 381, '江川县', 3),
	(3211, 381, '澄江县', 3),
	(3212, 381, '通海县', 3),
	(3213, 381, '华宁县', 3),
	(3214, 381, '易门县', 3),
	(3215, 381, '峨山', 3),
	(3216, 381, '新平', 3),
	(3217, 381, '元江', 3),
	(3218, 382, '昭阳区', 3),
	(3219, 382, '鲁甸县', 3),
	(3220, 382, '巧家县', 3),
	(3221, 382, '盐津县', 3),
	(3222, 382, '大关县', 3),
	(3223, 382, '永善县', 3),
	(3224, 382, '绥江县', 3),
	(3225, 382, '镇雄县', 3),
	(3226, 382, '彝良县', 3),
	(3227, 382, '威信县', 3),
	(3228, 382, '水富县', 3),
	(3229, 383, '西湖区', 3),
	(3230, 383, '上城区', 3),
	(3231, 383, '下城区', 3),
	(3232, 383, '拱墅区', 3),
	(3233, 383, '滨江区', 3),
	(3234, 383, '江干区', 3),
	(3235, 383, '萧山区', 3),
	(3236, 383, '余杭区', 3),
	(3237, 383, '市郊', 3),
	(3238, 383, '建德市', 3),
	(3239, 383, '富阳市', 3),
	(3240, 383, '临安市', 3),
	(3241, 383, '桐庐县', 3),
	(3242, 383, '淳安县', 3),
	(3243, 384, '吴兴区', 3),
	(3244, 384, '南浔区', 3),
	(3245, 384, '德清县', 3),
	(3246, 384, '长兴县', 3),
	(3247, 384, '安吉县', 3),
	(3248, 385, '南湖区', 3),
	(3249, 385, '秀洲区', 3),
	(3250, 385, '海宁市', 3),
	(3251, 385, '嘉善县', 3),
	(3252, 385, '平湖市', 3),
	(3253, 385, '桐乡市', 3),
	(3254, 385, '海盐县', 3),
	(3255, 386, '婺城区', 3),
	(3256, 386, '金东区', 3),
	(3257, 386, '兰溪市', 3),
	(3258, 386, '市区', 3),
	(3259, 386, '佛堂镇', 3),
	(3260, 386, '上溪镇', 3),
	(3261, 386, '义亭镇', 3),
	(3262, 386, '大陈镇', 3),
	(3263, 386, '苏溪镇', 3),
	(3264, 386, '赤岸镇', 3),
	(3265, 386, '东阳市', 3),
	(3266, 386, '永康市', 3),
	(3267, 386, '武义县', 3),
	(3268, 386, '浦江县', 3),
	(3269, 386, '磐安县', 3),
	(3270, 387, '莲都区', 3),
	(3271, 387, '龙泉市', 3),
	(3272, 387, '青田县', 3),
	(3273, 387, '缙云县', 3),
	(3274, 387, '遂昌县', 3),
	(3275, 387, '松阳县', 3),
	(3276, 387, '云和县', 3),
	(3277, 387, '庆元县', 3),
	(3278, 387, '景宁', 3),
	(3279, 388, '海曙区', 3),
	(3280, 388, '江东区', 3),
	(3281, 388, '江北区', 3),
	(3282, 388, '镇海区', 3),
	(3283, 388, '北仑区', 3),
	(3284, 388, '鄞州区', 3),
	(3285, 388, '余姚市', 3),
	(3286, 388, '慈溪市', 3),
	(3287, 388, '奉化市', 3),
	(3288, 388, '象山县', 3),
	(3289, 388, '宁海县', 3),
	(3290, 389, '越城区', 3),
	(3291, 389, '上虞市', 3),
	(3292, 389, '嵊州市', 3),
	(3293, 389, '绍兴县', 3),
	(3294, 389, '新昌县', 3),
	(3295, 389, '诸暨市', 3),
	(3296, 390, '椒江区', 3),
	(3297, 390, '黄岩区', 3),
	(3298, 390, '路桥区', 3),
	(3299, 390, '温岭市', 3),
	(3300, 390, '临海市', 3),
	(3301, 390, '玉环县', 3),
	(3302, 390, '三门县', 3),
	(3303, 390, '天台县', 3),
	(3304, 390, '仙居县', 3),
	(3305, 391, '鹿城区', 3),
	(3306, 391, '龙湾区', 3),
	(3307, 391, '瓯海区', 3),
	(3308, 391, '瑞安市', 3),
	(3309, 391, '乐清市', 3),
	(3310, 391, '洞头县', 3),
	(3311, 391, '永嘉县', 3),
	(3312, 391, '平阳县', 3),
	(3313, 391, '苍南县', 3),
	(3314, 391, '文成县', 3),
	(3315, 391, '泰顺县', 3),
	(3316, 392, '定海区', 3),
	(3317, 392, '普陀区', 3),
	(3318, 392, '岱山县', 3),
	(3319, 392, '嵊泗县', 3),
	(3320, 393, '衢州市', 3),
	(3321, 393, '江山市', 3),
	(3322, 393, '常山县', 3),
	(3323, 393, '开化县', 3),
	(3324, 393, '龙游县', 3),
	(3325, 394, '合川区', 3),
	(3326, 394, '江津区', 3),
	(3327, 394, '南川区', 3),
	(3328, 394, '永川区', 3),
	(3329, 394, '南岸区', 3),
	(3330, 394, '渝北区', 3),
	(3331, 394, '万盛区', 3),
	(3332, 394, '大渡口区', 3),
	(3333, 394, '万州区', 3),
	(3334, 394, '北碚区', 3),
	(3335, 394, '沙坪坝区', 3),
	(3336, 394, '巴南区', 3),
	(3337, 394, '涪陵区', 3),
	(3338, 394, '江北区', 3),
	(3339, 394, '九龙坡区', 3),
	(3340, 394, '渝中区', 3),
	(3341, 394, '黔江开发区', 3),
	(3342, 394, '长寿区', 3),
	(3343, 394, '双桥区', 3),
	(3344, 394, '綦江县', 3),
	(3345, 394, '潼南县', 3),
	(3346, 394, '铜梁县', 3),
	(3347, 394, '大足县', 3),
	(3348, 394, '荣昌县', 3),
	(3349, 394, '璧山县', 3),
	(3350, 394, '垫江县', 3),
	(3351, 394, '武隆县', 3),
	(3352, 394, '丰都县', 3),
	(3353, 394, '城口县', 3),
	(3354, 394, '梁平县', 3),
	(3355, 394, '开县', 3),
	(3356, 394, '巫溪县', 3),
	(3357, 394, '巫山县', 3),
	(3358, 394, '奉节县', 3),
	(3359, 394, '云阳县', 3),
	(3360, 394, '忠县', 3),
	(3361, 394, '石柱', 3),
	(3362, 394, '彭水', 3),
	(3363, 394, '酉阳', 3),
	(3364, 394, '秀山', 3),
	(3365, 395, '沙田区', 3),
	(3366, 395, '东区', 3),
	(3367, 395, '观塘区', 3),
	(3368, 395, '黄大仙区', 3),
	(3369, 395, '九龙城区', 3),
	(3370, 395, '屯门区', 3),
	(3371, 395, '葵青区', 3),
	(3372, 395, '元朗区', 3),
	(3373, 395, '深水埗区', 3),
	(3374, 395, '西贡区', 3),
	(3375, 395, '大埔区', 3),
	(3376, 395, '湾仔区', 3),
	(3377, 395, '油尖旺区', 3),
	(3378, 395, '北区', 3),
	(3379, 395, '南区', 3),
	(3380, 395, '荃湾区', 3),
	(3381, 395, '中西区', 3),
	(3382, 395, '离岛区', 3),
	(3383, 396, '澳门', 3),
	(3384, 397, '台北', 3),
	(3385, 397, '高雄', 3),
	(3386, 397, '基隆', 3),
	(3387, 397, '台中', 3),
	(3388, 397, '台南', 3),
	(3389, 397, '新竹', 3),
	(3390, 397, '嘉义', 3),
	(3391, 397, '宜兰县', 3),
	(3392, 397, '桃园县', 3),
	(3393, 397, '苗栗县', 3),
	(3394, 397, '彰化县', 3),
	(3395, 397, '南投县', 3),
	(3396, 397, '云林县', 3),
	(3397, 397, '屏东县', 3),
	(3398, 397, '台东县', 3),
	(3399, 397, '花莲县', 3),
	(3400, 397, '澎湖县', 3),
	(3401, 3, '合肥', 2),
	(3402, 3401, '庐阳区', 3),
	(3403, 3401, '瑶海区', 3),
	(3404, 3401, '蜀山区', 3),
	(3405, 3401, '包河区', 3),
	(3406, 3401, '长丰县', 3),
	(3407, 3401, '肥东县', 3),
	(3408, 3401, '肥西县', 3);
/*!40000 ALTER TABLE `fly_sys_area` ENABLE KEYS */;

-- 导出  表 07fly_erp.fly_sys_config 结构
CREATE TABLE IF NOT EXISTS `fly_sys_config` (
  `id` int(11) NOT NULL AUTO_INCREMENT,
  `name` varchar(128) NOT NULL,
  `varname` varchar(128) NOT NULL,
  `value` text NOT NULL,
  `type` varchar(50) NOT NULL COMMENT '字段类型',
  `groupid` tinyint(2) NOT NULL,
  PRIMARY KEY (`id`),
  UNIQUE KEY `name` (`name`)
) ENGINE=MyISAM AUTO_INCREMENT=46 DEFAULT CHARSET=utf8 COMMENT='系统配置表';

-- 正在导出表  07fly_erp.fly_sys_config 的数据：7 rows
DELETE FROM `fly_sys_config`;
/*!40000 ALTER TABLE `fly_sys_config` DISABLE KEYS */;
INSERT INTO `fly_sys_config` (`id`, `name`, `varname`, `value`, `type`, `groupid`) VALUES
	(16, '系统根网址： ', 'cfg_basehost', 'http://localhost:5002', 'string', 0),
	(41, '主页链接名： ', 'cfg_indexname', '首页', 'string', 0),
	(42, '系统名称:', 'cfg_webname', '零起飞ERP管理系统', 'string', 0),
	(43, '系统版信息:', 'cfg_powerby', '网站版信息', 'bstring', 0),
	(44, '每张默认关键字： ', 'cfg_keywords', '站点默认关键字', 'bstring', 0),
	(45, '系统描述:', 'cfg_intro', '网站描述', 'bstring', 0),
	(40, '系统主页链接： ', 'cfg_indexurl', '/', 'string', 0);
/*!40000 ALTER TABLE `fly_sys_config` ENABLE KEYS */;

-- 导出  表 07fly_erp.fly_sys_dept 结构
CREATE TABLE IF NOT EXISTS `fly_sys_dept` (
  `id` int(16) unsigned NOT NULL AUTO_INCREMENT,
  `name` varchar(32) CHARACTER SET utf8 NOT NULL,
  `parentID` int(11) NOT NULL,
  `sort` int(11) NOT NULL,
  `visible` tinyint(2) NOT NULL DEFAULT '1',
  `tel` varchar(32) CHARACTER SET utf8 DEFAULT NULL,
  `fax` varchar(32) CHARACTER SET utf8 NOT NULL,
  `intro` varchar(1024) CHARACTER SET utf8 DEFAULT NULL,
  PRIMARY KEY (`id`)
) ENGINE=MyISAM AUTO_INCREMENT=7 DEFAULT CHARSET=armscii8 COMMENT='部门表';

-- 正在导出表  07fly_erp.fly_sys_dept 的数据：3 rows
DELETE FROM `fly_sys_dept`;
/*!40000 ALTER TABLE `fly_sys_dept` DISABLE KEYS */;
INSERT INTO `fly_sys_dept` (`id`, `name`, `parentID`, `sort`, `visible`, `tel`, `fax`, `intro`) VALUES
	(1, '技术部', 0, 1, 1, '12345677', '02888133145', '主要是用来产的哟'),
	(2, '商务部', 0, 0, 1, '028 8976214', '028 8976214', ''),
	(6, '行政部', 0, 1, 1, '02861833149', '02861833149', '');
/*!40000 ALTER TABLE `fly_sys_dept` ENABLE KEYS */;

-- 导出  表 07fly_erp.fly_sys_log 结构
CREATE TABLE IF NOT EXISTS `fly_sys_log` (
  `id` int(16) NOT NULL AUTO_INCREMENT,
  `ipaddr` varchar(16) NOT NULL,
  `content` text,
  `create_user_id` varchar(32) DEFAULT NULL,
  `create_time` datetime NOT NULL,
  PRIMARY KEY (`id`)
) ENGINE=MyISAM DEFAULT CHARSET=utf8 COMMENT='系统日志表';

-- 正在导出表  07fly_erp.fly_sys_log 的数据：0 rows
DELETE FROM `fly_sys_log`;
/*!40000 ALTER TABLE `fly_sys_log` DISABLE KEYS */;
/*!40000 ALTER TABLE `fly_sys_log` ENABLE KEYS */;

-- 导出  表 07fly_erp.fly_sys_menu 结构
CREATE TABLE IF NOT EXISTS `fly_sys_menu` (
  `id` int(4) unsigned NOT NULL AUTO_INCREMENT,
  `name` varchar(64) NOT NULL,
  `name_en` varchar(64) NOT NULL,
  `url` varchar(128) NOT NULL,
  `parentID` int(4) NOT NULL,
  `sort` int(4) NOT NULL,
  `visible` int(2) NOT NULL,
  PRIMARY KEY (`id`)
) ENGINE=MyISAM AUTO_INCREMENT=90 DEFAULT CHARSET=utf8 COMMENT='系统菜单栏目';

-- 正在导出表  07fly_erp.fly_sys_menu 的数据：88 rows
DELETE FROM `fly_sys_menu`;
/*!40000 ALTER TABLE `fly_sys_menu` DISABLE KEYS */;
INSERT INTO `fly_sys_menu` (`id`, `name`, `name_en`, `url`, `parentID`, `sort`, `visible`) VALUES
	(1, '系统管理', 'SystemManage', 'cogs', 0, 1, 1),
	(2, '客户管理', 'Customer', 'user', 0, 20, 1),
	(3, '统计分析', '', 'line-chart', 0, 50, 1),
	(4, '系统设置', '', '#', 1, 11, 1),
	(5, '组织结构', '', '#', 1, 12, 1),
	(6, '商品管理', '', 'goods', 1, 13, 1),
	(7, '数据字典', '', '#', 1, 13, 1),
	(8, '客户管理', '', 'customer', 2, 21, 0),
	(9, '销售管理', '', 'sal', 2, 22, 0),
	(10, '合同管理', '', 'contract', 2, 23, 0),
	(11, '订单管理', '', 'orders', 2, 24, 0),
	(12, '供应商管理', '', 'users', 0, 31, 1),
	(13, '采购管理', '', 'ship', 0, 32, 1),
	(14, '库存管理', 'kucun', 'cube', 0, 40, 1),
	(15, '系统参数', 'system', '/sysmanage/SysConfig/sys_config/', 4, 111, 1),
	(16, '系统菜单', '', '/sysmanage/Menu/menu_show/', 4, 112, 1),
	(17, '密码修改', 'serial', '/sysmanage/Sys/sys_password_modify/', 4, 113, 1),
	(18, '好业务收入', 'system log', '#', 4, 114, 0),
	(19, '数据库管理', 'database', '/sysmanage/SysData/sys_data/', 4, 115, 1),
	(20, '系统升级', '#', '/sysmanage/Sys/sys_upgrade/', 4, 115, 1),
	(21, '部门管理', '', '/sysmanage/Dept/dept_show/', 5, 115, 1),
	(22, '岗位管理', '', '/sysmanage/Position/position_show/', 5, 122, 1),
	(23, '角色管理', 'Role Management', '/sysmanage/Role/role_show/', 5, 122, 1),
	(24, '用户管理', 'Sys User Management', '/sysmanage/User/user_show/', 5, 124, 1),
	(25, '商品列表', 'product_dict', '/goods/Goods/goods_show/', 6, 131, 1),
	(26, '商品分类', '', '/goods/GoodsCategory/goods_category_show/', 6, 132, 1),
	(27, '商品品牌', 'ProductType', '/goods/GoodsBrand/goods_brand_show/', 6, 132, 1),
	(28, '商品规格', '', '/goods/GoodsAttr/goods_attr_show/', 6, 134, 1),
	(29, '字典管理', '', '/crm/CstDict/cst_dict_show/', 7, 141, 1),
	(30, '隶属行业', '', '/crm/CstDict/cst_dict_show/type/trade/', 7, 142, 0),
	(31, '经济类型', '', '/crm/CstDict/cst_dict_show/type/ecotype/', 7, 143, 0),
	(32, '客户来源', '', '/crm/CstDict/cst_dict_show/type/source/', 7, 144, 0),
	(33, '销售方式', '', '/crm/CstDict/cst_dict_show/type/salemode/', 7, 145, 0),
	(34, '销售阶段', '', '/crm/CstDict/cst_dict_show/type/salestage/', 7, 146, 0),
	(35, '服务类型', 'Service Type', '/crm/CstDict/cst_dict_show/type/services/', 7, 147, 0),
	(36, '服务方式', '', '/crm/CstDict/cst_dict_show/type/servicesmodel/', 7, 148, 0),
	(37, '客户列表', 'Customer List', '/crm/CstCustomer/cst_customer_show/', 2, 211, 1),
	(38, '客户联系人', 'Customer Linkman', '/crm/CstLinkman/cst_linkman_show/', 2, 212, 1),
	(39, '纪念日', '#', '/crm/CstLinkman/cst_linkman_show/', 8, 213, 0),
	(40, '服务记录', 'Service', '/crm/CstService/cst_service_show/', 2, 214, 1),
	(41, '客户移交', '#', '/crm/CstService/cst_service_show/', 8, 215, 0),
	(42, '销售机会', '', '/crm/CstChance/cst_chance_show/', 2, 221, 1),
	(43, '跟踪记录', '', '/crm/CstTrace/cst_trace_show/', 2, 222, 1),
	(44, '产品报价', '', '/crm/CstQuoted/cst_quoted_show/', 9, 223, 0),
	(45, '项目报备', '', '/crm/CstFiling/cst_filing_show/', 9, 224, 0),
	(46, '合同管理', 'sale contract', '/crm/SalContract/sal_contract_show/', 2, 231, 1),
	(47, '交付计划', 'Contract', '/crm/SalContract/sal_contract_show/', 10, 232, 0),
	(48, '交付记录', 'Contact', '/crm/SalContract/sal_contract_show/', 10, 233, 0),
	(49, '销售订单', 'Sale order', '/crm/SalOrder/sal_order_show/', 11, 241, 1),
	(50, '订单明细', 'Order Sale', '/crm/SalOrderDetail/sal_order_detail_show/', 11, 242, 1),
	(51, '供应商列表', 'Supplier', '/erp/SupSupplier/sup_supplier_show/', 12, 311, 1),
	(52, '供应商联系人', '', '/erp/SupLinkman/sup_linkman_show/', 12, 312, 1),
	(53, '供应商报价', '', '/erp/SupLinkman/sup_linkman_show/', 12, 313, 0),
	(54, '采购订单', 'POS', '/erp/PosContract/pos_contract_show/', 13, 321, 1),
	(55, '采购明细', 'POS Detail', '/erp/PosContract/pos_contract_show/', 13, 322, 0),
	(56, '库存清单', '', '/erp/SupLinkman/sup_linkman_show/', 14, 331, 1),
	(57, '入库订单', '', '/erp/SupLinkman/sup_linkman_show/', 14, 332, 1),
	(58, '入库明细', '', '/erp/SupLinkman/sup_linkman_show/', 14, 333, 1),
	(59, '出库订单', '', '/erp/SupLinkman/sup_linkman_show/', 14, 334, 1),
	(60, '出库明细', '', '/erp/SupLinkman/sup_linkman_show/', 14, 335, 1),
	(61, '系统方法', 'System Model', '/sysmanage/Method/method_show/', 4, 112, 1),
	(63, '财务管理', 'Finace', 'money', 0, 60, 1),
	(64, '资金注入抽取', '统计分析', '/erp/FinCapitalRecord/fin_capital_record_show/', 63, 41, 1),
	(65, '财务类型', '财务类型', 'finance', 1, 42, 1),
	(66, '付款管理', '付款管理', 'pay', 63, 43, 1),
	(67, '回款管理', '回款管理', 'back', 63, 44, 1),
	(68, '收入开支', '收入开支', '收入开支', 63, 45, 1),
	(69, '费用收入类型', 'income', '/erp/FinIncomeType/fin_income_type_show/', 65, 1, 1),
	(70, '费用开支类型', 'income', '/erp/FinExpensesType/fin_expenses_type_show/', 65, 2, 1),
	(71, '银行帐号管理', '银行帐号管理', '/erp/FinBankAccount/fin_bank_account_show/', 65, 3, 1),
	(72, '付款计划', 'FinPayPlan', '/erp/FinPayPlan/fin_pay_plan_show/', 66, 1, 1),
	(73, '付款记录', '付款记录', '/erp/FinPayRecord/fin_pay_record_show/', 66, 2, 1),
	(74, '收票记录', '收票记录', '/erp/FinInvoiceRece/fin_invoice_rece_show/', 66, 3, 1),
	(75, '回款计划', '回款计划', '/erp/FinRecePlan/fin_rece_plan_show/', 67, 1, 1),
	(76, '回款记录', '回款记录', '/erp/FinReceRecord/fin_rece_record_show/', 67, 2, 1),
	(77, '开票记录', '开票记录', '/erp/FinInvoicePay/fin_invoice_pay_show/', 67, 3, 1),
	(78, '报销单审核', '报销单审核', '报销单审核', 68, 1, 0),
	(79, '其它收入单', '其它收入单', '/erp/FinIncomeRecord/fin_income_record_show/', 68, 2, 1),
	(80, '费用支出单', '费用支出单', '/erp/FinExpensesRecord/fin_expenses_record_show/', 68, 3, 1),
	(81, '邮件群发', 'email', 'email', 1, 20, 0),
	(82, '发送地址', 'sendFrom', '/tools/EmailSend/email_from_show/', 81, 0, 1),
	(83, '接收地址', 'sendFrom', '/tools/EmailSend/email_receiver_show/', 81, 0, 1),
	(84, '方案定制', 'sendFrom', '/tools/EmailSend/email_scheme_show/', 81, 2, 1),
	(85, '邮件模板', 'moban', '/tools/EmailSend/email_mb_show/', 81, 0, 1),
	(86, '日志跟踪', 'schemeLog', '/tools/EmailSend/email_scheme_log_show/', 81, 1, 1),
	(87, '帐户流水记录', 'Flow', '/erp/FinFlowRecord/fin_flow_record_show/', 63, 46, 1),
	(88, '网站管理', 'website', '/crm/CstWebsite/cst_website_show/', 2, 232, 1),
	(89, '字典分类', '栏目名称', '/crm/CstDictType/cst_dict_type_show/', 7, 1, 1);
/*!40000 ALTER TABLE `fly_sys_menu` ENABLE KEYS */;

-- 导出  表 07fly_erp.fly_sys_method 结构
CREATE TABLE IF NOT EXISTS `fly_sys_method` (
  `id` int(4) unsigned NOT NULL AUTO_INCREMENT,
  `menuID` int(4) NOT NULL,
  `name` varchar(64) NOT NULL,
  `value` varchar(64) NOT NULL,
  `sort` int(4) NOT NULL,
  `visible` int(2) NOT NULL,
  PRIMARY KEY (`id`)
) ENGINE=MyISAM AUTO_INCREMENT=106 DEFAULT CHARSET=utf8 COMMENT='系统方法';

-- 正在导出表  07fly_erp.fly_sys_method 的数据：88 rows
DELETE FROM `fly_sys_method`;
/*!40000 ALTER TABLE `fly_sys_method` DISABLE KEYS */;
INSERT INTO `fly_sys_method` (`id`, `menuID`, `name`, `value`, `sort`, `visible`) VALUES
	(2, 21, '增加2', 'dept_add', 2, 0),
	(3, 21, '删除', 'dept_del', 3, 1),
	(4, 22, '删除', 'position_del', 3, 1),
	(5, 22, '添加', 'position_add', 1, 1),
	(8, 23, '增加', 'role_add', 2, 1),
	(9, 23, '修改', 'role_modify', 3, 1),
	(10, 23, '删除', 'role_del', 4, 1),
	(12, 24, '增加', 'user_add', 2, 1),
	(13, 24, '修改', 'user_modify', 3, 1),
	(14, 24, '删除', 'user_del', 4, 1),
	(16, 25, '增加', 'pro_dict_add', 2, 1),
	(18, 27, '增加', 'pro_type_add', 2, 1),
	(19, 27, '修改', 'pro_type_modify', 3, 1),
	(20, 27, '删除', 'pro_type_del', 4, 1),
	(21, 28, '删除', 'product_del', 4, 1),
	(23, 28, '增加', 'product_add', 2, 1),
	(24, 28, '修改', 'product_modify', 3, 1),
	(26, 37, '增加', 'cst_customer_add', 2, 1),
	(27, 37, '修改', 'cst_customer_modify', 3, 1),
	(28, 37, '删除', 'cst_customer_del', 4, 1),
	(30, 38, '增加', 'cst_linkman_add', 2, 1),
	(31, 38, '修改', 'cst_linkman_modify', 3, 1),
	(32, 38, '删除', 'cst_linkman_del', 4, 1),
	(34, 40, '增加', 'cst_service_add', 2, 1),
	(35, 40, '修改', 'cst_service_modify', 3, 1),
	(36, 40, '删除', 'cst_service_del', 4, 1),
	(38, 42, '增加', 'cst_chance_add', 2, 1),
	(39, 42, '修改', 'cst_chance_modify', 3, 1),
	(40, 42, '删除', 'cst_chance_del', 4, 1),
	(42, 43, '增加', 'cst_trace_add', 2, 1),
	(43, 43, '修改', 'cst_trace_modify', 4, 1),
	(44, 43, '删除', 'cst_trace_del', 4, 1),
	(46, 44, '增加', 'cst_quoted_add', 2, 1),
	(47, 44, '修改', 'cst_quoted_modify', 3, 1),
	(48, 44, '删除', 'cst_quoted_del', 4, 1),
	(50, 45, '增加', 'cst_filing_add', 2, 1),
	(51, 45, '修改', 'cst_filing_modify', 3, 1),
	(52, 45, '删除', 'cst_filing_del', 4, 1),
	(55, 22, '删除', 'postion_del', 4, 1),
	(56, 21, '修改', 'dept_modify', 3, 0),
	(57, 63, '资金注入抽取', '资金注入抽取', 41, 1),
	(58, 63, '财务类型', '财务类型', 42, 1),
	(59, 63, '付款管理', '付款管理', 43, 1),
	(60, 63, '回款管理', '回款管理', 44, 1),
	(61, 46, '添加', 'sal_contract_add', 1, 1),
	(62, 46, '修改', 'sal_contract_modify', 2, 1),
	(64, 46, '删除', 'sal_contract_del', 3, 1),
	(65, 88, '增加', 'cst_website_add', 1, 1),
	(66, 88, '修改', 'cst_website_modify', 2, 1),
	(67, 88, '删除', 'cst_website_del', 3, 1),
	(68, 51, '添加', 'sup_supplier_add', 1, 1),
	(69, 51, '修改', 'sup_supplier_modify', 2, 1),
	(70, 51, '删除', 'sup_supplier_del', 3, 1),
	(71, 52, '添加', 'sup_linkman_add', 1, 1),
	(72, 52, '修改', 'sup_linkman_modify', 2, 1),
	(73, 52, '删除', 'sup_linkman_del', 3, 1),
	(74, 54, '添加', 'pos_contract_add', 1, 1),
	(75, 54, '修改', 'pos_contract_modify', 2, 1),
	(76, 54, '删除', 'pos_contract_del', 3, 1),
	(77, 64, '添加', 'fin_capital_add', 1, 1),
	(78, 64, '删除', 'fin_capital_del', 2, 1),
	(79, 72, '添加', 'fin_pay_plan_add', 1, 1),
	(80, 72, '修改', 'fin_pay_plan_modify', 2, 1),
	(81, 72, '删除', 'fin_pay_plan_del', 3, 1),
	(82, 72, '付款', 'fin_pay_plan_sure', 4, 1),
	(83, 73, '添加', 'fin_pay_record_add', 1, 1),
	(84, 73, '删除', 'fin_pay_record_del', 2, 1),
	(85, 74, '添加', 'fin_invoice_rece_add', 1, 1),
	(86, 74, '删除', 'fin_invoice_rece_del', 2, 1),
	(87, 75, '添加', 'fin_rece_plan_add', 1, 1),
	(88, 75, '修改', 'fin_rece_plan_modify', 2, 1),
	(89, 75, '删除', 'fin_rece_plan_del', 3, 1),
	(90, 75, '确认', 'fin_rece_plan_add', 4, 1),
	(91, 76, '添加', 'fin_rece_record_add', 1, 1),
	(92, 76, '修改', 'fin_rece_record_modify', 2, 1),
	(93, 77, '添加', 'fin_invoice_rece_add', 1, 1),
	(94, 77, '删除', 'fin_invoice_rece_del', 2, 1),
	(95, 79, '添加', 'fin_income_record_add', 1, 1),
	(96, 79, '删除', 'fin_income_record_del', 2, 1),
	(97, 80, '添加', 'fin_expenses_record_add', 1, 1),
	(98, 80, '删除', 'fin_expenses_record_del', 2, 1),
	(99, 23, '权限维护', 'role_check_power', 4, 1),
	(100, 89, '添加', 'cst_dict_add', 1, 1),
	(101, 89, '修改', 'cst_dict_modify', 2, 1),
	(102, 89, '删除', 'cst_dict_del', 3, 1),
	(103, 29, '添加 ', 'cst_dict_type_add', 1, 1),
	(104, 29, '修改', 'cst_dict_type_modify', 1, 1),
	(105, 29, '删除', 'cst_dict_type_del', 3, 1);
/*!40000 ALTER TABLE `fly_sys_method` ENABLE KEYS */;

-- 导出  表 07fly_erp.fly_sys_position 结构
CREATE TABLE IF NOT EXISTS `fly_sys_position` (
  `id` int(16) unsigned NOT NULL AUTO_INCREMENT,
  `name` varchar(32) CHARACTER SET utf8 NOT NULL,
  `parentID` int(11) NOT NULL,
  `sort` int(11) NOT NULL,
  `visible` tinyint(2) NOT NULL DEFAULT '1',
  `intro` varchar(1024) CHARACTER SET utf8 DEFAULT NULL,
  PRIMARY KEY (`id`)
) ENGINE=MyISAM AUTO_INCREMENT=8 DEFAULT CHARSET=armscii8 COMMENT='职位表';

-- 正在导出表  07fly_erp.fly_sys_position 的数据：5 rows
DELETE FROM `fly_sys_position`;
/*!40000 ALTER TABLE `fly_sys_position` DISABLE KEYS */;
INSERT INTO `fly_sys_position` (`id`, `name`, `parentID`, `sort`, `visible`, `intro`) VALUES
	(2, '董事会', 0, 1, 1, '董事会，管理全公司的信息的'),
	(3, '总经理', 2, 10, 1, ''),
	(4, '财务总监', 3, 20, 1, ''),
	(5, '人事总监', 3, 21, 0, ''),
	(7, '技术总监', 3, 31, 1, '');
/*!40000 ALTER TABLE `fly_sys_position` ENABLE KEYS */;

-- 导出  表 07fly_erp.fly_sys_power 结构
CREATE TABLE IF NOT EXISTS `fly_sys_power` (
  `id` int(16) NOT NULL AUTO_INCREMENT,
  `master` varchar(64) NOT NULL COMMENT '权限类型，如role,user',
  `master_value` varchar(64) NOT NULL COMMENT '权限类型值',
  `access` varchar(64) NOT NULL COMMENT '权限属性名称 meun method',
  `access_value` text NOT NULL COMMENT '权限属性名称值',
  `operation` varchar(64) DEFAULT NULL,
  PRIMARY KEY (`id`)
) ENGINE=MyISAM AUTO_INCREMENT=33 DEFAULT CHARSET=utf8 COMMENT='权限功能关联表';

-- 正在导出表  07fly_erp.fly_sys_power 的数据：11 rows
DELETE FROM `fly_sys_power`;
/*!40000 ALTER TABLE `fly_sys_power` DISABLE KEYS */;
INSERT INTO `fly_sys_power` (`id`, `master`, `master_value`, `access`, `access_value`, `operation`) VALUES
	(31, 'role', '1', 'SYS_MENU', '2,8,37,38,39,40,41,9,42,43,44,45,10,46,88,47,48,11,49,50', NULL),
	(32, 'role', '1', 'SYS_METHOD', 'cst_linkman_add,cst_linkman_modify,cst_linkman_del,cst_service_add,cst_service_modify,cst_service_del,cst_chance_add,cst_chance_modify,cst_chance_del,cst_trace_add,cst_trace_del,cst_trace_modify,cst_quoted_add,cst_quoted_modify,cst_quoted_del,cst_filing_add,cst_filing_modify,cst_filing_del,sal_contract_add,sal_contract_modify,sal_contract_del,cst_website_add,cst_website_modify,cst_website_del', NULL),
	(7, 'role', '12', 'SYS_MENU', '1,4,15,61,16,17,18,20,19,5,21,23,22,24,7,89,29,30,31,32,33,34,35,36,6,25,27,26,28,81,85,83,82,86,84,2,8,37,38,39,40,41,9,42,43,44,45,10,46,88,47,48,11,49,50,3,12,51,52,53,13,54,55,14,56,57,58,59,60,63,64,87,65,69,70,71,66,72,73,74,67,75,76,77,68,78,79,80', ''),
	(8, 'role', '12', 'SYS_METHOD', 'dept_add,dept_modify,dept_del,role_add,role_modify,role_del,position_add,position_del,postion_del,user_add,user_modify,user_del,pro_dict_add,pro_type_add,pro_type_modify,pro_type_del,product_add,product_modify,product_del,customer_add,customer_modify,customer_del,cst_linkman_add,cst_linkman_modify,cst_linkman_del,cst_service_add,cst_service_modify,cst_service_del,cst_chance_add,cst_chance_modify,cst_chance_del,cst_trace_add,cst_trace_del,cst_trace_modify,cst_quoted_add,cst_quoted_modify,cst_quoted_del,cst_filing_add,cst_filing_modify,cst_filing_del', ''),
	(9, 'role', '12', 'SYS_AREA', '0', ''),
	(10, 'role', '13', 'SYS_MENU', '1,7,29,30,31,32,33,34,35,36,6,25,27,26,28,2,8,37,38,39,40,41,9,42,43,44,45', ''),
	(12, 'role', '13', 'SYS_AREA', '0', ''),
	(13, 'role', '14', 'SYS_MENU', '65,69,70,71,2,8,37,38,39,40,41,9,42,43,44,45,10,46,47,48,11,49,50,63,64,66,72,73,74,67,75,76,77,68,78,79,80,87', ''),
	(14, 'role', '14', 'SYS_METHOD', 'customer_add,customer_modify,customer_del,cst_linkman_add,cst_linkman_modify,cst_linkman_del,cst_service_add,cst_service_modify,cst_service_del,cst_chance_add,cst_chance_modify,cst_chance_del,cst_trace_add,cst_trace_del,cst_trace_modify,cst_quoted_add,cst_quoted_modify,cst_quoted_del,cst_filing_add,cst_filing_modify,cst_filing_del', ''),
	(15, 'role', '14', 'SYS_AREA', '', ''),
	(16, 'role', '13', 'SYS_METHOD', 'dept_add,dept_del,role_add,role_modify,role_del,position_add,position_del,user_add,user_modify,user_del,pro_dict_add,pro_type_add,pro_type_modify,pro_type_del,product_add,product_modify,product_del,customer_add,customer_modify,customer_del,cst_linkman_add,cst_linkman_modify,cst_linkman_del,cst_service_add,cst_service_modify,cst_service_del,cst_chance_add,cst_chance_modify,cst_chance_del,cst_trace_add,cst_trace_del,cst_trace_modify,cst_quoted_add,cst_quoted_modify,cst_quoted_del,cst_filing_add,cst_filing_modify,cst_filing_del', '');
/*!40000 ALTER TABLE `fly_sys_power` ENABLE KEYS */;

-- 导出  表 07fly_erp.fly_sys_role 结构
CREATE TABLE IF NOT EXISTS `fly_sys_role` (
  `id` int(16) NOT NULL AUTO_INCREMENT,
  `sort` int(16) NOT NULL DEFAULT '0',
  `visible` int(2) NOT NULL DEFAULT '0',
  `parentID` int(16) NOT NULL DEFAULT '0',
  `name` varchar(32) DEFAULT NULL,
  `intro` varchar(1024) DEFAULT NULL,
  PRIMARY KEY (`id`)
) ENGINE=MyISAM AUTO_INCREMENT=15 DEFAULT CHARSET=utf8 COMMENT='权限列表';

-- 正在导出表  07fly_erp.fly_sys_role 的数据：3 rows
DELETE FROM `fly_sys_role`;
/*!40000 ALTER TABLE `fly_sys_role` DISABLE KEYS */;
INSERT INTO `fly_sys_role` (`id`, `sort`, `visible`, `parentID`, `name`, `intro`) VALUES
	(12, 1, 1, 0, '超级管理员', '权限介绍,这是最高管理权限'),
	(13, 11, 1, 12, '一般管理员', '一般管理员'),
	(14, 10, 1, 12, '销售部主管', '这个酒店还是不错哟');
/*!40000 ALTER TABLE `fly_sys_role` ENABLE KEYS */;

-- 导出  表 07fly_erp.fly_sys_user 结构
CREATE TABLE IF NOT EXISTS `fly_sys_user` (
  `id` int(16) NOT NULL AUTO_INCREMENT,
  `account` varchar(32) NOT NULL,
  `password` varchar(32) NOT NULL,
  `name` varchar(32) DEFAULT NULL,
  `gender` varchar(2) DEFAULT NULL,
  `tel` varchar(32) DEFAULT NULL,
  `mobile` varchar(32) DEFAULT NULL,
  `qicq` varchar(32) DEFAULT NULL,
  `address` varchar(256) DEFAULT NULL,
  `zipcode` varchar(256) DEFAULT NULL,
  `email` varchar(128) DEFAULT NULL,
  `roleID` varchar(50) NOT NULL,
  `deptID` int(16) NOT NULL,
  `positionID` int(16) NOT NULL,
  `intro` varchar(1024) NOT NULL,
  `adt` datetime DEFAULT NULL,
  `identity` varchar(50) DEFAULT NULL,
  PRIMARY KEY (`id`)
) ENGINE=MyISAM AUTO_INCREMENT=10 DEFAULT CHARSET=utf8 COMMENT='系统用户表';

-- 正在导出表  07fly_erp.fly_sys_user 的数据：5 rows
DELETE FROM `fly_sys_user`;
/*!40000 ALTER TABLE `fly_sys_user` DISABLE KEYS */;
INSERT INTO `fly_sys_user` (`id`, `account`, `password`, `name`, `gender`, `tel`, `mobile`, `qicq`, `address`, `zipcode`, `email`, `roleID`, `deptID`, `positionID`, `intro`, `adt`, `identity`) VALUES
	(1, '07fly', '07fly.com', '零起飞', '1', '', '18030402705', '1871720801', '', '', 'goodmuzi@qq.com', '12,1', 2, 2, '零起飞网络工作室，是一个具有专业水平和非凡创意的制作者的组合~', NULL, 'SYS0001'),
	(3, 'test', 'test', '张三', '1', '02868133149', '1871720801', '', '成都市', '', 'mai@163.com', '13', 2, 2, '', '0000-00-00 00:00:00', NULL),
	(4, 'admin', '123', '管理员', '1', '', '1366789876', '', '', '', '', '14', 1, 7, '', '0000-00-00 00:00:00', NULL),
	(7, 'cw', 'cw', '财务员', '1', '', '13800000000', '', '', '', '', '14', 2, 4, '', '2017-06-26 15:59:39', NULL),
	(9, '123', '123', '123', '1', '', '13800000000', '', '', '', '', '14', 2, 2, '', '2018-01-17 10:33:35', NULL);
/*!40000 ALTER TABLE `fly_sys_user` ENABLE KEYS */;

-- 导出  表 07fly_erp.fly_sys_user_role 结构
CREATE TABLE IF NOT EXISTS `fly_sys_user_role` (
  `id` int(16) NOT NULL AUTO_INCREMENT,
  `role_id` int(16) NOT NULL DEFAULT '0',
  `user_id` int(2) NOT NULL DEFAULT '0',
  PRIMARY KEY (`id`)
) ENGINE=MyISAM DEFAULT CHARSET=utf8 COMMENT='用户权限关联列表';

-- 正在导出表  07fly_erp.fly_sys_user_role 的数据：0 rows
DELETE FROM `fly_sys_user_role`;
/*!40000 ALTER TABLE `fly_sys_user_role` DISABLE KEYS */;
/*!40000 ALTER TABLE `fly_sys_user_role` ENABLE KEYS */;

-- 导出  表 07fly_erp.pos_contract 结构
CREATE TABLE IF NOT EXISTS `pos_contract` (
  `contract_id` int(16) unsigned NOT NULL AUTO_INCREMENT,
  `contract_no` varchar(50) NOT NULL COMMENT '合同编号',
  `supplier_id` int(16) NOT NULL,
  `linkman_id` int(16) NOT NULL,
  `chance_id` int(16) NOT NULL,
  `website_id` int(16) NOT NULL COMMENT '关联网站',
  `start_date` date NOT NULL COMMENT '采购时间',
  `end_date` date NOT NULL COMMENT '预订到货时间',
  `our_user_id` int(16) NOT NULL COMMENT '我方联系人',
  `money` decimal(10,2) NOT NULL COMMENT '合同金额',
  `goods_money` decimal(10,2) NOT NULL COMMENT '商品金额',
  `zero_money` decimal(10,2) NOT NULL COMMENT '去零金额',
  `back_money` decimal(10,2) NOT NULL COMMENT '回款金额',
  `owe_money` decimal(10,2) NOT NULL COMMENT '欠款金额',
  `pay_money` decimal(10,2) NOT NULL COMMENT '支付金额',
  `invoice_money` decimal(10,2) NOT NULL COMMENT '开票金额',
  `title` varchar(256) NOT NULL COMMENT '订单主题',
  `intro` text NOT NULL COMMENT '订单介绍',
  `status` smallint(1) NOT NULL DEFAULT '1' COMMENT '1=临时单，2=执行，3=完成，4=撤消',
  `back_status` smallint(1) NOT NULL DEFAULT '1' COMMENT '回款状态，1=未付，2=部分，3=全部',
  `pay_status` smallint(1) NOT NULL DEFAULT '1' COMMENT '支付状态，1=未付，2=部分，3=全部',
  `deliver_status` smallint(1) NOT NULL DEFAULT '1' COMMENT '交付状态',
  `invoice_status` smallint(1) NOT NULL DEFAULT '1' COMMENT '开票状态 0=不需要，1=需要，2=部分，3=全部',
  `rece_status` smallint(1) NOT NULL DEFAULT '1' COMMENT '收货状态，1=需要，2=录入明细，3=待入库，4=部分，5=全部',
  `create_user_id` int(16) NOT NULL,
  `create_time` datetime NOT NULL,
  PRIMARY KEY (`contract_id`)
) ENGINE=MyISAM AUTO_INCREMENT=61 DEFAULT CHARSET=utf8 COMMENT='采购合同';

-- 正在导出表  07fly_erp.pos_contract 的数据：3 rows
DELETE FROM `pos_contract`;
/*!40000 ALTER TABLE `pos_contract` DISABLE KEYS */;
INSERT INTO `pos_contract` (`contract_id`, `contract_no`, `supplier_id`, `linkman_id`, `chance_id`, `website_id`, `start_date`, `end_date`, `our_user_id`, `money`, `goods_money`, `zero_money`, `back_money`, `owe_money`, `pay_money`, `invoice_money`, `title`, `intro`, `status`, `back_status`, `pay_status`, `deliver_status`, `invoice_status`, `rece_status`, `create_user_id`, `create_time`) VALUES
	(56, '1812231589', 13, 4, 0, 0, '2018-12-25', '2019-01-01', 1, 1000.00, 0.00, 0.00, 0.00, 0.00, 1000.00, 100.00, '霓虹灯软条字2222', 'ddaf', 1, 1, 3, 1, 2, 1, 4, '2018-12-23 20:23:57'),
	(57, '1812232080', 13, 4, 0, 0, '2018-12-20', '2018-12-31', 1, 1000.00, 0.00, 0.00, 0.00, 0.00, 1000.00, 0.00, '联想电脑', '这个是一个采购订单', 1, 1, 3, 1, 1, 1, 4, '2018-12-24 10:55:42'),
	(60, '1812251478', 13, 4, 0, 0, '2018-12-25', '2019-01-03', 1, 10000.00, 0.00, 0.00, 0.00, 10000.00, 0.00, 0.00, '测试了', '', 2, 1, 1, 1, 1, 2, 4, '2018-12-25 14:28:42');
/*!40000 ALTER TABLE `pos_contract` ENABLE KEYS */;

-- 导出  表 07fly_erp.pos_contract_list 结构
CREATE TABLE IF NOT EXISTS `pos_contract_list` (
  `list_id` int(11) unsigned NOT NULL AUTO_INCREMENT COMMENT '订单项ID',
  `contract_id` int(11) NOT NULL COMMENT '合同ID',
  `goods_id` int(11) NOT NULL COMMENT '商品ID',
  `goods_name` varchar(100) NOT NULL COMMENT '商品名称',
  `sku_id` int(11) NOT NULL COMMENT 'skuID',
  `sku_name` varchar(50) NOT NULL COMMENT 'sku名称',
  `sale_price` decimal(19,2) NOT NULL DEFAULT '0.00' COMMENT '商品价格',
  `cost_price` decimal(19,2) NOT NULL DEFAULT '0.00' COMMENT '商品成本价',
  `num` varchar(255) NOT NULL DEFAULT '0' COMMENT '购买数量',
  `adjust_money` decimal(10,2) NOT NULL DEFAULT '0.00' COMMENT '调整金额',
  `goods_money` decimal(10,2) NOT NULL DEFAULT '0.00' COMMENT '商品总价',
  `goods_picture` int(11) NOT NULL DEFAULT '0' COMMENT '商品图片',
  `remarks` varchar(255) NOT NULL DEFAULT '' COMMENT '备注',
  `create_user_id` int(11) DEFAULT '0',
  `create_time` datetime NOT NULL,
  PRIMARY KEY (`list_id`),
  KEY `UK_ns_order_goods_goods_id` (`goods_id`),
  KEY `UK_ns_order_goods_order_id` (`contract_id`),
  KEY `UK_ns_order_goods_sku_id` (`sku_id`)
) ENGINE=MyISAM AUTO_INCREMENT=144 DEFAULT CHARSET=utf8 AVG_ROW_LENGTH=289 COMMENT='采购订单商品表';

-- 正在导出表  07fly_erp.pos_contract_list 的数据：10 rows
DELETE FROM `pos_contract_list`;
/*!40000 ALTER TABLE `pos_contract_list` DISABLE KEYS */;
INSERT INTO `pos_contract_list` (`list_id`, `contract_id`, `goods_id`, `goods_name`, `sku_id`, `sku_name`, `sale_price`, `cost_price`, `num`, `adjust_money`, `goods_money`, `goods_picture`, `remarks`, `create_user_id`, `create_time`) VALUES
	(134, 60, 70, '阿斯蒂芬', 86, '尺码:35,颜色:黑色', 0.00, 80.00, '1', 0.00, 80.00, 0, '', 4, '2018-12-28 21:24:52'),
	(135, 60, 70, '阿斯蒂芬', 85, '尺码:36,颜色:白色', 0.00, 80.00, '1', 0.00, 80.00, 0, '', 4, '2018-12-28 21:24:52'),
	(136, 60, 70, '阿斯蒂芬', 84, '尺码:36,颜色:黑色', 0.00, 80.00, '1', 0.00, 80.00, 0, '', 4, '2018-12-28 21:24:52'),
	(137, 60, 70, '阿斯蒂芬', 83, '尺码:35,颜色:白色', 0.00, 80.00, '1', 0.00, 80.00, 0, '', 4, '2018-12-28 21:24:52'),
	(138, 60, 69, '阿斯蒂芬', 62, '尺码:36,颜色:黑色', 0.00, 80.00, '1', 0.00, 80.00, 0, '', 4, '2018-12-28 21:24:52'),
	(139, 60, 69, '阿斯蒂芬', 61, '尺码:36,颜色:白色', 0.00, 80.00, '1', 0.00, 80.00, 0, '', 4, '2018-12-28 21:24:52'),
	(140, 60, 69, '阿斯蒂芬', 60, '尺码:35,颜色:黑色', 0.00, 80.00, '1', 0.00, 80.00, 0, '', 4, '2018-12-28 21:24:52'),
	(141, 60, 69, '阿斯蒂芬', 59, '尺码:35,颜色:白色', 0.00, 80.00, '1', 0.00, 80.00, 0, '', 4, '2018-12-28 21:24:52'),
	(142, 60, 68, '阿斯蒂芬', 58, '尺码:36,颜色:黑色', 0.00, 80.00, '1', 0.00, 80.00, 0, '', 4, '2018-12-28 21:24:52'),
	(143, 60, 68, '阿斯蒂芬', 57, '尺码:36,颜色:白色', 0.00, 80.00, '5', 0.00, 400.00, 0, '', 4, '2018-12-28 21:24:52');
/*!40000 ALTER TABLE `pos_contract_list` ENABLE KEYS */;

-- 导出  表 07fly_erp.sal_contract 结构
CREATE TABLE IF NOT EXISTS `sal_contract` (
  `contract_id` int(16) unsigned NOT NULL AUTO_INCREMENT,
  `contract_no` varchar(50) NOT NULL COMMENT '合同编号',
  `customer_id` int(16) NOT NULL,
  `linkman_id` int(16) NOT NULL,
  `chance_id` int(16) NOT NULL,
  `website_id` int(16) NOT NULL COMMENT '关联网站',
  `start_date` date NOT NULL,
  `end_date` date NOT NULL,
  `our_user_id` int(16) NOT NULL COMMENT '我方联系人',
  `money` decimal(10,2) NOT NULL COMMENT '合同金额',
  `goods_money` decimal(10,2) NOT NULL COMMENT '商品金额',
  `zero_money` decimal(10,2) NOT NULL COMMENT '去零金额',
  `back_money` decimal(10,2) NOT NULL COMMENT '回款金额',
  `owe_money` decimal(10,2) NOT NULL COMMENT '欠款金额',
  `pay_money` decimal(10,2) NOT NULL COMMENT '支付金额',
  `invoice_money` decimal(10,2) NOT NULL COMMENT '开票金额',
  `title` varchar(256) NOT NULL COMMENT '订单主题',
  `intro` text NOT NULL COMMENT '订单介绍',
  `status` smallint(1) NOT NULL DEFAULT '1' COMMENT '1=临时单，2=执行，3=完成，4=撤消',
  `back_status` smallint(1) NOT NULL DEFAULT '1' COMMENT '回款状态，1=未付，2=部分，3=全部',
  `deliver_status` smallint(1) NOT NULL DEFAULT '1' COMMENT '交付状态',
  `invoice_status` smallint(1) NOT NULL DEFAULT '1' COMMENT '开票状态 0=不需要，1=需要，2=部分，3=全部',
  `renew_status` smallint(1) NOT NULL DEFAULT '1' COMMENT '订单类型，1=新增加，2=续费',
  `create_user_id` int(16) NOT NULL,
  `create_time` datetime NOT NULL,
  PRIMARY KEY (`contract_id`)
) ENGINE=MyISAM AUTO_INCREMENT=61 DEFAULT CHARSET=utf8 COMMENT='销售合同';

-- 正在导出表  07fly_erp.sal_contract 的数据：38 rows
DELETE FROM `sal_contract`;
/*!40000 ALTER TABLE `sal_contract` DISABLE KEYS */;
INSERT INTO `sal_contract` (`contract_id`, `contract_no`, `customer_id`, `linkman_id`, `chance_id`, `website_id`, `start_date`, `end_date`, `our_user_id`, `money`, `goods_money`, `zero_money`, `back_money`, `owe_money`, `pay_money`, `invoice_money`, `title`, `intro`, `status`, `back_status`, `deliver_status`, `invoice_status`, `renew_status`, `create_user_id`, `create_time`) VALUES
	(6, '1704111272', 9, 59, 0, 0, '2017-03-31', '2018-03-31', 5, 2600.00, 0.00, 0.00, 2600.00, 0.00, 0.00, 0.00, '元康餐饮', '', 2, 3, 1, 1, 1, 4, '2017-04-11 12:15:39'),
	(8, '1705030885', 11, 61, 0, 0, '2017-04-24', '2018-04-24', 4, 4500.00, 0.00, 0.00, 4500.00, 0.00, 0.00, 0.00, '正式合同', '', 2, 3, 1, 1, 1, 4, '2017-05-03 20:57:21'),
	(9, '1706190988', 12, 71, 0, 0, '2017-05-10', '2018-05-10', 4, 800.00, 0.00, 0.00, 800.00, 0.00, 0.00, 0.00, '新合同', '', 2, 3, 1, 1, 1, 4, '2017-06-19 09:35:44'),
	(10, '1706260814', 13, 68, 10, 0, '2017-06-22', '2018-06-22', 4, 4600.00, 0.00, 0.00, 2300.00, 0.00, 0.00, 0.00, '新合同', '送发票需要开收据过去', 2, 2, 1, 1, 1, 4, '2017-06-26 08:39:53'),
	(11, '1706260858', 17, 72, 0, 0, '2017-06-22', '2018-06-22', 4, 4600.00, 0.00, 0.00, 2300.00, 0.00, 0.00, 0.00, '新合同', '', 2, 2, 1, 1, 1, 4, '2017-06-26 08:51:10'),
	(12, '1706301289', 18, 73, 0, 0, '2017-06-30', '2018-06-30', 4, 7200.00, 0.00, 0.00, 3400.00, 0.00, 0.00, 0.00, '博美特', '网站制作，推广，58发布信息', 2, 2, 1, 1, 1, 4, '2017-06-30 12:28:32'),
	(13, '1708300851', 13151, 82, 14, 0, '2017-08-26', '2019-08-26', 4, 8000.00, 0.00, 0.00, 7600.00, 0.00, 0.00, -1200.00, '会员定制', '主要是网站+会员系统管理', 2, 2, 1, 1, 1, 4, '2017-08-30 08:33:30'),
	(15, '1710311189', 295, 79, 0, 5, '2017-11-14', '2018-11-14', 4, 1000.00, 0.00, 0.00, 1000.00, 0.00, 0.00, 0.00, '全正农业续费', '续费一年', 2, 3, 1, 1, 2, 4, '2017-10-31 11:59:55'),
	(16, '1711140517', 13155, 86, 0, 0, '2017-11-06', '2018-11-06', 4, 2500.00, 0.00, 0.00, 2500.00, 0.00, 0.00, 0.00, '醉生肖PC网站', '', 2, 3, 1, 1, 1, 4, '2017-11-14 17:17:49'),
	(17, '1712070353', 13156, 87, 0, 0, '2017-12-07', '2018-12-01', 4, 1000.00, 0.00, 0.00, 1000.00, 0.00, 0.00, 0.00, '诺森网站', '只做程序，', 2, 3, 1, 1, 1, 4, '2017-12-07 15:12:59'),
	(18, '1712070397', 13156, 87, 0, 0, '2017-12-01', '2018-12-01', 4, 1000.00, 0.00, 0.00, 1000.00, 0.00, 0.00, 0.00, '六扇门网站', '做程序PC+手机站', 2, 3, 1, 1, 1, 4, '2017-12-07 15:14:25'),
	(19, '1712211179', 967, 80, 0, 15, '2018-01-04', '2018-12-31', 4, 900.00, 0.00, 0.00, 900.00, 0.00, 0.00, 0.00, '周记蛋糕续费', '网站续费', 2, 3, 1, 1, 2, 4, '2017-12-21 11:52:27'),
	(20, '1711211183', 13155, 86, 0, 0, '2017-12-01', '2018-12-01', 4, 1500.00, 0.00, 0.00, 0.00, 0.00, 0.00, 0.00, '醉生肖WAP网站', '代码开发，扣出了提成', 1, 1, 1, 1, 1, 4, '2017-12-21 11:54:54'),
	(21, '1801101249', 289, 78, 0, 0, '2017-12-21', '2018-12-21', 4, 2500.00, 0.00, 0.00, 2500.00, 0.00, 0.00, 0.00, '凤小厨网站', '增加程序+空间维护', 2, 3, 1, 1, 1, 4, '2018-01-10 12:50:47'),
	(29, '1801100188', 274, 77, 0, 6, '2018-01-25', '2019-01-25', 4, 1500.00, 0.00, 0.00, 1500.00, 0.00, 0.00, 0.00, '铭丰资本续费', '续费一年维护+空间+域名', 2, 3, 1, 1, 2, 4, '2018-01-10 13:08:36'),
	(30, '1802281131', 289, 78, 0, 7, '2018-02-06', '2019-02-06', 4, 800.00, 0.00, 0.00, 800.00, 0.00, 0.00, 0.00, '万籁阁续费', '网站续费', 2, 3, 1, 1, 2, 4, '2018-02-28 11:57:19'),
	(31, '1803070264', 232, 75, 0, 18, '2018-02-28', '2019-03-01', 4, 800.00, 0.00, 0.00, 800.00, 0.00, 0.00, 0.00, '尚美居续费', '', 2, 3, 1, 1, 2, 4, '2018-03-07 14:36:18'),
	(32, '1802071452', 13156, 87, 0, 0, '2018-03-07', '2018-03-31', 4, 1000.00, 0.00, 0.00, 1000.00, 0.00, 0.00, 0.00, '调查网2', '手机，PC界面制作', 2, 3, 1, 1, 1, 4, '2018-03-07 14:37:57'),
	(34, '1803260145', 9, 58, 0, 8, '2018-03-31', '2019-03-30', 4, 600.00, 0.00, 0.00, 600.00, 0.00, 0.00, 0.00, '元康餐饮续费', '续费600一年空间费用', 2, 3, 1, 1, 2, 4, '2018-03-26 13:16:37'),
	(35, '1803260496', 254, 76, 0, 2, '2018-05-27', '2019-03-30', 4, 1000.00, 0.00, 0.00, 1000.00, 0.00, 0.00, 0.00, '直线官网续费', '网站续费', 2, 3, 1, 1, 2, 4, '2018-03-26 16:58:40'),
	(36, '1804200360', 11, 61, 0, 16, '2018-04-21', '2021-04-21', 4, 3600.00, 0.00, 0.00, 3600.00, 0.00, 0.00, 0.00, '富机电梯续费', '三年费用，1500/每年，3年0.8折', 2, 3, 1, 1, 2, 4, '2018-04-20 15:11:49'),
	(37, '1804260995', 12, 71, 0, 10, '2018-05-10', '2019-05-01', 4, 600.00, 0.00, 0.00, 600.00, 0.00, 0.00, 0.00, '金福机电续费', '续费一年', 2, 3, 1, 1, 2, 4, '2018-04-26 09:45:32'),
	(38, '1806240896', 289, 78, 0, 4, '2018-06-01', '2019-06-01', 4, 800.00, 0.00, 0.00, 800.00, 0.00, 0.00, 0.00, '瞳创广告官网续费', '', 2, 3, 1, 1, 2, 4, '2018-06-24 20:45:11'),
	(39, '1807031064', 17, 72, 0, 13, '2018-06-23', '2019-06-23', 4, 1500.00, 0.00, 0.00, 1500.00, 0.00, 0.00, 0.00, '泰建筑劳续费', '续费一年', 2, 3, 1, 1, 2, 4, '2018-07-03 10:52:48'),
	(40, '1807031098', 13, 66, 0, 12, '2018-06-23', '2019-06-23', 4, 1500.00, 0.00, 0.00, 1500.00, 0.00, 0.00, 0.00, '堰汇劳务续费', '', 2, 3, 1, 1, 2, 4, '2018-07-03 10:54:00'),
	(41, '1807180233', 289, 78, 0, 11, '2018-06-09', '2019-07-10', 4, 800.00, 0.00, 0.00, 800.00, 0.00, 0.00, 0.00, '万经堂续费', '续费800', 2, 3, 1, 1, 2, 4, '2018-07-18 14:23:38'),
	(42, '1810091419', 254, 76, 0, 0, '2018-04-01', '2019-04-01', 4, 2500.00, 0.00, 0.00, 1800.00, 0.00, 0.00, 0.00, '民航电子', '微官网网站1800制作费用，700空间费用', 2, 2, 1, 1, 1, 4, '2018-10-09 14:28:20'),
	(43, '1810091433', 289, 78, 0, 0, '2018-09-07', '2010-09-07', 4, 2500.00, 0.00, 0.00, 2500.00, 0.00, 0.00, 0.00, '华西建筑设计院', '自适应网站制作', 2, 3, 1, 1, 1, 4, '2018-10-09 14:33:49'),
	(44, '1810091428', 13160, 113, 0, 0, '2018-05-15', '2018-10-01', 4, 5000.00, 0.00, 0.00, 5000.00, 0.00, 0.00, 0.00, '创青赛报名系统', '程序开发，中途停产了，只收了5000', 2, 3, 1, 1, 1, 4, '2018-10-09 14:37:37'),
	(45, '1810091464', 13156, 87, 0, 0, '2018-09-20', '2018-11-01', 4, 1000.00, 0.00, 0.00, 0.00, 0.00, 0.00, 0.00, '图拉博网站', '代码开发', 1, 1, 1, 1, 1, 4, '2018-10-09 14:39:55'),
	(46, '1810091494', 13161, 114, 0, 0, '2018-09-06', '2019-09-06', 4, 10000.00, 0.00, 0.00, 5000.00, 0.00, 0.00, 0.00, '足博仕商城', '', 2, 2, 1, 1, 1, 4, '2018-10-09 14:43:09'),
	(47, '1810091413', 13155, 86, 0, 0, '2018-09-20', '2018-09-20', 4, 3500.00, 0.00, 0.00, 2000.00, 0.00, 0.00, 0.00, '周渔郎鱼火锅', '网站制作+空间+维护', 2, 2, 1, 1, 1, 4, '2018-10-09 14:44:27'),
	(48, '1810091450', 13162, 115, 0, 0, '2018-09-01', '2019-09-01', 4, 2600.00, 0.00, 0.00, 2600.00, 0.00, 0.00, 0.00, '古铁锋-CRM定制', '功能定制', 2, 3, 1, 1, 1, 4, '2018-10-09 14:48:14'),
	(49, '1810091426', 13163, 116, 0, 0, '2018-07-15', '2019-07-15', 4, 17000.00, 0.00, 0.00, 10000.00, 0.00, 0.00, 0.00, '知行天下旅游网', '酒店预订系统平台+有手机网站', 2, 2, 1, 1, 1, 4, '2018-10-09 14:53:39'),
	(51, '1810190564', 295, 79, 0, 5, '2018-11-14', '2019-11-14', 4, 1200.00, 0.00, 0.00, 1200.00, 0.00, 0.00, 0.00, '全正农业续费', '2019年续费', 2, 3, 1, 1, 2, 4, '2018-10-19 17:47:32'),
	(56, '1812231398', 0, 4, 0, 0, '2018-12-12', '2018-12-31', 1, 1000.00, 0.00, 0.00, 0.00, 1000.00, 0.00, 0.00, '采购网站', '这个还是不错的哟', 1, 1, 1, 1, 1, 4, '2018-12-23 15:04:31'),
	(57, '1812231398', 0, 4, 0, 0, '2018-12-12', '2018-12-31', 1, 1000.00, 0.00, 0.00, 0.00, 1000.00, 0.00, 0.00, '采购网站', '这个还是不错的哟', 1, 1, 1, 1, 1, 4, '2018-12-23 15:08:07'),
	(58, '1812272235', 1, 62, 20, 0, '2018-12-12', '2018-12-26', 1, 20000.00, 0.00, 100.00, 19900.00, 0.00, 0.00, 1000.00, '发光字', '这是什么东西呀', 2, 3, 1, 2, 1, 4, '2018-12-28 12:03:47');
/*!40000 ALTER TABLE `sal_contract` ENABLE KEYS */;

-- 导出  表 07fly_erp.sal_contract_list 结构
CREATE TABLE IF NOT EXISTS `sal_contract_list` (
  `list_id` int(11) unsigned NOT NULL AUTO_INCREMENT COMMENT '订单项ID',
  `contract_id` int(11) NOT NULL COMMENT '合同ID',
  `goods_id` int(11) NOT NULL COMMENT '商品ID',
  `goods_name` varchar(100) NOT NULL COMMENT '商品名称',
  `sku_id` int(11) NOT NULL COMMENT 'skuID',
  `sku_name` varchar(50) NOT NULL COMMENT 'sku名称',
  `sale_price` decimal(19,2) NOT NULL DEFAULT '0.00' COMMENT '商品价格',
  `cost_price` decimal(19,2) NOT NULL DEFAULT '0.00' COMMENT '商品成本价',
  `num` varchar(255) NOT NULL DEFAULT '0' COMMENT '购买数量',
  `adjust_money` decimal(10,2) NOT NULL DEFAULT '0.00' COMMENT '调整金额',
  `goods_money` decimal(10,2) NOT NULL DEFAULT '0.00' COMMENT '商品总价',
  `goods_picture` int(11) NOT NULL DEFAULT '0' COMMENT '商品图片',
  `remarks` varchar(255) NOT NULL DEFAULT '' COMMENT '备注',
  `create_user_id` int(11) DEFAULT '0',
  `create_time` datetime NOT NULL,
  PRIMARY KEY (`list_id`),
  KEY `UK_ns_order_goods_goods_id` (`goods_id`),
  KEY `UK_ns_order_goods_order_id` (`contract_id`),
  KEY `UK_ns_order_goods_sku_id` (`sku_id`)
) ENGINE=MyISAM AUTO_INCREMENT=188 DEFAULT CHARSET=utf8 AVG_ROW_LENGTH=289 COMMENT='销售合同明细表';

-- 正在导出表  07fly_erp.sal_contract_list 的数据：19 rows
DELETE FROM `sal_contract_list`;
/*!40000 ALTER TABLE `sal_contract_list` DISABLE KEYS */;
INSERT INTO `sal_contract_list` (`list_id`, `contract_id`, `goods_id`, `goods_name`, `sku_id`, `sku_name`, `sale_price`, `cost_price`, `num`, `adjust_money`, `goods_money`, `goods_picture`, `remarks`, `create_user_id`, `create_time`) VALUES
	(33, 56, 70, '阿斯蒂芬', 86, '尺码:35,颜色:黑色', 0.00, 0.00, '1', 0.00, 80.00, 0, '', 4, '2018-12-23 17:46:03'),
	(34, 56, 70, '阿斯蒂芬', 85, '尺码:36,颜色:白色', 0.00, 0.00, '1', 0.00, 80.00, 0, '', 4, '2018-12-23 17:46:03'),
	(35, 56, 70, '阿斯蒂芬', 84, '尺码:36,颜色:黑色', 0.00, 0.00, '1', 0.00, 80.00, 0, '', 4, '2018-12-23 17:46:03'),
	(36, 56, 70, '阿斯蒂芬', 83, '尺码:35,颜色:白色', 0.00, 0.00, '1', 0.00, 80.00, 0, '', 4, '2018-12-23 17:46:03'),
	(37, 56, 69, '阿斯蒂芬', 62, '尺码:36,颜色:黑色', 0.00, 0.00, '1', 0.00, 80.00, 0, '', 4, '2018-12-23 17:46:03'),
	(38, 56, 69, '阿斯蒂芬', 61, '尺码:36,颜色:白色', 0.00, 0.00, '1', 0.00, 80.00, 0, '', 4, '2018-12-23 17:46:03'),
	(39, 56, 69, '阿斯蒂芬', 60, '尺码:35,颜色:黑色', 0.00, 0.00, '1', 0.00, 80.00, 0, '', 4, '2018-12-23 17:46:03'),
	(40, 56, 69, '阿斯蒂芬', 59, '尺码:35,颜色:白色', 0.00, 0.00, '1', 0.00, 80.00, 0, '', 4, '2018-12-23 17:46:03'),
	(41, 56, 68, '阿斯蒂芬', 58, '尺码:36,颜色:黑色', 0.00, 0.00, '1', 0.00, 80.00, 0, '', 4, '2018-12-23 17:46:03'),
	(42, 56, 68, '阿斯蒂芬', 57, '尺码:36,颜色:白色', 0.00, 0.00, '1', 0.00, 80.00, 0, '', 4, '2018-12-23 17:46:03'),
	(179, 58, 70, '阿斯蒂芬', 86, '86', 101.00, 0.00, '1', 0.00, 101.00, 0, '', 4, '2018-12-28 12:24:26'),
	(180, 58, 70, '阿斯蒂芬', 85, '85', 101.00, 0.00, '1', 0.00, 101.00, 0, '', 4, '2018-12-28 12:24:26'),
	(181, 58, 70, '阿斯蒂芬', 84, '84', 101.00, 0.00, '1', 0.00, 101.00, 0, '', 4, '2018-12-28 12:24:26'),
	(182, 58, 70, '阿斯蒂芬', 83, '83', 101.00, 0.00, '1', 0.00, 101.00, 0, '', 4, '2018-12-28 12:24:26'),
	(183, 58, 69, '阿斯蒂芬', 62, '62', 100.00, 0.00, '1', 0.00, 100.00, 0, '', 4, '2018-12-28 12:24:26'),
	(184, 58, 69, '阿斯蒂芬', 61, '61', 100.00, 0.00, '1', 0.00, 100.00, 0, '', 4, '2018-12-28 12:24:26'),
	(185, 58, 69, '阿斯蒂芬', 60, '60', 100.00, 0.00, '1', 0.00, 100.00, 0, '', 4, '2018-12-28 12:24:26'),
	(186, 58, 69, '阿斯蒂芬', 59, '59', 100.00, 0.00, '1', 0.00, 100.00, 0, '', 4, '2018-12-28 12:24:26'),
	(187, 58, 68, '阿斯蒂芬', 58, '58', 100.00, 0.00, '23', 0.00, 2300.00, 0, '', 4, '2018-12-28 12:24:26');
/*!40000 ALTER TABLE `sal_contract_list` ENABLE KEYS */;

-- 导出  表 07fly_erp.sup_linkman 结构
CREATE TABLE IF NOT EXISTS `sup_linkman` (
  `linkman_id` int(16) unsigned NOT NULL AUTO_INCREMENT,
  `supplier_id` int(16) NOT NULL,
  `name` varchar(256) NOT NULL,
  `gender` smallint(1) NOT NULL,
  `postion` varchar(256) NOT NULL,
  `tel` varchar(256) NOT NULL,
  `mobile` varchar(256) NOT NULL,
  `qicq` varchar(256) NOT NULL,
  `email` varchar(256) NOT NULL,
  `zipcode` varchar(256) NOT NULL,
  `address` varchar(1024) NOT NULL,
  `intro` text NOT NULL,
  `create_time` datetime NOT NULL,
  `create_user_id` int(16) NOT NULL,
  PRIMARY KEY (`linkman_id`)
) ENGINE=MyISAM AUTO_INCREMENT=10 DEFAULT CHARSET=utf8 COMMENT='供应商联系人';

-- 正在导出表  07fly_erp.sup_linkman 的数据：9 rows
DELETE FROM `sup_linkman`;
/*!40000 ALTER TABLE `sup_linkman` DISABLE KEYS */;
INSERT INTO `sup_linkman` (`linkman_id`, `supplier_id`, `name`, `gender`, `postion`, `tel`, `mobile`, `qicq`, `email`, `zipcode`, `address`, `intro`, `create_time`, `create_user_id`) VALUES
	(1, 12, '枭哥', 1, '技术部', '02888641234', '13688868655', '1585925559', 'web@07fly.com', '610000', '成都市新路', '这个小伙子不错,一个很好的人的呀', '2013-09-06 10:26:59', 0),
	(2, 12, '二娃', 1, '1', '12345678', '12345678', '', '1@1.com', '', '', '', '2013-09-23 14:16:55', 0),
	(3, 12, '三娃', 1, '1', '12345678', '12345678', '', '1@1.com', '', '', '', '2013-09-23 14:17:00', 0),
	(4, 13, '李大爷', 1, '经理', '12', '18030402705', '123', 'muziii@163.com', '', '成都校园路100号', '', '2016-04-24 22:07:37', 0),
	(5, 0, '李大哥', 0, '', '02832145678', '', '', '', '', '', '', '2018-12-21 17:43:35', 4),
	(6, 17, '李大哥', 0, '', '02832145678', '', '', '', '', '', '', '2018-12-21 17:44:47', 4),
	(7, 13, '李大二', 1, '村长', '12', '18030402705', '', '', '', '', '', '2018-12-21 22:17:14', 4),
	(8, 13, '李大二', 1, '村长', '12', '18030402705', '', '', '', '', '', '2018-12-21 22:17:48', 4),
	(9, 0, '李大二', 1, '村长', '12', '18030402705', '', '', '', '', '', '2018-12-21 22:17:58', 4);
/*!40000 ALTER TABLE `sup_linkman` ENABLE KEYS */;

-- 导出  表 07fly_erp.sup_supplier 结构
CREATE TABLE IF NOT EXISTS `sup_supplier` (
  `supplier_id` int(16) unsigned NOT NULL AUTO_INCREMENT,
  `name` varchar(64) NOT NULL,
  `area_id` int(16) NOT NULL COMMENT '所在地区',
  `create_user_id` int(16) NOT NULL,
  `level` int(16) NOT NULL COMMENT '客户等级',
  `ecotype` int(16) NOT NULL COMMENT '经济类型',
  `trade` int(16) NOT NULL COMMENT '行业',
  `satisfy` smallint(6) NOT NULL DEFAULT '3' COMMENT '满意度（1-5），默认为3',
  `credit` smallint(2) NOT NULL DEFAULT '3' COMMENT '信用度（1-5），默认为3',
  `address` varchar(256) NOT NULL,
  `linkman` varchar(256) NOT NULL,
  `website` varchar(256) NOT NULL,
  `zipcode` varchar(64) NOT NULL,
  `tel` varchar(256) NOT NULL,
  `fax` varchar(256) NOT NULL,
  `email` varchar(256) NOT NULL,
  `intro` text NOT NULL,
  `create_time` datetime NOT NULL,
  PRIMARY KEY (`supplier_id`)
) ENGINE=MyISAM AUTO_INCREMENT=20 DEFAULT CHARSET=utf8 COMMENT='供应商';

-- 正在导出表  07fly_erp.sup_supplier 的数据：4 rows
DELETE FROM `sup_supplier`;
/*!40000 ALTER TABLE `sup_supplier` DISABLE KEYS */;
INSERT INTO `sup_supplier` (`supplier_id`, `name`, `area_id`, `create_user_id`, `level`, `ecotype`, `trade`, `satisfy`, `credit`, `address`, `linkman`, `website`, `zipcode`, `tel`, `fax`, `email`, `intro`, `create_time`) VALUES
	(1, '山西太原', 0, 0, 0, 27, 24, 3, 3, '', '', 'http://www.07fly.com', '', '02987651123', '', '', '', '0000-00-00 00:00:00'),
	(12, '上海八达', 0, 0, 0, 30, 48, 3, 3, ' 上海市', '李小姐', 'http://www.00808.com', '', '61833149', '', '', '这还是一家不错的公司的哟', '2013-09-05 15:29:12'),
	(13, '成都零起飞网络', 0, 0, 0, 28, 24, 3, 3, '', '李先生', 'http://www.07fly.com', '', '18030402705', '', '', '这个公司还是不错哟', '2016-04-24 22:06:47'),
	(16, '成都百度科技', 0, 4, 0, 25, 24, 3, 3, '成都市大天路', '李大哥', '', '', '02832145678', '024854', 'goodmuzi@qq.com', '这个公司还是多哥的哟，', '2018-12-21 17:44:12');
/*!40000 ALTER TABLE `sup_supplier` ENABLE KEYS */;

/*!40101 SET SQL_MODE=IFNULL(@OLD_SQL_MODE, '') */;
/*!40014 SET FOREIGN_KEY_CHECKS=IF(@OLD_FOREIGN_KEY_CHECKS IS NULL, 1, @OLD_FOREIGN_KEY_CHECKS) */;
/*!40101 SET CHARACTER_SET_CLIENT=@OLD_CHARACTER_SET_CLIENT */;
