-- --------------------------------------------------------
-- 主机:                           127.0.0.1
-- 服务器版本:                        5.5.62-log - MySQL Community Server (GPL)
-- 服务器操作系统:                      Win64
-- HeidiSQL 版本:                  10.3.0.5771
-- --------------------------------------------------------

/*!40101 SET @OLD_CHARACTER_SET_CLIENT=@@CHARACTER_SET_CLIENT */;
/*!40101 SET NAMES utf8 */;
/*!50503 SET NAMES utf8mb4 */;
/*!40014 SET @OLD_FOREIGN_KEY_CHECKS=@@FOREIGN_KEY_CHECKS, FOREIGN_KEY_CHECKS=0 */;
/*!40101 SET @OLD_SQL_MODE=@@SQL_MODE, SQL_MODE='NO_AUTO_VALUE_ON_ZERO' */;

-- 导出  表 erp_07fly_com.cst_chance 结构
CREATE TABLE IF NOT EXISTS `cst_chance` (
  `chance_id` int(16) unsigned NOT NULL AUTO_INCREMENT,
  `customer_id` int(16) NOT NULL,
  `linkman_id` varchar(256) NOT NULL,
  `find_date` date NOT NULL COMMENT '发现时间',
  `bill_date` date NOT NULL COMMENT '预计签单时间',
  `salestage` int(4) NOT NULL COMMENT '谈判状态',
  `money` int(11) NOT NULL COMMENT '预计金额',
  `success_rate` int(2) NOT NULL COMMENT '预计可能性成功率',
  `userID` int(16) NOT NULL,
  `name` varchar(256) NOT NULL COMMENT '主题',
  `intro` varchar(256) NOT NULL,
  `status` smallint(1) NOT NULL DEFAULT '1',
  `create_user_id` int(16) NOT NULL,
  `create_time` datetime NOT NULL,
  PRIMARY KEY (`chance_id`)
) ENGINE=MyISAM AUTO_INCREMENT=26 DEFAULT CHARSET=utf8 COMMENT='销售机会';

-- 正在导出表  erp_07fly_com.cst_chance 的数据：22 rows
DELETE FROM `cst_chance`;
/*!40000 ALTER TABLE `cst_chance` DISABLE KEYS */;
INSERT INTO `cst_chance` (`chance_id`, `customer_id`, `linkman_id`, `find_date`, `bill_date`, `salestage`, `money`, `success_rate`, `userID`, `name`, `intro`, `status`, `create_user_id`, `create_time`) VALUES
	(1, 1, '1', '2020-01-09', '2024-10-31', 39, 0, 0, 0, '', '', 1, 2, '2020-01-09 16:13:33'),
	(2, 2, '2', '2020-01-28', '2025-01-28', 38, 0, 0, 0, '111111111', '', 1, 2, '2020-01-09 16:18:04'),
	(3, 2, '2', '0000-00-00', '0000-00-00', 38, 0, 0, 0, '2222222222', '', 1, 2, '2020-01-09 16:28:15'),
	(4, 6, '9', '2020-01-18', '2020-07-30', 38, 1000000, 0, 0, '测试-机会1', 'A项目', 1, 2, '2020-01-18 21:18:44'),
	(5, 1, '1', '2020-01-01', '2020-01-28', 38, 0, 0, 0, '', '', 1, 2, '2020-02-02 21:50:23'),
	(6, 7, '12', '0000-00-00', '0000-00-00', 39, 0, 0, 0, '测试销售机会', '', 1, 2, '2020-03-24 08:34:49'),
	(7, 1, '1', '2020-02-05', '2021-03-04', 38, 1111, 0, 0, '111111111111', '', 1, 2, '2020-03-11 09:22:39'),
	(8, 286, '31', '2020-01-28', '2024-06-11', 38, 1000, 0, 0, '1231', '发的地方', 1, 2, '2020-03-28 10:24:42'),
	(9, 291, '37', '2020-03-30', '2020-03-30', 43, 100000, 0, 0, '华为服务器', '', 1, 2, '2020-03-31 14:07:49'),
	(10, 7, '12', '2020-03-31', '2020-03-31', 43, 1000, 0, 0, '拿货1', '', 1, 2, '2020-03-31 14:26:36'),
	(11, 294, '40', '2020-03-30', '2020-04-01', 44, 30000, 0, 0, '保时捷卡宴轮毂改装', '', 1, 2, '2020-04-01 13:58:38'),
	(12, 293, '39', '2020-04-02', '2020-04-20', 38, 450, 0, 0, '456465', '', 1, 2, '2020-04-02 11:10:05'),
	(13, 321, '80', '2020-06-03', '2019-07-25', 38, 196, 0, 0, '卖大米', '蓝天计划', 1, 2, '2020-06-03 14:23:13'),
	(14, 334, '98', '2025-06-12', '2020-06-17', 41, 1, 0, 0, '1', '1', 1, 2, '2021-11-25 14:58:10'),
	(15, 1, '1', '0000-00-00', '0000-00-00', 38, 0, 0, 0, '', '', 1, 2, '2021-12-08 16:05:29'),
	(20, 1, '1', '2022-02-15', '2022-06-15', 40, 150000, 0, 0, '办公用品采购', '', 1, 2, '2022-02-15 17:11:09'),
	(19, 438, '', '0000-00-00', '0000-00-00', 38, 0, 0, 0, '1111', '', 1, 2, '2022-01-20 10:23:19'),
	(21, 1, '1', '2022-02-23', '2022-04-01', 39, 230000, 0, 0, '', '', 1, 2, '2022-02-23 14:09:26'),
	(22, 1, '1', '2022-03-20', '2022-03-20', 38, 0, 0, 0, 'xx', '', 1, 2, '2022-03-20 17:46:00'),
	(23, 1, '1', '0000-00-00', '0000-00-00', 41, 0, 0, 0, '', '', 1, 2, '2022-03-24 08:50:24'),
	(24, 1, '1', '0000-00-00', '0000-00-00', 41, 0, 0, 0, '', '', 1, 2, '2022-03-24 08:50:25'),
	(25, 1, '1', '2021-02-01', '0000-00-00', 38, 11, 0, 0, 'test', '32323', 1, 2, '2022-03-24 09:40:44');
/*!40000 ALTER TABLE `cst_chance` ENABLE KEYS */;

-- 导出  表 erp_07fly_com.cst_customer 结构
CREATE TABLE IF NOT EXISTS `cst_customer` (
  `customer_id` int(16) unsigned NOT NULL AUTO_INCREMENT,
  `name` varchar(64) NOT NULL COMMENT '客户名称',
  `customer_no` varchar(64) NOT NULL COMMENT '客户编号',
  `create_user_id` int(16) NOT NULL COMMENT '创建人员',
  `owner_user_id` int(16) NOT NULL COMMENT '归属人员',
  `create_time` datetime NOT NULL,
  `next_time` datetime NOT NULL COMMENT '下次沟通时间',
  `conn_time` datetime NOT NULL COMMENT '最近联系时间',
  `conn_body` varchar(1024) NOT NULL COMMENT '最近沟通内容',
  `mydate` date DEFAULT NULL COMMENT '时间表单',
  `test` varchar(250) DEFAULT NULL COMMENT 'test',
  `头像` varchar(250) DEFAULT NULL COMMENT '头像',
  `aaa` varchar(250) DEFAULT NULL COMMENT 'aa',
  `1111` varchar(250) DEFAULT NULL COMMENT '111',
  `111` varchar(250) DEFAULT NULL COMMENT '111',
  PRIMARY KEY (`customer_id`)
) ENGINE=MyISAM AUTO_INCREMENT=338 DEFAULT CHARSET=utf8 COMMENT='客户信息表';

-- 正在导出表  erp_07fly_com.cst_customer 的数据：3 rows
DELETE FROM `cst_customer`;
/*!40000 ALTER TABLE `cst_customer` DISABLE KEYS */;
INSERT INTO `cst_customer` (`customer_id`, `name`, `customer_no`, `create_user_id`, `owner_user_id`, `create_time`, `next_time`, `conn_time`, `conn_body`, `mydate`, `test`, `头像`, `aaa`, `1111`, `111`) VALUES
	(1, '成都零起飞网络', '', 1, 1, '2019-11-24 18:02:13', '0000-00-00 00:00:00', '0000-00-00 00:00:00', '', '0000-00-00', '', '', '', '', ''),
	(334, '成都零起飞科技', '', 1, 1, '2020-06-06 18:58:58', '0000-00-00 00:00:00', '2020-06-07 07:56:33', '', '0000-00-00', '', '', '', '', ''),
	(337, '高房价', '', 2, 1, '2020-06-08 14:50:47', '0000-00-00 00:00:00', '2020-06-08 01:05:51', '好', '0000-00-00', '', '', '', '', '');
/*!40000 ALTER TABLE `cst_customer` ENABLE KEYS */;

-- 导出  表 erp_07fly_com.cst_dict 结构
CREATE TABLE IF NOT EXISTS `cst_dict` (
  `dict_id` int(16) unsigned NOT NULL AUTO_INCREMENT,
  `name` varchar(256) NOT NULL COMMENT '名字',
  `typetag` varchar(256) NOT NULL COMMENT '分类标识',
  `sort` smallint(8) NOT NULL,
  `visible` smallint(2) NOT NULL,
  PRIMARY KEY (`dict_id`)
) ENGINE=MyISAM AUTO_INCREMENT=71 DEFAULT CHARSET=utf8 COMMENT='字典表';

-- 正在导出表  erp_07fly_com.cst_dict 的数据：47 rows
DELETE FROM `cst_dict`;
/*!40000 ALTER TABLE `cst_dict` DISABLE KEYS */;
INSERT INTO `cst_dict` (`dict_id`, `name`, `typetag`, `sort`, `visible`) VALUES
	(1, 'VIP客户', 'level', 3, 1),
	(23, '一般客户', 'level', 4, 1),
	(24, '工业品企业', 'trade', 2, 0),
	(25, '国有经济', 'ecotype', 1, 0),
	(26, '集体经济', 'ecotype', 2, 1),
	(27, '私营经济', 'ecotype', 3, 1),
	(28, '个体经济', 'ecotype', 4, 1),
	(29, '联营经济', 'ecotype', 5, 1),
	(30, '股份制经济', 'ecotype', 6, 1),
	(31, '外商投资经济', 'ecotype', 7, 1),
	(32, '港澳台投资经济', 'ecotype', 8, 1),
	(33, '其它经济', 'ecotype', 9, 1),
	(34, '客户介绍1', 'source', 1, 1),
	(35, '电话来访', 'source', 2, 1),
	(36, '独立开发', 'source', 3, 1),
	(37, '电话', 'salemode', 1, 1),
	(38, '初期沟通', 'salestage', 3, 0),
	(39, '立项评估', 'salestage', 2, 0),
	(40, '需求分析', 'salestage', 3, 0),
	(41, '方案制定', 'salestage', 4, 0),
	(42, '商务谈判', 'salestage', 5, 0),
	(43, '合同签订', 'salestage', 6, 0),
	(44, '失单', 'salestage', 7, 0),
	(45, '投诉1', 'services', 1, 0),
	(46, '培训', 'services', 2, 1),
	(47, '升级', 'services', 3, 1),
	(48, '互联网企业', 'trade', 1, 0),
	(49, '电话 ', 'servicesmodel', 1, 0),
	(50, 'QQ', 'servicesmodel', 2, 1),
	(51, '服务行业', 'trade', 1, 0),
	(52, '网络资源', 'source', 4, 1),
	(53, '上门', 'salemode', 2, 1),
	(54, '维护', 'services', 4, 1),
	(55, '现场', 'servicesmodel', 3, 1),
	(56, '邮寄', 'salemode', 3, 1),
	(57, '网络', 'salemode', 4, 1),
	(58, '网络', 'servicesmodel', 4, 1),
	(59, '消费品企业', 'trade', 1, 0),
	(60, '原材料企业', 'trade', 1, 0),
	(61, '农业企业', 'trade', 1, 0),
	(62, '没接电话', 'talk', 1, 1),
	(63, '不需要', 'talk', 2, 1),
	(64, '挂了', 'talk', 3, 1),
	(65, '空号', 'talk', 4, 1),
	(66, '加微信号', 'talk', 5, 1),
	(70, '123', 'level', 1, 0),
	(69, '2222', '1', 2, 1);
/*!40000 ALTER TABLE `cst_dict` ENABLE KEYS */;

-- 导出  表 erp_07fly_com.cst_dict_type 结构
CREATE TABLE IF NOT EXISTS `cst_dict_type` (
  `id` int(16) unsigned NOT NULL AUTO_INCREMENT,
  `typename` varchar(256) NOT NULL COMMENT '分类名称',
  `typedir` varchar(256) NOT NULL COMMENT '分类目录',
  `typetag` text NOT NULL COMMENT '分类标识',
  `sort` int(11) NOT NULL COMMENT '排序',
  `visible` tinyint(2) NOT NULL DEFAULT '1' COMMENT '是否启用',
  `intro` varchar(1024) DEFAULT NULL,
  `seotitle` varchar(256) NOT NULL,
  `keywords` varchar(256) NOT NULL,
  PRIMARY KEY (`id`)
) ENGINE=MyISAM AUTO_INCREMENT=11 DEFAULT CHARSET=utf8 COMMENT='字典分类';

-- 正在导出表  erp_07fly_com.cst_dict_type 的数据：10 rows
DELETE FROM `cst_dict_type`;
/*!40000 ALTER TABLE `cst_dict_type` DISABLE KEYS */;
INSERT INTO `cst_dict_type` (`id`, `typename`, `typedir`, `typetag`, `sort`, `visible`, `intro`, `seotitle`, `keywords`) VALUES
	(1, '客户等级', '', 'level', 0, 1, '', '', ''),
	(2, '隶属行业', '', 'trade', 0, 1, '', '', ''),
	(3, '经济类型', '', 'ecotype', 0, 1, '', '', ''),
	(4, '客户来源', '', 'source', 0, 1, '', '', ''),
	(5, '销售方式', '', 'salemode', 0, 1, '', '', ''),
	(6, '销售阶段', '', 'salestage', 0, 1, '', '', ''),
	(7, '服务类型', '', 'services', 0, 1, '', '', ''),
	(8, '服务方式', '', 'servicesmodel', 0, 1, '', '', ''),
	(9, '客户来源', '', '0', 0, 1, '', '', ''),
	(10, '楼盘名称', '', '1', 0, 1, '', '', '');
/*!40000 ALTER TABLE `cst_dict_type` ENABLE KEYS */;

-- 导出  表 erp_07fly_com.cst_field_ext 结构
CREATE TABLE IF NOT EXISTS `cst_field_ext` (
  `field_ext_id` int(16) unsigned NOT NULL AUTO_INCREMENT,
  `main_table` varchar(50) NOT NULL COMMENT '关联主表',
  `ext_table` varchar(50) NOT NULL COMMENT '扩展表名',
  `show_name` varchar(256) NOT NULL COMMENT '字段表单名称',
  `field_name` varchar(256) NOT NULL COMMENT '字段名称',
  `field_type` varchar(50) NOT NULL COMMENT '单文本=varchar,文本=text,多行文本=textarea,整数=int,小数=float,图片=img,下拉=option,单选=radio,复选=checkbox',
  `default` varchar(256) NOT NULL COMMENT '字段默认值',
  `maxlength` varchar(256) NOT NULL COMMENT '最大值',
  `desc` varchar(256) NOT NULL COMMENT '表单说明',
  `visible` smallint(1) NOT NULL DEFAULT '1' COMMENT '是否使用',
  `is_system` smallint(1) NOT NULL DEFAULT '0' COMMENT '是否为系统字段，1=是（不能删除）0=否',
  `is_must` smallint(1) NOT NULL DEFAULT '0' COMMENT '是否改填',
  `sort` int(16) NOT NULL DEFAULT '0' COMMENT '显示排序',
  `create_time` datetime NOT NULL,
  `create_user_id` int(16) NOT NULL DEFAULT '0',
  PRIMARY KEY (`field_ext_id`)
) ENGINE=MyISAM AUTO_INCREMENT=23 DEFAULT CHARSET=utf8 COMMENT='客户字段扩展表';

-- 正在导出表  erp_07fly_com.cst_field_ext 的数据：8 rows
DELETE FROM `cst_field_ext`;
/*!40000 ALTER TABLE `cst_field_ext` DISABLE KEYS */;
INSERT INTO `cst_field_ext` (`field_ext_id`, `main_table`, `ext_table`, `show_name`, `field_name`, `field_type`, `default`, `maxlength`, `desc`, `visible`, `is_system`, `is_must`, `sort`, `create_time`, `create_user_id`) VALUES
	(22, 'sup_linkman', 'sup_linkman', '11', '111', 'varchar', '1111', '250', '', 0, 0, 0, 111, '2021-12-23 09:50:37', 2),
	(21, 'cst_customer', 'cst_customer', '111', '111', 'varchar', '111', '250', '', 1, 0, 0, 0, '2021-12-23 09:50:09', 2),
	(12, 'cst_customer', 'cst_customer', '时间表单', 'mydate', 'date', '', '250', '', 1, 0, 1, 30, '2020-02-11 09:44:29', 2),
	(19, 'cst_customer', 'cst_customer', 'aa', 'aaa', 'linkage', '', '250', '', 1, 0, 0, 0, '2021-12-02 12:19:14', 2),
	(14, 'cst_linkman', 'cst_linkman', '联系人字段', 'xxxlxrzd', 'varchar', '', '250', '', 0, 0, 0, 0, '2020-03-28 10:36:42', 2),
	(16, 'cst_customer', 'cst_customer', 'test', 'test', 'varchar', '', '250', '', 1, 0, 0, 0, '2021-11-09 14:51:47', 2),
	(17, 'cst_customer', 'cst_customer', '头像', '头像', 'imgurl', '', '250', '', 1, 0, 1, 0, '2021-11-15 20:59:50', 2),
	(20, 'cst_customer', 'cst_customer', '111', '1111', 'varchar', '111', '250', '', 1, 0, 0, 0, '2021-12-23 09:49:59', 2);
/*!40000 ALTER TABLE `cst_field_ext` ENABLE KEYS */;

-- 导出  表 erp_07fly_com.cst_filing 结构
CREATE TABLE IF NOT EXISTS `cst_filing` (
  `id` int(16) unsigned NOT NULL AUTO_INCREMENT,
  `cusID` int(16) NOT NULL,
  `linkmanID` int(16) NOT NULL,
  `chanceID` int(16) NOT NULL,
  `userID` int(16) NOT NULL,
  `applicant_userID` int(16) NOT NULL,
  `audit_userID` int(16) NOT NULL,
  `audit_dt` datetime DEFAULT NULL,
  `title` varchar(256) NOT NULL,
  `intro` text NOT NULL,
  `support` text NOT NULL COMMENT '所需支持',
  `status` smallint(1) NOT NULL DEFAULT '1' COMMENT '1=未审核2=同意3=否决',
  `create_userID` int(16) NOT NULL,
  `adt` datetime NOT NULL,
  PRIMARY KEY (`id`)
) ENGINE=MyISAM DEFAULT CHARSET=utf8 COMMENT='项目报备';

-- 正在导出表  erp_07fly_com.cst_filing 的数据：0 rows
DELETE FROM `cst_filing`;
/*!40000 ALTER TABLE `cst_filing` DISABLE KEYS */;
/*!40000 ALTER TABLE `cst_filing` ENABLE KEYS */;

-- 导出  表 erp_07fly_com.cst_linkman 结构
CREATE TABLE IF NOT EXISTS `cst_linkman` (
  `linkman_id` int(16) unsigned NOT NULL AUTO_INCREMENT,
  `customer_id` int(16) NOT NULL,
  `name` varchar(256) NOT NULL,
  `gender` smallint(1) NOT NULL COMMENT '姓别1=男，0=女',
  `postion` varchar(256) NOT NULL COMMENT '职位、',
  `tel` varchar(256) NOT NULL,
  `mobile` varchar(256) NOT NULL,
  `qicq` varchar(256) NOT NULL,
  `email` varchar(256) NOT NULL,
  `zipcode` varchar(256) NOT NULL,
  `address` varchar(1024) NOT NULL,
  `intro` text NOT NULL,
  `create_user_id` int(16) NOT NULL DEFAULT '0',
  `create_time` datetime NOT NULL,
  `xxxlxrzd` varchar(250) DEFAULT NULL COMMENT '联系人字段',
  PRIMARY KEY (`linkman_id`)
) ENGINE=MyISAM AUTO_INCREMENT=215 DEFAULT CHARSET=utf8 COMMENT='客户联系人';

-- 正在导出表  erp_07fly_com.cst_linkman 的数据：193 rows
DELETE FROM `cst_linkman`;
/*!40000 ALTER TABLE `cst_linkman` DISABLE KEYS */;
INSERT INTO `cst_linkman` (`linkman_id`, `customer_id`, `name`, `gender`, `postion`, `tel`, `mobile`, `qicq`, `email`, `zipcode`, `address`, `intro`, `create_user_id`, `create_time`, `xxxlxrzd`) VALUES
	(1, 1, '李经理', 0, '', '', '18030402705', '', '', '', '', '', 1, '2019-11-24 18:02:13', ''),
	(2, 2, '133', 0, '', '8249724', '18524402562', '', '212@22.com', '', '', '', 2, '2020-01-13 10:57:01', ''),
	(3, 3, '飞扬', 0, '', '0510', '13888888888', '', '221@22.com', '', '', '', 2, '2020-01-13 10:56:52', ''),
	(4, 4, '', 0, '', '', '', '', '222@22.com', '', '', '', 2, '2020-01-13 10:56:43', ''),
	(5, 4, 'dg ', 0, '', '', '', '', '', '', '22@22.com', '', 2, '2020-01-13 10:56:31', ''),
	(12, 7, '', 0, '', '', '', '', '', '', '', '', 2, '2020-02-02 14:00:53', ''),
	(7, 6, '', 0, '', '', '', '', '', '', '', '', 2, '2020-01-14 16:50:13', ''),
	(8, 0, '13888888888', 1, '13888888888', '13888888888', '13888888888', '13888888888', '13888888888', '', '13888888888', '', 2, '2020-01-16 13:36:51', ''),
	(9, 6, '13888888888', 1, '13888888888', '13888888888', '13888888888', '13888888888', '13888888888', '', '13888888888', '', 2, '2020-01-16 13:37:02', ''),
	(10, 6, '13888888888', 1, '13888888888', '13888888888', '13888888888', '13888888888', '13888888888', '', '13888888888', '', 2, '2020-01-16 13:37:03', ''),
	(13, 8, '客户代表1', 0, '', '', '', '', '', '', '', '', 2, '2020-02-07 15:25:27', ''),
	(14, 9, '', 0, '', '', '', '', '', '', '', '', 2, '2020-02-09 15:52:19', ''),
	(15, 9, '张三', 1, '采购经理', '', '', '', '', '', '', '', 2, '2020-02-09 15:52:53', ''),
	(28, 283, '444', 0, '', '', '', '', '', '', '', '', 2, '2020-03-09 21:30:01', ''),
	(17, 11, 'abc', 0, '', '', '', '', '', '', '', '', 2, '2020-02-10 18:26:58', ''),
	(18, 12, '', 0, '', '', '', '', '', '', '', '', 2, '2020-02-23 10:42:41', ''),
	(19, 276, '', 0, '', '', '', '', '', '', '', '', 4, '2020-02-26 17:39:33', ''),
	(20, 277, '', 0, '', '', '', '', '', '', '', '', 5, '2020-02-26 17:41:02', ''),
	(29, 284, '隔壁', 0, '', '', '', '', '', '', '', '', 2, '2020-03-18 13:43:38', ''),
	(22, 278, 'dfsgsdf', 0, '', '', '', '', '', '', '', '', 2, '2020-03-04 13:06:09', ''),
	(23, 239, '林生', 1, '', '', '15866632145', '', '', '', '', '', 2, '2020-03-05 09:35:06', ''),
	(24, 279, '客户代表', 0, '', '', '', '', '', '', '', '', 2, '2020-03-06 15:49:34', ''),
	(25, 280, '', 0, '', '', '', '', '', '', '', '', 2, '2020-03-09 19:06:28', ''),
	(26, 281, '', 0, '', '', '', '', '', '', '', '', 2, '2020-03-09 19:06:28', ''),
	(27, 282, '', 0, '', '', '', '', '', '', '', '', 2, '2020-03-09 19:06:29', ''),
	(30, 285, '', 0, '', '', '', '', '', '', '', '', 1, '2020-03-22 17:48:56', ''),
	(31, 286, '柳柳', 1, '', '', '', '', '', '', '', '', 2, '2020-03-25 13:34:55', ''),
	(32, 287, '', 0, '', '', '', '', '', '', '', '', 2, '2020-03-25 17:50:52', ''),
	(33, 288, '', 0, '', '', '', '', '', '', '', '', 2, '2020-03-25 17:51:05', ''),
	(34, 289, '测试', 0, '', '', '', '', '', '', '', '', 2, '2020-03-28 09:47:18', ''),
	(35, 290, 'ss', 0, '', '', '', '', '', '', '', '', 2, '2020-03-28 20:51:45', ''),
	(36, 291, '', 0, '', '', '', '', '', '', '', '', 2, '2020-03-30 13:31:02', ''),
	(37, 291, '刘先生', 1, '销售经理', '', '13012345678', '', '', '', '', '', 2, '2020-03-30 13:31:58', ''),
	(38, 292, '', 0, '', '', '', '', '', '', '', '', 2, '2020-03-30 15:58:53', ''),
	(39, 293, '道道新', 0, '', '', '', '', '', '', '', '', 2, '2020-03-31 14:13:05', ''),
	(40, 294, '道道新', 0, '', '', '', '', '', '', '', '', 2, '2020-03-31 14:13:27', ''),
	(41, 295, '', 0, '', '', '', '', '', '', '', '', 2, '2020-04-01 09:13:46', ''),
	(42, 295, '张三', 1, '', '', '', '', '', '', '', '', 2, '2020-04-01 09:15:30', ''),
	(43, 295, '张三', 1, '', '', '', '', '', '', '', '', 2, '2020-04-01 09:15:50', ''),
	(44, 295, '', 1, '', '', '', '', '', '', '', '', 2, '2020-04-01 09:16:08', ''),
	(45, 296, '', 0, '', '', '', '', '', '', '', '', 2, '2020-04-01 13:07:16', ''),
	(46, 297, '是是是', 0, '', '', '', '', '', '', '', '', 2, '2020-04-03 19:59:05', ''),
	(47, 298, '', 0, '', '', '', '', '', '', '', '', 2, '2020-04-03 19:59:18', ''),
	(48, 299, '', 0, '', '', '', '', '', '', '', '', 2, '2020-04-04 18:37:56', ''),
	(49, 300, 'ddd', 0, '', '', '', '', '', '', '', '', 2, '2020-04-04 18:38:37', ''),
	(50, 301, '', 0, '', '', '', '', '', '', '', '', 2, '2020-04-07 08:49:11', ''),
	(51, 302, '', 0, '', '', '', '', '', '', '', '', 2, '2020-04-07 09:19:02', ''),
	(52, 303, '刘某人', 0, '', '', '', '', '', '', '', '', 2, '2020-04-08 17:36:55', ''),
	(53, 304, '', 0, '', '', '', '', '', '', '', '', 2, '2020-04-08 23:25:41', ''),
	(54, 305, '180', 0, '', '', '', '', '', '', '', '', 2, '2020-04-08 23:26:13', ''),
	(55, 306, '张三', 0, '', '', '', '', '', '', '', '', 2, '2020-05-21 11:26:19', ''),
	(56, 307, '', 0, '', '', '', '', '', '', '', '', 2, '2020-05-21 11:27:01', ''),
	(57, 307, '', 1, '', '', '', 'fds dsf', '', '', '', '', 2, '2020-05-23 09:28:48', ''),
	(58, 1, '客户联系人1', 1, '', '', '18580808080', '', '', '', '', '', 2, '2020-05-24 08:33:18', ''),
	(59, 308, '', 0, '', '', '', '', '', '', '', '', 2, '2020-05-25 00:28:51', ''),
	(60, 309, '地方撒', 0, '', '', '', '', '', '', '', '', 2, '2020-05-26 11:58:01', ''),
	(61, 310, '', 0, '', '', '', '', '', '', '', '', 2, '2020-05-26 12:01:01', ''),
	(62, 310, '1', 1, '1', '1', '1', '', '', '', '', '', 2, '2020-05-26 16:40:05', ''),
	(63, 310, '1', 1, '1', '1', '1', '', '', '', '', '', 2, '2020-05-26 16:40:05', ''),
	(64, 311, '1', 0, '', '', '', '', '', '', '', '', 2, '2020-05-26 16:57:34', ''),
	(65, 311, '1', 1, '', '', '1', '', '', '', '', '', 2, '2020-05-27 13:15:40', ''),
	(66, 311, '55555', 1, '', '', '', '', '', '', '', '', 2, '2020-05-27 13:15:50', ''),
	(67, 311, '55555', 1, '', '', '', '', '', '', '', '', 2, '2020-05-27 13:15:50', ''),
	(68, 312, '', 0, '', '', '', '', '', '', '', '', 2, '2020-05-27 14:19:19', ''),
	(69, 313, '周期', 0, '', '', '', '', '', '', '', '', 2, '2020-05-27 14:22:10', ''),
	(70, 1, 'a', 1, '', '', '', '', '', '', '', '', 2, '2020-05-28 09:06:06', ''),
	(71, 313, 'asd', 1, '', '', '', '', '', '', '', '', 2, '2020-05-28 09:06:33', ''),
	(72, 314, '', 0, '', '', '', '', '', '', '', '', 2, '2020-05-28 09:11:46', ''),
	(73, 315, '', 0, '', '', '', '', '', '', '', '', 2, '2020-05-28 09:11:57', ''),
	(74, 316, '', 0, '', '', '', '', '', '', '', '', 2, '2020-05-28 14:35:38', ''),
	(75, 207, '这是', 1, '电风扇', '32321312', '2312312312', '4324322343', '', '', '', '', 2, '2020-05-28 16:08:12', '斗地主'),
	(76, 317, '', 0, '', '', '', '', '', '', '', '', 2, '2020-05-30 17:29:21', ''),
	(77, 318, '', 0, '', '', '', '', '', '', '', '', 2, '2020-05-30 17:29:49', ''),
	(78, 319, '', 0, '', '', '', '', '', '', '', '', 2, '2020-05-31 21:23:42', ''),
	(79, 308, '肖平', 0, '', '', '15086853611', '', '', '', '', '', 2, '2020-06-03 18:00:12', ''),
	(86, 1, '肖平', 0, '', '', '15086853611', '', '', '', '秀湖鹭岛85栋一单元301', '', 2, '2020-06-03 18:17:38', ''),
	(87, 324, '肖平', 0, '', '', '15086853611', '', '', '', '秀湖鹭岛85栋一单元301', '', 2, '2020-06-03 18:19:53', ''),
	(85, 323, '叶思岐', 0, '', '', '17783840870', '', '', '', '渝北区仙桃街道中航翡翠城一期二组团2-9-3', '', 2, '2020-06-03 18:11:32', ''),
	(90, 326, '屈姝', 0, '', '', '18623220706', '', '', '', '璧山区碧桂园翡翠城87栋29-8', '', 2, '2020-06-03 18:29:31', ''),
	(89, 325, '秦程', 1, '', '', '13640511277', '', '', '', '北碚区龙凤大道万科金城华府A15栋1单元502', '', 2, '2020-06-03 18:23:08', ''),
	(91, 327, '黄建刚', 1, '', '', '15223689332', '', '', '', '璧山区碧桂园翡翠城87栋28-8', '', 2, '2020-06-03 18:28:48', ''),
	(96, 332, '程萍', 0, '', '', '15213196066', '', '', '', '璧山康乐苑1栋2单元9-4', '', 2, '2020-06-04 10:44:52', ''),
	(93, 329, '李婧', 0, '', '', '15340578887', '', '', '', '渝北区民安大道北回归线3栋16-7', '', 2, '2020-06-04 10:24:08', ''),
	(94, 330, '宋佳', 0, '', '', '15823975745', '', '', '', '九龙坡区聚金万家苑3栋12-7', '', 2, '2020-06-04 10:25:31', ''),
	(95, 331, '肖群', 0, '', '', '17815019187', '', '', '', '九龙坡区聚金万家苑3栋12-1', '', 2, '2020-06-04 10:39:51', ''),
	(97, 333, '', 0, '', '', '', '', '', '', '', '', 2, '2020-06-06 14:15:11', ''),
	(98, 334, '张三', 0, '', '', '18030402705', '', '', '', '', '', 1, '2020-06-06 18:58:58', ''),
	(101, 337, '', 0, '', '风格和', '房管局', '', '', '', '', '', 2, '2020-06-08 14:50:47', ''),
	(102, 338, '', 0, '', '', '', '', '', '', '', '', 2, '2020-06-08 14:51:06', ''),
	(105, 340, '', 0, '', '', '', '', '', '', '', '', 2, '2021-11-09 18:11:07', ''),
	(106, 341, '', 0, '', '', '', '', '', '', '', '', 2, '2021-11-09 18:11:08', ''),
	(107, 342, '', 0, '', '', '18377287205', '', '', '', '', '', 2, '2021-11-12 15:33:25', ''),
	(110, 344, '', 0, '', '', '', '', '', '', '', '', 2, '2021-11-19 13:25:12', ''),
	(111, 345, '张三', 1, '经理', '13888888888', '123456789369', '7777', '456@126.com', '', '', '', 2, '2021-11-26 15:09:30', ''),
	(112, 346, '', 0, '', '', '', '', '', '', '', '', 2, '2021-11-26 22:52:00', ''),
	(113, 347, '', 0, '', '', '', '', '', '', '', '', 2, '2021-11-28 20:44:33', ''),
	(114, 348, '', 0, '', '', '', '', '', '', '', '', 2, '2021-11-29 16:58:05', ''),
	(115, 349, '', 0, '', '', '', '', '', '', '', '', 2, '2021-11-30 14:36:47', ''),
	(116, 350, '', 0, '', '', '', '', '', '', '', '', 2, '2021-11-30 14:37:01', ''),
	(117, 351, '', 0, '', '', '', '', '', '', '', '', 2, '2021-12-02 12:19:44', ''),
	(118, 352, '', 0, '', '', '', '', '', '', '', '', 2, '2021-12-03 12:20:10', ''),
	(119, 353, '', 0, '', '', '', '', '', '', '', '', 2, '2021-12-03 12:26:26', ''),
	(120, 354, '', 0, '', '', '', '', '', '', '', '', 2, '2021-12-03 12:26:28', ''),
	(121, 355, '', 0, '', '', '', '', '', '', '', '', 2, '2021-12-03 12:28:48', ''),
	(122, 356, '', 0, '', '', '', '', '', '', '', '', 2, '2021-12-03 12:29:20', ''),
	(123, 357, '', 0, '', '', '', '', '', '', '', '', 2, '2021-12-03 12:29:30', ''),
	(124, 358, '', 0, '', '', '', '', '', '', '', '', 2, '2021-12-03 12:30:26', ''),
	(125, 359, '', 0, '', '', '', '', '', '', '', '', 2, '2021-12-03 14:18:52', ''),
	(126, 360, '', 0, '', '', '', '', '', '', '', '', 2, '2021-12-03 14:19:07', ''),
	(127, 361, '', 0, '', '', '', '', '', '', '', '', 2, '2021-12-03 14:27:22', ''),
	(128, 362, '', 0, '', '', '', '', '', '', '', '', 2, '2021-12-03 14:29:51', ''),
	(129, 363, '', 0, '', '', '', '', '', '', '', '', 2, '2021-12-03 14:35:30', ''),
	(130, 364, '', 0, '', '', '', '', '', '', '', '', 2, '2021-12-03 14:41:24', ''),
	(131, 365, '', 0, '', '', '', '', '', '', '', '', 2, '2021-12-03 14:41:24', ''),
	(132, 366, '', 0, '', '', '', '', '', '', '', '', 2, '2021-12-03 14:41:24', ''),
	(133, 368, '', 0, '', '', '', '', '', '', '', '', 2, '2021-12-03 14:42:47', ''),
	(134, 367, '', 0, '', '', '', '', '', '', '', '', 2, '2021-12-03 14:42:47', ''),
	(135, 369, '', 0, '', '', '', '', '', '', '', '', 2, '2021-12-03 14:42:47', ''),
	(136, 370, '', 0, '', '', '', '', '', '', '', '', 2, '2021-12-03 14:49:16', ''),
	(137, 371, '', 0, '', '', '', '', '', '', '', '', 2, '2021-12-03 14:49:16', ''),
	(138, 372, '', 0, '', '', '', '', '', '', '', '', 2, '2021-12-03 14:49:17', ''),
	(139, 373, '', 0, '', '', '', '', '', '', '', '', 2, '2021-12-03 14:49:17', ''),
	(140, 374, '', 0, '', '', '', '', '', '', '', '', 2, '2021-12-03 14:49:18', ''),
	(141, 375, '', 0, '', '', '', '', '', '', '', '', 2, '2021-12-03 14:49:19', ''),
	(142, 376, '', 0, '', '', '', '', '', '', '', '', 2, '2021-12-03 14:49:19', ''),
	(143, 377, '', 0, '', '', '', '', '', '', '', '', 2, '2021-12-03 14:49:20', ''),
	(144, 378, '', 0, '', '', '', '', '', '', '', '', 2, '2021-12-03 14:49:20', ''),
	(145, 379, '', 0, '', '', '', '', '', '', '', '', 2, '2021-12-03 14:49:21', ''),
	(146, 380, '', 0, '', '', '', '', '', '', '', '', 2, '2021-12-03 14:51:57', ''),
	(147, 381, '', 0, '', '', '', '', '', '', '', '', 2, '2021-12-03 14:51:58', ''),
	(148, 382, '', 0, '', '', '', '', '', '', '', '', 2, '2021-12-03 14:51:58', ''),
	(149, 383, '', 0, '', '', '', '', '', '', '', '', 2, '2021-12-03 14:51:59', ''),
	(150, 384, '', 0, '', '', '', '', '', '', '', '', 2, '2021-12-03 14:51:59', ''),
	(151, 385, '', 0, '', '', '', '', '', '', '', '', 2, '2021-12-03 14:51:59', ''),
	(152, 386, '', 0, '', '', '', '', '', '', '', '', 2, '2021-12-03 14:52:00', ''),
	(153, 387, '', 0, '', '', '', '', '', '', '', '', 2, '2021-12-03 14:52:04', ''),
	(154, 388, '', 0, '', '', '', '', '', '', '', '', 2, '2021-12-03 14:52:15', ''),
	(155, 389, '', 0, '', '', '', '', '', '', '', '', 2, '2021-12-03 14:52:16', ''),
	(156, 390, '', 0, '', '', '', '', '', '', '', '', 2, '2021-12-03 15:33:05', ''),
	(157, 391, '', 0, '', '', '', '', '', '', '', '', 2, '2021-12-03 15:33:06', ''),
	(158, 392, '', 0, '', '', '', '', '', '', '', '', 2, '2021-12-03 15:33:08', ''),
	(159, 393, '', 0, '', '', '', '', '', '', '', '', 2, '2021-12-03 15:33:09', ''),
	(161, 395, '', 0, '', '', '', '', '', '', '', '', 2, '2021-12-03 15:33:10', ''),
	(162, 396, '', 0, '', '', '', '', '', '', '', '', 2, '2021-12-03 15:33:10', ''),
	(163, 397, '', 0, '', '', '', '', '', '', '', '', 2, '2021-12-03 15:33:10', ''),
	(164, 398, '', 0, '', '', '', '', '', '', '', '', 2, '2021-12-03 15:33:10', ''),
	(165, 399, '', 0, '', '', '', '', '', '', '', '', 2, '2021-12-03 15:33:13', ''),
	(166, 400, '', 0, '', '', '', '', '', '', '', '', 2, '2021-12-03 15:35:32', ''),
	(167, 401, '', 0, '', '', '', '', '', '', '', '', 2, '2021-12-03 15:35:34', ''),
	(168, 402, '', 0, '', '', '', '', '', '', '', '', 2, '2021-12-03 15:35:34', ''),
	(169, 403, '', 0, '', '', '', '', '', '', '', '', 2, '2021-12-03 15:35:35', ''),
	(170, 404, '', 0, '', '', '', '', '', '', '', '', 2, '2021-12-03 15:35:37', ''),
	(171, 405, '', 0, '', '', '', '', '', '', '', '', 2, '2021-12-03 15:39:27', ''),
	(172, 406, '', 0, '', '', '', '', '', '', '', '', 2, '2021-12-03 15:39:28', ''),
	(173, 407, '', 0, '', '', '', '', '', '', '', '', 2, '2021-12-03 15:39:28', ''),
	(174, 408, '', 0, '', '', '', '', '', '', '', '', 2, '2021-12-03 15:39:29', ''),
	(175, 409, '', 0, '', '', '', '', '', '', '', '', 2, '2021-12-03 15:39:30', ''),
	(176, 410, '', 0, '', '', '', '', '', '', '', '', 2, '2021-12-03 15:40:46', ''),
	(177, 411, '', 0, '', '', '', '', '', '', '', '', 2, '2021-12-03 15:40:46', ''),
	(178, 412, '', 0, '', '', '', '', '', '', '', '', 2, '2021-12-03 15:40:47', ''),
	(179, 413, '', 0, '', '', '', '', '', '', '', '', 2, '2021-12-03 15:40:48', ''),
	(180, 414, '', 0, '', '', '', '', '', '', '', '', 2, '2021-12-03 15:40:49', ''),
	(181, 415, '', 0, '', '', '', '', '', '', '', '', 2, '2021-12-03 15:41:12', ''),
	(182, 416, '', 0, '', '', '', '', '', '', '', '', 2, '2021-12-03 15:41:12', ''),
	(183, 417, '', 0, '', '', '', '', '', '', '', '', 2, '2021-12-03 15:41:22', ''),
	(184, 418, '', 0, '', '', '', '', '', '', '', '', 2, '2021-12-03 15:43:36', ''),
	(185, 419, '', 0, '', '', '', '', '', '', '', '', 2, '2021-12-03 15:43:36', ''),
	(186, 420, '', 0, '', '', '', '', '', '', '', '', 2, '2021-12-03 15:43:37', ''),
	(187, 421, '', 0, '', '', '', '', '', '', '', '', 2, '2021-12-03 15:43:37', ''),
	(188, 422, '', 0, '', '', '', '', '', '', '', '', 2, '2021-12-03 15:43:37', ''),
	(189, 423, '', 0, '', '', '', '', '', '', '', '', 2, '2021-12-03 15:43:38', ''),
	(190, 424, '', 0, '', '', '', '', '', '', '', '', 2, '2021-12-03 15:43:39', ''),
	(191, 425, '', 0, '', '', '', '', '', '', '', '', 2, '2021-12-03 15:43:39', ''),
	(192, 426, '', 0, '', '', '', '', '', '', '', '', 2, '2021-12-03 15:43:40', ''),
	(193, 427, '', 0, '', '', '', '', '', '', '', '', 2, '2021-12-03 15:43:41', ''),
	(194, 428, '', 0, '', '', '', '', '', '', '', '', 2, '2021-12-04 10:00:39', ''),
	(195, 429, '', 0, '', '', '', '', '', '', '', '', 2, '2021-12-04 15:00:01', ''),
	(196, 430, '', 0, '', '', '', '', '', '', '', '', 2, '2021-12-04 15:58:05', ''),
	(197, 431, '', 0, '', '', '', '', '', '', '', '', 2, '2021-12-05 00:50:43', ''),
	(198, 432, '', 0, '', '', '', '', '', '', '', '', 2, '2021-12-05 00:50:45', ''),
	(200, 434, '', 0, '', '', '', '', '', '', '', '', 2, '2021-12-05 14:36:59', ''),
	(201, 435, '11111', 0, '', '', '', '', '', '', '', '', 2, '2021-12-08 17:14:02', ''),
	(203, 329, '', 1, '', '', '', '', '', '', '', '', 2, '2021-12-07 17:27:26', ''),
	(204, 436, '又又', 0, '', '', '13434564565', '', '', '', '', '', 2, '2021-12-08 14:46:22', ''),
	(205, 437, '', 0, '', '', '', '', '', '', '', '', 2, '2021-12-12 16:53:30', ''),
	(207, 439, '', 0, '', '', '', '', '', '', '', '', 2, '2021-12-21 16:08:43', ''),
	(208, 440, '', 0, '', '', '', '', '', '', '', '', 2, '2021-12-21 16:51:12', ''),
	(209, 441, '', 0, '', '', '', '', '', '', '', '', 2, '2021-12-21 16:51:37', ''),
	(210, 442, '', 0, '', '', '', '', '', '', '', '', 2, '2021-12-22 14:35:59', ''),
	(211, 440, '伟大的老板', 1, '老板', '', '136110110110', '', '', '', '', '', 2, '2021-12-25 00:02:57', ''),
	(212, 431, '等都让', 0, '12345', '13345', '123434566666', '', '', '', '', '', 2, '2021-12-28 12:58:05', ''),
	(213, 442, '是大法官', 1, '四大', '', '156456646', '', '', '', '', '', 2, '2022-01-12 12:05:12', ''),
	(214, 442, 'wyh', 1, '', '', '15285926349', '', '', '', '', '', 2, '2022-01-17 00:50:06', '');
/*!40000 ALTER TABLE `cst_linkman` ENABLE KEYS */;

-- 导出  表 erp_07fly_com.cst_quoted 结构
CREATE TABLE IF NOT EXISTS `cst_quoted` (
  `id` int(16) unsigned NOT NULL AUTO_INCREMENT,
  `cusID` int(16) NOT NULL,
  `linkmanID` int(16) NOT NULL,
  `chanceID` int(16) NOT NULL,
  `userID` int(16) NOT NULL,
  `quoted_userID` int(16) NOT NULL,
  `audit_userID` int(16) NOT NULL,
  `title` varchar(256) NOT NULL,
  `intro` text NOT NULL,
  `delivery_intro` text NOT NULL,
  `payment_intro` text NOT NULL,
  `audit_dt` datetime DEFAULT NULL,
  `transport_intro` text NOT NULL,
  `status` smallint(1) NOT NULL DEFAULT '1' COMMENT '1=未审核2=同意3=否决',
  `create_userID` int(16) NOT NULL,
  `adt` datetime NOT NULL,
  PRIMARY KEY (`id`)
) ENGINE=MyISAM DEFAULT CHARSET=utf8 COMMENT='报价表';

-- 正在导出表  erp_07fly_com.cst_quoted 的数据：0 rows
DELETE FROM `cst_quoted`;
/*!40000 ALTER TABLE `cst_quoted` DISABLE KEYS */;
/*!40000 ALTER TABLE `cst_quoted` ENABLE KEYS */;

-- 导出  表 erp_07fly_com.cst_quoted_detail 结构
CREATE TABLE IF NOT EXISTS `cst_quoted_detail` (
  `id` int(16) unsigned NOT NULL AUTO_INCREMENT,
  `quotedID` int(16) NOT NULL,
  `pro_number` varchar(64) NOT NULL,
  `name` varchar(64) NOT NULL,
  `model` varchar(64) NOT NULL,
  `norm` varchar(64) NOT NULL,
  `price` int(16) NOT NULL,
  `rebate` int(16) NOT NULL,
  `number` int(16) NOT NULL,
  `money` int(16) NOT NULL,
  `intro` text NOT NULL,
  `userID` int(16) NOT NULL COMMENT '归属人员',
  `adt` datetime NOT NULL,
  PRIMARY KEY (`id`)
) ENGINE=MyISAM DEFAULT CHARSET=utf8 COMMENT='报价明细';

-- 正在导出表  erp_07fly_com.cst_quoted_detail 的数据：0 rows
DELETE FROM `cst_quoted_detail`;
/*!40000 ALTER TABLE `cst_quoted_detail` DISABLE KEYS */;
/*!40000 ALTER TABLE `cst_quoted_detail` ENABLE KEYS */;

-- 导出  表 erp_07fly_com.cst_service 结构
CREATE TABLE IF NOT EXISTS `cst_service` (
  `service_id` int(16) unsigned NOT NULL AUTO_INCREMENT,
  `customer_id` int(16) NOT NULL,
  `linkman_id` int(16) NOT NULL,
  `services` int(4) NOT NULL,
  `servicesmodel` int(4) NOT NULL,
  `price` int(11) NOT NULL,
  `status` smallint(1) NOT NULL COMMENT '1=无需处理，2未处理，3=处理中，4处理完成',
  `service_time` datetime NOT NULL,
  `tlen` varchar(64) NOT NULL,
  `content` text NOT NULL,
  `intro` text NOT NULL,
  `create_user_id` int(16) NOT NULL DEFAULT '0',
  `create_time` datetime NOT NULL,
  PRIMARY KEY (`service_id`)
) ENGINE=MyISAM AUTO_INCREMENT=44 DEFAULT CHARSET=utf8 COMMENT='服务记录';

-- 正在导出表  erp_07fly_com.cst_service 的数据：20 rows
DELETE FROM `cst_service`;
/*!40000 ALTER TABLE `cst_service` DISABLE KEYS */;
INSERT INTO `cst_service` (`service_id`, `customer_id`, `linkman_id`, `services`, `servicesmodel`, `price`, `status`, `service_time`, `tlen`, `content`, `intro`, `create_user_id`, `create_time`) VALUES
	(26, 215, 0, 45, 49, 0, 0, '2020-02-05 00:00:00', '1', 'dsfsdfasdfasd', '', 2, '2020-04-09 10:32:15'),
	(25, 296, 0, 45, 50, 0, 0, '2021-03-03 00:00:00', '3000', '', '', 2, '2020-04-07 15:23:32'),
	(24, 293, 0, 45, 49, 0, 0, '2020-04-02 00:00:00', '60', '', '', 2, '2020-04-02 11:10:22'),
	(23, 289, 0, 54, 49, 0, 0, '0000-00-00 00:00:00', '', '', '', 2, '2020-04-02 09:57:54'),
	(22, 1, 0, 45, 49, 0, 0, '2024-06-12 00:00:00', '100', '10000', '', 1, '2020-03-31 14:32:27'),
	(28, 313, 0, 45, 49, 0, 0, '2020-05-27 00:00:00', '', '', '', 2, '2020-05-27 14:29:26'),
	(29, 0, 0, 54, 55, 0, 0, '2020-06-03 00:00:00', '360', '更换滤瓶，加装减压阀', '', 2, '2020-06-03 18:04:18'),
	(30, 323, 0, 54, 55, 0, 0, '2020-06-03 00:00:00', '360', '更换滤瓶，加装减压表', '', 2, '2020-06-03 18:06:19'),
	(32, 332, 0, 54, 55, 0, 0, '2021-11-11 00:00:00', '', '', '', 2, '2021-11-11 13:12:28'),
	(33, 435, 0, 46, 49, 0, 0, '2020-02-04 00:00:00', '30', '', '', 2, '2021-12-08 15:04:03'),
	(34, 435, 0, 46, 49, 0, 0, '2020-02-04 00:00:00', '30', '', '', 2, '2021-12-08 15:04:05'),
	(35, 334, 0, 45, 49, 0, 0, '2021-03-03 00:00:00', '', '', '', 2, '2022-01-03 19:39:06'),
	(36, 441, 0, 54, 58, 0, 0, '2022-01-05 00:00:00', '', '向日葵处理', '', 2, '2022-01-05 18:19:48'),
	(37, 330, 0, 0, 0, 0, 0, '0000-00-00 00:00:00', '', '', '', 2, '2022-01-07 13:15:45'),
	(38, 399, 0, 45, 49, 0, 0, '0000-00-00 00:00:00', '', '', '', 2, '2022-01-09 20:52:00'),
	(39, 329, 0, 47, 50, 0, 0, '2020-03-04 00:00:00', '90', '呼呼', '', 2, '2022-01-09 21:07:58'),
	(40, 1, 0, 45, 55, 0, 0, '2020-02-04 00:00:00', '50', '', '', 2, '2022-01-11 10:17:57'),
	(41, 1, 0, 45, 49, 0, 0, '2022-01-13 00:00:00', '11', '222', '', 2, '2022-01-13 15:54:33'),
	(42, 1, 0, 54, 49, 0, 0, '0000-00-00 00:00:00', '', '', '', 2, '2022-02-12 20:25:56'),
	(43, 1, 0, 0, 49, 0, 0, '0000-00-00 00:00:00', '', 'asedasd', '', 2, '2022-02-19 23:19:50');
/*!40000 ALTER TABLE `cst_service` ENABLE KEYS */;

-- 导出  表 erp_07fly_com.cst_talk 结构
CREATE TABLE IF NOT EXISTS `cst_talk` (
  `id` int(16) unsigned NOT NULL AUTO_INCREMENT,
  `cusID` int(16) NOT NULL,
  `name` varchar(1024) NOT NULL,
  `create_userID` int(16) NOT NULL DEFAULT '0',
  `adt` datetime NOT NULL,
  PRIMARY KEY (`id`)
) ENGINE=MyISAM DEFAULT CHARSET=utf8 COMMENT='打电话沟通记录';

-- 正在导出表  erp_07fly_com.cst_talk 的数据：0 rows
DELETE FROM `cst_talk`;
/*!40000 ALTER TABLE `cst_talk` DISABLE KEYS */;
/*!40000 ALTER TABLE `cst_talk` ENABLE KEYS */;

-- 导出  表 erp_07fly_com.cst_trace 结构
CREATE TABLE IF NOT EXISTS `cst_trace` (
  `trace_id` int(16) unsigned NOT NULL AUTO_INCREMENT,
  `customer_id` int(16) NOT NULL,
  `linkman_id` int(11) NOT NULL,
  `chance_id` int(11) NOT NULL,
  `conn_time` datetime NOT NULL,
  `salestage` int(4) NOT NULL COMMENT '沟通阶段',
  `salemode` int(4) NOT NULL COMMENT '销售方式',
  `name` varchar(256) NOT NULL COMMENT '主题名称',
  `intro` text NOT NULL,
  `status` smallint(1) NOT NULL DEFAULT '1',
  `next_time` datetime NOT NULL COMMENT '下次联系时间',
  `nexttitle` varchar(256) NOT NULL COMMENT '下次沟通主题',
  `create_user_id` int(16) NOT NULL,
  `create_time` datetime NOT NULL,
  PRIMARY KEY (`trace_id`)
) ENGINE=MyISAM AUTO_INCREMENT=66 DEFAULT CHARSET=utf8 COMMENT='跟踪记录';

-- 正在导出表  erp_07fly_com.cst_trace 的数据：49 rows
DELETE FROM `cst_trace`;
/*!40000 ALTER TABLE `cst_trace` DISABLE KEYS */;
INSERT INTO `cst_trace` (`trace_id`, `customer_id`, `linkman_id`, `chance_id`, `conn_time`, `salestage`, `salemode`, `name`, `intro`, `status`, `next_time`, `nexttitle`, `create_user_id`, `create_time`) VALUES
	(1, 1, 1, 0, '2019-11-24 18:02:34', 38, 37, '', '初次沟通看下客户', 1, '2019-11-26 18:00:26', '', 1, '2019-11-24 18:02:46'),
	(2, 2, 2, 2, '0000-00-00 00:00:00', 38, 37, '', '', 1, '0000-00-00 00:00:00', '', 2, '2020-01-09 16:18:31'),
	(3, 2, 2, 3, '0000-00-00 00:00:00', 38, 37, '', '', 1, '0000-00-00 00:00:00', '', 2, '2020-01-09 16:25:29'),
	(30, 291, 37, 9, '2020-03-31 12:45:15', 38, 37, '', '零起飞网络工作室\r\n    零起飞网络为中小企业打造各种类型精品网站,主要包括：成品网站、企业产品展示型网站建设、企业品牌型网站建设、电子商务型网站建设、外贸网站建设(多语言)、购物商城网站建设、特殊定制开发型网站建设、营销型网站建设等。 同时也提供稳定、快速、安全的虚拟主机服务和国际顶级域名注册服务。\r\n    “效率优先，品质保证，用心服务”是我们的核心价值观，我们将继续以良好的信誉为基础，秉承稳固与发展、求实与创新的精神，为客户提供更全面、更优质的互联网', 1, '2020-03-31 12:45:15', '', 2, '2020-03-31 12:09:15'),
	(5, 3, 3, 0, '0000-00-00 00:00:00', 38, 37, '', '准备下单了', 1, '0000-00-00 00:00:00', '', 2, '2020-01-09 21:18:47'),
	(6, 8, 13, 0, '0000-00-00 00:00:00', 38, 37, '', '1232323', 1, '0000-00-00 00:00:00', '', 2, '2020-02-09 18:26:51'),
	(7, 8, 13, 0, '0000-00-00 00:00:00', 40, 37, '', '46465', 1, '0000-00-00 00:00:00', '', 2, '2020-02-09 20:44:19'),
	(8, 8, 13, 0, '0000-00-00 00:00:00', 38, 37, '', '  顶顶顶顶', 1, '0000-00-00 00:00:00', '', 2, '2020-02-20 17:21:27'),
	(10, 265, 0, 0, '0000-00-00 00:00:00', 38, 37, '', '', 1, '0000-00-00 00:00:00', '', 2, '2020-03-02 10:13:09'),
	(29, 290, 35, 0, '2020-03-30 14:50:10', 38, 37, '', '地方', 1, '0000-00-00 00:00:00', '', 2, '2020-03-30 14:16:50'),
	(14, 1, 1, 1, '2020-03-05 06:30:56', 38, 37, '', 'sdfsa', 1, '2020-03-04 17:50:56', '', 2, '2020-03-06 16:25:23'),
	(27, 1, 1, 7, '0000-00-00 00:00:00', 38, 37, '', '', 1, '0000-00-00 00:00:00', '', 2, '2020-03-28 21:09:54'),
	(28, 291, 37, 0, '2020-03-30 14:05:55', 38, 37, '', '需要购买硬件', 1, '2020-03-31 14:05:55', '', 2, '2020-03-30 13:32:44'),
	(16, 1, 1, 1, '0000-00-00 00:00:00', 38, 37, '', '', 1, '0000-00-00 00:00:00', '', 2, '2020-03-07 21:21:45'),
	(26, 1, 1, 7, '2020-03-28 21:34:53', 44, 53, '', '', 1, '0000-00-00 00:00:00', '', 2, '2020-03-28 20:58:19'),
	(25, 264, 0, 0, '2020-03-28 11:20:07', 38, 37, '', 'fadfadfadfad', 1, '2020-03-28 11:25:07', '', 2, '2020-03-28 10:46:51'),
	(20, 284, 29, 0, '2020-03-18 14:35:41', 38, 37, '', '1111111111', 1, '0000-00-00 00:00:00', '', 2, '2020-03-18 13:59:27'),
	(22, 288, 33, 0, '0000-00-00 00:00:00', 38, 37, '', '1222222', 1, '0000-00-00 00:00:00', '', 2, '2020-03-26 17:40:43'),
	(24, 283, 28, 0, '2020-03-28 11:25:53', 38, 37, '', 'fadfad', 1, '2020-03-28 11:25:53', '', 2, '2020-03-28 10:45:53'),
	(31, 3, 3, 0, '2020-03-31 16:00:11', 40, 37, '', '大话', 1, '2020-03-31 17:20:58', '', 2, '2020-03-31 14:44:48'),
	(32, 296, 45, 0, '2020-04-02 02:10:52', 38, 37, '', '对对对', 1, '2020-04-02 14:10:52', '', 2, '2020-04-02 20:03:20'),
	(33, 1, 1, 7, '2020-05-18 14:30:57', 38, 37, '', '', 1, '2020-05-18 14:33:18', '', 1, '2020-05-18 13:52:42'),
	(34, 306, 55, 0, '0000-00-00 00:00:00', 40, 37, '', '', 1, '0000-00-00 00:00:00', '', 2, '2020-05-21 11:27:59'),
	(39, 337, 101, 0, '0000-00-00 00:00:00', 39, 37, '', '你好呀', 1, '0000-00-00 00:00:00', '', 1, '2020-06-08 16:06:19'),
	(40, 337, 101, 0, '2020-06-08 01:05:51', 39, 56, '', '好', 1, '0000-00-00 00:00:00', '', 1, '2020-06-08 16:07:09'),
	(41, 342, 107, 0, '2021-11-12 15:34:01', 38, 37, '', '水电', 1, '0000-00-00 00:00:00', '', 2, '2021-11-12 15:34:09'),
	(42, 342, 107, 0, '2021-11-12 15:34:58', 41, 53, '', '报价', 1, '0000-00-00 00:00:00', '', 2, '2021-11-12 15:35:04'),
	(43, 327, 91, 0, '0000-00-00 00:00:00', 38, 37, '', '', 1, '0000-00-00 00:00:00', '', 2, '2021-11-13 12:07:39'),
	(44, 343, 108, 0, '2021-11-13 12:09:16', 38, 37, '', 'gggggggg', 1, '2021-11-13 12:09:21', '', 2, '2021-11-13 12:09:21'),
	(45, 339, 0, 0, '0000-00-00 00:00:00', 40, 37, '', 'skdjkgfdlkldfggd', 1, '0000-00-00 00:00:00', '', 2, '2021-11-19 20:51:00'),
	(46, 344, 110, 0, '2021-11-19 18:45:19', 38, 37, '', '2452', 1, '2021-11-20 17:44:30', '', 2, '2021-11-20 17:44:32'),
	(47, 344, 110, 0, '0000-00-00 00:00:00', 38, 37, '', '钉钉', 1, '0000-00-00 00:00:00', '', 2, '2021-11-20 23:49:25'),
	(48, 332, 96, 0, '0000-00-00 00:00:00', 44, 37, '', '', 1, '0000-00-00 00:00:00', '', 2, '2021-11-24 14:57:46'),
	(49, 332, 96, 0, '0000-00-00 00:00:00', 44, 37, '', '', 1, '0000-00-00 00:00:00', '', 2, '2021-11-24 14:57:48'),
	(50, 344, 110, 0, '0000-00-00 00:00:00', 38, 37, '', '', 1, '2021-11-30 17:50:23', '', 2, '2021-11-25 16:52:56'),
	(51, 423, 189, 0, '0000-00-00 00:00:00', 38, 37, '', '', 1, '0000-00-00 00:00:00', '', 2, '2021-12-06 15:20:28'),
	(52, 434, 200, 0, '0000-00-00 00:00:00', 39, 37, '', '', 1, '0000-00-00 00:00:00', '', 2, '2021-12-06 21:38:12'),
	(53, 436, 0, 0, '2021-11-30 11:25:56', 38, 53, '', '奥术大师多', 1, '0000-00-00 00:00:00', '', 2, '2021-12-07 17:33:19'),
	(54, 435, 201, 0, '2021-12-08 17:50:46', 38, 37, '', '1213123123', 1, '2021-12-16 17:10:46', '', 2, '2021-12-08 17:14:41'),
	(55, 435, 201, 0, '0000-00-00 00:00:00', 38, 37, '', '123123', 1, '0000-00-00 00:00:00', '', 2, '2021-12-08 17:15:21'),
	(56, 437, 205, 0, '0000-00-00 00:00:00', 38, 37, '', '', 1, '0000-00-00 00:00:00', '', 2, '2021-12-15 16:46:36'),
	(57, 437, 205, 0, '0000-00-00 00:00:00', 38, 37, '', '', 1, '0000-00-00 00:00:00', '', 2, '2021-12-15 16:46:39'),
	(58, 1, 1, 7, '2021-12-22 10:46:03', 39, 37, '', '111', 1, '2021-12-22 10:50:15', '', 2, '2021-12-22 10:48:36'),
	(59, 442, 210, 0, '2022-01-10 12:05:27', 38, 37, '', '谈了一下，有点想法', 1, '0000-00-00 00:00:00', '', 2, '2022-01-10 12:15:42'),
	(60, 1, 1, 7, '2022-01-11 22:50:09', 39, 37, '', '多吃点', 1, '2022-01-19 14:30:09', '', 2, '2022-01-11 14:35:53'),
	(61, 440, 211, 0, '2022-01-12 01:25:19', 39, 56, '', '1111', 1, '0000-00-00 00:00:00', '', 2, '2022-01-12 00:27:21'),
	(63, 442, 210, 0, '0000-00-00 00:00:00', 41, 37, '', '黄河 ', 1, '2021-12-31 14:35:01', '', 2, '2022-01-14 18:38:29'),
	(64, 1, 1, 20, '2022-02-15 06:30:17', 42, 37, '', '1232131', 1, '0000-00-00 00:00:00', '', 2, '2022-02-15 17:11:36'),
	(65, 1, 1, 7, '0000-00-00 00:00:00', 38, 37, '', '', 1, '0000-00-00 00:00:00', '', 2, '2022-03-20 13:41:33');
/*!40000 ALTER TABLE `cst_trace` ENABLE KEYS */;

-- 导出  表 erp_07fly_com.cst_website 结构
CREATE TABLE IF NOT EXISTS `cst_website` (
  `website_id` int(16) unsigned NOT NULL AUTO_INCREMENT,
  `customer_id` int(16) NOT NULL,
  `name` varchar(256) NOT NULL,
  `url` varchar(1024) NOT NULL COMMENT '网址',
  `start_date` date NOT NULL,
  `end_date` date NOT NULL,
  `ftp` varchar(256) NOT NULL,
  `ftp_ip` varchar(256) NOT NULL COMMENT 'FTP ip',
  `ftp_account` varchar(256) NOT NULL COMMENT 'FTP 帐号',
  `ftp_pwd` varchar(256) NOT NULL COMMENT 'FTP 密码',
  `icp` varchar(256) NOT NULL,
  `icp_account` varchar(256) NOT NULL,
  `icp_pwd` varchar(256) NOT NULL,
  `icp_num` varchar(256) NOT NULL,
  `address` varchar(1024) NOT NULL,
  `intro` text NOT NULL,
  `create_user_id` int(16) NOT NULL DEFAULT '0',
  `status` int(2) NOT NULL DEFAULT '1' COMMENT '网站状态1=新增，2=续费，3=流失',
  `create_time` datetime NOT NULL,
  PRIMARY KEY (`website_id`)
) ENGINE=MyISAM AUTO_INCREMENT=9 DEFAULT CHARSET=utf8 COMMENT='网站业务';

-- 正在导出表  erp_07fly_com.cst_website 的数据：7 rows
DELETE FROM `cst_website`;
/*!40000 ALTER TABLE `cst_website` DISABLE KEYS */;
INSERT INTO `cst_website` (`website_id`, `customer_id`, `name`, `url`, `start_date`, `end_date`, `ftp`, `ftp_ip`, `ftp_account`, `ftp_pwd`, `icp`, `icp_account`, `icp_pwd`, `icp_num`, `address`, `intro`, `create_user_id`, `status`, `create_time`) VALUES
	(1, 0, 'xcbxcvbxb', '', '0000-00-00', '0000-00-00', '', '', '', '', '', '', '', '', '', '', 2, 1, '2020-02-12 16:13:07'),
	(2, 1, 'erp.07fly.com', 'http://erp.07fly.com/index.php/sysmanage/Index/#', '0000-00-00', '0000-00-00', '', '', '', '', '', '', '', '', '', '', 2, 1, '2020-03-01 15:49:25'),
	(3, 0, '测试', 'http://erp.07fly.com', '2021-12-20', '2022-12-01', 'admin123456', '', '', '', 'admin123456', '', '', '', '', 'http://erp.07fly.com', 2, 1, '2021-12-20 20:35:00'),
	(4, 1, 'http://erp.07fly.com', 'http://erp.07fly.com', '2021-12-20', '2021-12-20', 'http://erp.07fly.com', '', '', '', 'http://erp.07fly.com', '', '', '', '', 'http://erp.07fly.com', 2, 1, '2021-12-20 20:35:54'),
	(5, 329, 'crmeb', 'https://www.crmeb.com', '0000-00-00', '0000-00-00', '', '', '', '', '', '', '', '', '', '', 2, 1, '2022-01-10 12:19:15'),
	(6, 337, '123123', '123', '2022-02-21', '2020-02-04', '', '', '', '', '', '', '', '', '', '', 2, 1, '2022-02-21 17:35:59'),
	(7, 337, '123123', '123', '2022-02-21', '2020-02-04', '', '', '', '', '', '', '', '', '', '', 2, 1, '2022-02-21 17:36:00'),
	(8, 1, '', '', '0000-00-00', '0000-00-00', '', '', '', '', '', '', '', '', '', '', 2, 1, '2022-03-26 16:56:17');
/*!40000 ALTER TABLE `cst_website` ENABLE KEYS */;

-- 导出  表 erp_07fly_com.email_from 结构
CREATE TABLE IF NOT EXISTS `email_from` (
  `id` int(16) unsigned NOT NULL AUTO_INCREMENT,
  `server` varchar(32) CHARACTER SET utf8 NOT NULL,
  `port` varchar(50) NOT NULL,
  `account` varchar(256) NOT NULL,
  `password` varchar(256) NOT NULL,
  `name` varchar(256) NOT NULL,
  `visible` tinyint(2) NOT NULL DEFAULT '1',
  `cnt` int(11) NOT NULL DEFAULT '1',
  `groupID` int(11) NOT NULL DEFAULT '1',
  `intro` varchar(1024) CHARACTER SET utf8 DEFAULT NULL,
  PRIMARY KEY (`id`)
) ENGINE=MyISAM DEFAULT CHARSET=armscii8 COMMENT='发送邮件列表';

-- 正在导出表  erp_07fly_com.email_from 的数据：0 rows
DELETE FROM `email_from`;
/*!40000 ALTER TABLE `email_from` DISABLE KEYS */;
/*!40000 ALTER TABLE `email_from` ENABLE KEYS */;

-- 导出  表 erp_07fly_com.email_from_group 结构
CREATE TABLE IF NOT EXISTS `email_from_group` (
  `id` int(16) NOT NULL AUTO_INCREMENT,
  `name` varchar(256) NOT NULL,
  PRIMARY KEY (`id`)
) ENGINE=MyISAM DEFAULT CHARSET=utf8 COMMENT='发送邮件分组';

-- 正在导出表  erp_07fly_com.email_from_group 的数据：0 rows
DELETE FROM `email_from_group`;
/*!40000 ALTER TABLE `email_from_group` DISABLE KEYS */;
/*!40000 ALTER TABLE `email_from_group` ENABLE KEYS */;

-- 导出  表 erp_07fly_com.email_mb 结构
CREATE TABLE IF NOT EXISTS `email_mb` (
  `id` int(16) NOT NULL AUTO_INCREMENT,
  `name` varchar(256) NOT NULL,
  `content` text,
  `cnt` int(11) DEFAULT '1',
  `editor` varchar(32) DEFAULT NULL,
  `adddatetime` datetime NOT NULL,
  PRIMARY KEY (`id`)
) ENGINE=MyISAM DEFAULT CHARSET=utf8 COMMENT='邮箱模板';

-- 正在导出表  erp_07fly_com.email_mb 的数据：0 rows
DELETE FROM `email_mb`;
/*!40000 ALTER TABLE `email_mb` DISABLE KEYS */;
/*!40000 ALTER TABLE `email_mb` ENABLE KEYS */;

-- 导出  表 erp_07fly_com.email_receiver 结构
CREATE TABLE IF NOT EXISTS `email_receiver` (
  `id` int(16) unsigned NOT NULL AUTO_INCREMENT,
  `account` varchar(256) NOT NULL,
  `name` varchar(256) NOT NULL,
  `visible` tinyint(2) NOT NULL DEFAULT '1',
  `cnt` int(11) NOT NULL DEFAULT '1',
  `groupID` int(11) NOT NULL DEFAULT '1',
  `intro` varchar(1024) CHARACTER SET utf8 DEFAULT NULL,
  PRIMARY KEY (`id`)
) ENGINE=MyISAM DEFAULT CHARSET=armscii8 COMMENT='邮件接收人';

-- 正在导出表  erp_07fly_com.email_receiver 的数据：0 rows
DELETE FROM `email_receiver`;
/*!40000 ALTER TABLE `email_receiver` DISABLE KEYS */;
/*!40000 ALTER TABLE `email_receiver` ENABLE KEYS */;

-- 导出  表 erp_07fly_com.email_receiver_group 结构
CREATE TABLE IF NOT EXISTS `email_receiver_group` (
  `id` int(16) NOT NULL AUTO_INCREMENT,
  `name` varchar(256) NOT NULL,
  PRIMARY KEY (`id`)
) ENGINE=MyISAM DEFAULT CHARSET=utf8 COMMENT='邮件接收人员分组';

-- 正在导出表  erp_07fly_com.email_receiver_group 的数据：0 rows
DELETE FROM `email_receiver_group`;
/*!40000 ALTER TABLE `email_receiver_group` DISABLE KEYS */;
/*!40000 ALTER TABLE `email_receiver_group` ENABLE KEYS */;

-- 导出  表 erp_07fly_com.email_scheme 结构
CREATE TABLE IF NOT EXISTS `email_scheme` (
  `id` int(16) NOT NULL AUTO_INCREMENT,
  `name` varchar(256) NOT NULL,
  `fromID` int(11) DEFAULT NULL,
  `receiverID` int(11) DEFAULT NULL,
  `contentID` varchar(50) DEFAULT NULL,
  `intro` varchar(1024) DEFAULT NULL,
  `adddatetime` datetime NOT NULL,
  `uptime` datetime NOT NULL,
  PRIMARY KEY (`id`)
) ENGINE=MyISAM DEFAULT CHARSET=utf8 COMMENT='群发方案';

-- 正在导出表  erp_07fly_com.email_scheme 的数据：0 rows
DELETE FROM `email_scheme`;
/*!40000 ALTER TABLE `email_scheme` DISABLE KEYS */;
/*!40000 ALTER TABLE `email_scheme` ENABLE KEYS */;

-- 导出  表 erp_07fly_com.email_scheme_log 结构
CREATE TABLE IF NOT EXISTS `email_scheme_log` (
  `id` int(16) NOT NULL AUTO_INCREMENT,
  `schemeID` varchar(256) NOT NULL,
  `sendfrom` varchar(256) DEFAULT NULL,
  `receiver` varchar(256) DEFAULT NULL,
  `subject` varchar(256) DEFAULT NULL,
  `status` varchar(50) DEFAULT NULL,
  `adddatetime` datetime NOT NULL,
  PRIMARY KEY (`id`)
) ENGINE=MyISAM DEFAULT CHARSET=utf8 COMMENT='邮件方案执行日志\r\n';

-- 正在导出表  erp_07fly_com.email_scheme_log 的数据：0 rows
DELETE FROM `email_scheme_log`;
/*!40000 ALTER TABLE `email_scheme_log` DISABLE KEYS */;
/*!40000 ALTER TABLE `email_scheme_log` ENABLE KEYS */;

-- 导出  表 erp_07fly_com.fin_bank_account 结构
CREATE TABLE IF NOT EXISTS `fin_bank_account` (
  `bank_id` int(16) unsigned NOT NULL AUTO_INCREMENT,
  `name` varchar(256) NOT NULL COMMENT '开户银行名称',
  `card` varchar(256) NOT NULL COMMENT '帐号号',
  `address` varchar(256) NOT NULL COMMENT '开户地址',
  `holders` varchar(256) NOT NULL COMMENT '开户人',
  `sort` smallint(2) NOT NULL,
  `visible` smallint(2) NOT NULL,
  PRIMARY KEY (`bank_id`)
) ENGINE=MyISAM DEFAULT CHARSET=utf8 COMMENT='银行帐户';

-- 正在导出表  erp_07fly_com.fin_bank_account 的数据：0 rows
DELETE FROM `fin_bank_account`;
/*!40000 ALTER TABLE `fin_bank_account` DISABLE KEYS */;
/*!40000 ALTER TABLE `fin_bank_account` ENABLE KEYS */;

-- 导出  表 erp_07fly_com.fin_capital_record 结构
CREATE TABLE IF NOT EXISTS `fin_capital_record` (
  `record_id` int(16) unsigned NOT NULL AUTO_INCREMENT,
  `type_id` int(16) NOT NULL DEFAULT '1' COMMENT '费用类别，1=注入，-1=抽取',
  `create_user_id` int(16) NOT NULL,
  `bank_id` int(16) NOT NULL,
  `money` int(16) NOT NULL,
  `intro` text NOT NULL,
  `create_time` datetime NOT NULL,
  `happen_date` date NOT NULL COMMENT '产生日期',
  PRIMARY KEY (`record_id`)
) ENGINE=MyISAM AUTO_INCREMENT=4 DEFAULT CHARSET=utf8 COMMENT='资金注入抽取';

-- 正在导出表  erp_07fly_com.fin_capital_record 的数据：1 rows
DELETE FROM `fin_capital_record`;
/*!40000 ALTER TABLE `fin_capital_record` DISABLE KEYS */;
INSERT INTO `fin_capital_record` (`record_id`, `type_id`, `create_user_id`, `bank_id`, `money`, `intro`, `create_time`, `happen_date`) VALUES
	(3, -1, 2, 1, 1111, '', '2020-03-27 14:55:41', '2020-03-27');
/*!40000 ALTER TABLE `fin_capital_record` ENABLE KEYS */;

-- 导出  表 erp_07fly_com.fin_expenses_record 结构
CREATE TABLE IF NOT EXISTS `fin_expenses_record` (
  `record_id` int(16) unsigned NOT NULL AUTO_INCREMENT,
  `type_id` int(16) NOT NULL COMMENT '费用类别',
  `create_user_id` int(16) NOT NULL,
  `bank_id` int(16) NOT NULL,
  `money` int(16) NOT NULL,
  `intro` text NOT NULL,
  `create_time` datetime NOT NULL,
  `happen_date` date NOT NULL COMMENT '产生日期',
  PRIMARY KEY (`record_id`)
) ENGINE=MyISAM AUTO_INCREMENT=8 DEFAULT CHARSET=utf8 COMMENT='其它支出记录';

-- 正在导出表  erp_07fly_com.fin_expenses_record 的数据：6 rows
DELETE FROM `fin_expenses_record`;
/*!40000 ALTER TABLE `fin_expenses_record` DISABLE KEYS */;
INSERT INTO `fin_expenses_record` (`record_id`, `type_id`, `create_user_id`, `bank_id`, `money`, `intro`, `create_time`, `happen_date`) VALUES
	(2, 2, 2, 1, 1222, '', '2020-03-28 15:49:55', '2020-01-28'),
	(3, 3, 2, 1, 1232, '', '2020-03-28 15:50:15', '2020-01-28'),
	(4, 1, 2, 1, 800, '', '2020-03-30 13:48:05', '2020-03-30'),
	(5, 3, 2, 0, 0, '', '2020-04-08 08:57:07', '2020-02-01'),
	(6, 2, 2, 0, 1122, '', '2021-11-26 19:33:17', '2021-11-26'),
	(7, 1, 2, 0, 100000, '', '2022-03-18 17:15:10', '2022-03-18');
/*!40000 ALTER TABLE `fin_expenses_record` ENABLE KEYS */;

-- 导出  表 erp_07fly_com.fin_expenses_type 结构
CREATE TABLE IF NOT EXISTS `fin_expenses_type` (
  `id` int(16) unsigned NOT NULL AUTO_INCREMENT,
  `name` varchar(32) CHARACTER SET utf8 NOT NULL,
  `parentID` int(11) NOT NULL,
  `sort` int(11) NOT NULL,
  `visible` tinyint(2) NOT NULL DEFAULT '1',
  `intro` varchar(1024) CHARACTER SET utf8 DEFAULT NULL,
  PRIMARY KEY (`id`)
) ENGINE=MyISAM AUTO_INCREMENT=4 DEFAULT CHARSET=armscii8 COMMENT='其它支出类型';

-- 正在导出表  erp_07fly_com.fin_expenses_type 的数据：3 rows
DELETE FROM `fin_expenses_type`;
/*!40000 ALTER TABLE `fin_expenses_type` DISABLE KEYS */;
INSERT INTO `fin_expenses_type` (`id`, `name`, `parentID`, `sort`, `visible`, `intro`) VALUES
	(1, '管理费用', 0, 0, 1, ''),
	(2, '营销费用', 0, 0, 1, ''),
	(3, '研发费用', 0, 0, 1, '');
/*!40000 ALTER TABLE `fin_expenses_type` ENABLE KEYS */;

-- 导出  表 erp_07fly_com.fin_flow_record 结构
CREATE TABLE IF NOT EXISTS `fin_flow_record` (
  `id` int(16) unsigned NOT NULL AUTO_INCREMENT,
  `balance` float NOT NULL COMMENT '余额',
  `pay_money` float NOT NULL COMMENT '支出',
  `rece_money` float NOT NULL COMMENT '收入',
  `bank_id` int(16) NOT NULL,
  `bus_id` int(16) NOT NULL COMMENT '关联单号=业务单号',
  `bus_type` varchar(128) NOT NULL COMMENT '单号类型=财务类型',
  `intro` text NOT NULL,
  `create_time` datetime NOT NULL,
  `create_user_id` int(16) NOT NULL COMMENT '创建人',
  PRIMARY KEY (`id`)
) ENGINE=MyISAM AUTO_INCREMENT=88 DEFAULT CHARSET=utf8 COMMENT='财务流水';

-- 正在导出表  erp_07fly_com.fin_flow_record 的数据：87 rows
DELETE FROM `fin_flow_record`;
/*!40000 ALTER TABLE `fin_flow_record` DISABLE KEYS */;
INSERT INTO `fin_flow_record` (`id`, `balance`, `pay_money`, `rece_money`, `bank_id`, `bus_id`, `bus_type`, `intro`, `create_time`, `create_user_id`) VALUES
	(1, 12000, 0, 12000, 0, 2, 'sal_contract', '', '2020-01-12 15:53:17', 2),
	(2, 11877, 123, 0, 0, 1, 'fin_expenses_record', '', '2020-02-07 14:40:59', 2),
	(3, 1877, 10000, 0, 0, 7, 'pos_contract', '', '2020-02-09 00:11:34', 2),
	(4, 11877, 0, 10000, 0, 1, 'sal_contract', '', '2020-02-09 00:17:48', 2),
	(5, 1000, 0, 1000, 1, 18, 'sal_contract', '', '2020-02-15 14:46:33', 2),
	(6, 33132, 0, 32132, 1, 1, 'fin_capital_record', '', '2020-02-28 17:52:58', 2),
	(7, 12000, 0, 123, 0, 1, 'fin_expenses_record', '', '2020-03-02 15:18:38', 2),
	(8, 12000, 0, 0, 0, 0, 'pos_contract', '', '2020-03-03 10:00:34', 2),
	(9, 22000, 0, 10000, 0, 7, 'pos_contract', '', '2020-03-24 13:17:21', 2),
	(10, 1e15, 0, 1e15, 2, 2, 'fin_capital_record', '', '2020-03-24 14:49:21', 2),
	(11, 34132, 0, 1000, 1, 32, 'sal_contract', '', '2020-03-26 14:08:11', 2),
	(12, 22011, 0, 11, 0, 33, 'sal_contract', '', '2020-03-26 14:09:46', 2),
	(13, 33021, 1111, 0, 1, 3, 'fin_capital_record', '', '2020-03-27 14:55:41', 2),
	(14, 34010, 0, 989, 1, 33, 'sal_contract', '', '2020-03-28 10:32:08', 2),
	(15, 154010, 0, 120000, 1, 10, 'sal_contract', '', '2020-03-28 15:43:02', 2),
	(16, -97989, 120000, 0, 0, 10, 'sal_contract', '', '2020-03-28 15:48:14', 2),
	(17, 152788, 1222, 0, 1, 2, 'fin_expenses_record', '', '2020-03-28 15:49:55', 2),
	(18, 151556, 1232, 0, 1, 3, 'fin_expenses_record', '', '2020-03-28 15:50:15', 2),
	(19, -98978, 989, 0, 0, 33, 'sal_contract', '', '2020-03-28 16:00:34', 2),
	(20, 1e15, 0, 453, 2, 33, 'sal_contract', '', '2020-03-28 20:49:04', 2),
	(21, -99978, 1000, 0, 0, 17, 'pos_contract', '', '2020-03-28 20:56:15', 2),
	(22, 161556, 0, 10000, 1, 37, 'sal_contract', '', '2020-03-30 13:37:51', 2),
	(23, 160756, 800, 0, 1, 4, 'fin_expenses_record', '', '2020-03-30 13:48:05', 2),
	(24, 1e15, 0, 122222, 2, 38, 'sal_contract', '', '2020-03-30 16:02:06', 2),
	(25, 160989, 0, 233, 1, 33, 'sal_contract', '', '2020-03-30 19:15:52', 2),
	(26, -99978, 0, 0, 0, 0, 'sal_contract', '', '2020-03-30 19:16:04', 2),
	(27, -100211, 233, 0, 0, 33, 'sal_contract', '', '2020-03-30 19:16:10', 2),
	(28, -222433, 122222, 0, 0, 38, 'sal_contract', '', '2020-03-30 19:16:10', 2),
	(29, -232433, 10000, 0, 0, 37, 'sal_contract', '', '2020-03-30 19:16:10', 2),
	(30, -232886, 453, 0, 0, 33, 'sal_contract', '', '2020-03-30 19:16:10', 2),
	(31, -232897, 11, 0, 0, 33, 'sal_contract', '', '2020-03-30 19:16:10', 2),
	(32, -233897, 1000, 0, 0, 32, 'sal_contract', '', '2020-03-30 19:16:10', 2),
	(33, -234897, 1000, 0, 0, 18, 'sal_contract', '', '2020-03-30 19:16:10', 2),
	(34, -244897, 10000, 0, 0, 1, 'sal_contract', '', '2020-03-30 19:16:10', 2),
	(35, -256897, 12000, 0, 0, 2, 'sal_contract', '', '2020-03-30 19:16:10', 2),
	(36, -244897, 0, 12000, 0, 1, 'sal_contract', '', '2020-03-30 19:21:04', 2),
	(37, -256897, 12000, 0, 0, 1, 'sal_contract', '', '2020-03-30 19:21:09', 2),
	(38, -244897, 0, 12000, 0, 1, 'sal_contract', '', '2020-03-30 19:21:18', 2),
	(39, -256897, 12000, 0, 0, 1, 'sal_contract', '', '2020-03-30 19:21:23', 2),
	(40, -244897, 0, 12000, 0, 1, 'sal_contract', '', '2020-03-30 19:21:29', 2),
	(41, -242463, 0, 2434, 0, 36, 'sal_contract', '', '2020-03-30 19:28:49', 2),
	(42, 170989, 0, 10000, 1, 37, 'sal_contract', '', '2020-03-31 12:07:55', 2),
	(43, 293211, 0, 122222, 1, 38, 'sal_contract', '', '2020-03-31 14:06:54', 2),
	(44, -238863, 0, 3600, 0, 39, 'sal_contract', '', '2020-03-31 14:15:49', 2),
	(45, -238863, 0, 0, 0, 0, 'pos_contract', '', '2020-03-31 14:40:33', 1),
	(46, -242463, 3600, 0, 0, 39, 'sal_contract', '', '2020-03-31 18:35:57', 2),
	(47, -364685, 122222, 0, 0, 38, 'sal_contract', '', '2020-03-31 18:36:07', 2),
	(48, -374685, 10000, 0, 0, 37, 'sal_contract', '', '2020-03-31 18:36:10', 2),
	(49, -364685, 0, 10000, 0, 42, 'sal_contract', '', '2020-04-01 13:01:46', 2),
	(50, -363685, 0, 1000, 0, 17, 'pos_contract', '', '2020-04-01 15:42:17', 2),
	(51, -373685, 10000, 0, 0, 42, 'sal_contract', '', '2020-04-01 15:42:26', 2),
	(52, -376119, 2434, 0, 0, 36, 'sal_contract', '', '2020-04-01 15:42:32', 2),
	(53, -376119, 0, 0, 0, 0, 'sal_contract', '', '2020-04-01 15:42:36', 2),
	(54, -376119, 0, 0, 0, 0, 'fin_income_record', '', '2020-04-02 07:36:20', 2),
	(55, -376119, 0, 0, 0, 0, 'pos_contract', '', '2020-04-05 09:13:51', 2),
	(56, -376119, 0, 0, 0, 0, 'pos_contract', '', '2020-04-05 09:13:58', 2),
	(57, -376119, 0, 0, 0, 0, 'pos_contract', '', '2020-04-05 09:14:02', 2),
	(58, -376119, 0, 0, 0, 0, 'fin_income_record', '', '2020-04-07 09:37:51', 2),
	(59, 293766, 0, 555, 1, 1, 'fin_income_record', '', '2020-04-07 09:38:06', 2),
	(60, 293211, 555, 0, 1, 1, 'fin_income_record', '', '2020-04-07 09:38:10', 2),
	(61, -376119, 0, 0, 0, 5, 'fin_expenses_record', '', '2020-04-08 08:57:07', 2),
	(62, -377119, 1000, 0, 0, 17, 'pos_contract', '', '2020-04-09 09:37:20', 2),
	(63, -379119, 2000, 0, 0, 27, 'pos_contract', '', '2020-04-09 09:37:57', 2),
	(64, -379119, 0, 0, 0, 4, 'sal_contract', '', '2020-05-25 15:50:13', 2),
	(65, -379119, 0, 0, 0, 24, 'pos_contract', '', '2020-05-26 12:30:52', 2),
	(66, -379119, 0, 0, 0, 50, 'sal_contract', '', '2020-05-26 16:42:24', 2),
	(67, -379119, 0, 0, 0, 5, 'sal_contract', '', '2020-05-27 14:18:53', 2),
	(68, 261079, 32132, 0, 1, 1, 'fin_capital_record', '', '2020-05-30 17:32:45', 2),
	(69, -379096, 0, 23, 0, 2, 'fin_income_record', '', '2020-05-30 17:33:57', 2),
	(70, -379084, 0, 12.5, 0, 3, 'fin_income_record', '', '2020-05-30 17:34:28', 2),
	(71, -379084, 0, 0, 0, 4, 'fin_income_record', '', '2020-05-30 17:34:51', 2),
	(72, -379084, 0, 0, 0, 5, 'fin_income_record', '', '2020-05-30 17:34:51', 2),
	(73, -379084, 0, 0, 0, 4, 'fin_income_record', '', '2020-05-30 17:34:56', 2),
	(74, -379084, 0, 0, 0, 5, 'fin_income_record', '', '2020-05-30 17:34:58', 2),
	(75, -100379000, 100000000, 0, 0, 35, 'pos_contract', '', '2020-06-03 14:37:50', 2),
	(76, 999998000000000, 2147480000, 0, 2, 2, 'fin_capital_record', '', '2020-06-05 09:39:26', 2),
	(77, -100259000, 0, 120000, 0, 10, 'sal_contract', '', '2021-11-09 14:49:17', 2),
	(78, -100249000, 0, 9999, 0, 68, 'sal_contract', '', '2021-11-19 13:27:02', 2),
	(79, -99249000, 0, 999999, 0, 68, 'sal_contract', '', '2021-11-19 13:27:55', 2),
	(80, -99250100, 1122, 0, 0, 6, 'fin_expenses_record', '', '2021-11-26 19:33:17', 2),
	(81, -99200100, 0, 50000, 0, 79, 'sal_contract', '', '2021-12-25 00:09:17', 2),
	(82, -99165100, 0, 35000, 0, 79, 'sal_contract', '', '2021-12-25 00:59:38', 2),
	(83, -99130100, 0, 35000, 0, 79, 'sal_contract', '', '2021-12-25 00:59:39', 2),
	(84, -99138100, 8000, 0, 0, 64, 'pos_contract', '', '2022-01-17 23:30:50', 2),
	(85, -98978100, 0, 160000, 0, 11, 'sal_contract', '', '2022-02-15 17:05:40', 2),
	(86, -98978000, 0, 100, 0, 70, 'sal_contract', '', '2022-02-21 20:57:13', 2),
	(87, -99078000, 100000, 0, 0, 7, 'fin_expenses_record', '', '2022-03-18 17:15:10', 2);
/*!40000 ALTER TABLE `fin_flow_record` ENABLE KEYS */;

-- 导出  表 erp_07fly_com.fin_income_record 结构
CREATE TABLE IF NOT EXISTS `fin_income_record` (
  `record_id` int(16) unsigned NOT NULL AUTO_INCREMENT,
  `type_id` int(16) NOT NULL COMMENT '费用类别',
  `bank_id` int(16) NOT NULL,
  `money` decimal(10,2) NOT NULL,
  `intro` text NOT NULL,
  `happen_date` date NOT NULL COMMENT '产生日期',
  `create_user_id` int(16) NOT NULL,
  `create_time` datetime NOT NULL,
  PRIMARY KEY (`record_id`)
) ENGINE=MyISAM AUTO_INCREMENT=4 DEFAULT CHARSET=utf8 COMMENT='其它收入记录';

-- 正在导出表  erp_07fly_com.fin_income_record 的数据：2 rows
DELETE FROM `fin_income_record`;
/*!40000 ALTER TABLE `fin_income_record` DISABLE KEYS */;
INSERT INTO `fin_income_record` (`record_id`, `type_id`, `bank_id`, `money`, `intro`, `happen_date`, `create_user_id`, `create_time`) VALUES
	(2, 0, 0, 23.00, '13', '2020-05-30', 2, '2020-05-30 17:33:57'),
	(3, 1, 0, 12.50, '1', '2020-05-30', 2, '2020-05-30 17:34:28');
/*!40000 ALTER TABLE `fin_income_record` ENABLE KEYS */;

-- 导出  表 erp_07fly_com.fin_income_type 结构
CREATE TABLE IF NOT EXISTS `fin_income_type` (
  `id` int(16) unsigned NOT NULL AUTO_INCREMENT,
  `name` varchar(32) CHARACTER SET utf8 NOT NULL,
  `parentID` int(11) NOT NULL,
  `sort` int(11) NOT NULL,
  `visible` tinyint(2) NOT NULL DEFAULT '1',
  `intro` varchar(1024) CHARACTER SET utf8 DEFAULT NULL,
  PRIMARY KEY (`id`)
) ENGINE=MyISAM AUTO_INCREMENT=4 DEFAULT CHARSET=armscii8 COMMENT='其它收入类型';

-- 正在导出表  erp_07fly_com.fin_income_type 的数据：3 rows
DELETE FROM `fin_income_type`;
/*!40000 ALTER TABLE `fin_income_type` DISABLE KEYS */;
INSERT INTO `fin_income_type` (`id`, `name`, `parentID`, `sort`, `visible`, `intro`) VALUES
	(1, '0', 0, 1, 1, ' 斯蒂芬'),
	(2, '', 1, 0, 1, ''),
	(3, '刷', 0, 0, 1, '');
/*!40000 ALTER TABLE `fin_income_type` ENABLE KEYS */;

-- 导出  表 erp_07fly_com.fin_invoice_pay 结构
CREATE TABLE IF NOT EXISTS `fin_invoice_pay` (
  `record_id` int(16) unsigned NOT NULL AUTO_INCREMENT,
  `contract_id` int(16) NOT NULL COMMENT '合同订单号',
  `contract_name` varchar(256) NOT NULL,
  `customer_id` int(16) NOT NULL COMMENT '客户号',
  `customer_name` varchar(256) NOT NULL,
  `money` int(16) NOT NULL,
  `pay_date` date NOT NULL COMMENT '开票时间',
  `stages` int(11) NOT NULL,
  `invoice_no` varchar(256) NOT NULL DEFAULT '0',
  `name` varchar(256) NOT NULL DEFAULT '0',
  `bus_type` varchar(256) NOT NULL DEFAULT '0' COMMENT '订单类型',
  `intro` text NOT NULL,
  `create_time` datetime NOT NULL,
  `create_user_id` int(11) NOT NULL,
  PRIMARY KEY (`record_id`)
) ENGINE=MyISAM DEFAULT CHARSET=utf8 COMMENT='开票记录、';

-- 正在导出表  erp_07fly_com.fin_invoice_pay 的数据：0 rows
DELETE FROM `fin_invoice_pay`;
/*!40000 ALTER TABLE `fin_invoice_pay` DISABLE KEYS */;
/*!40000 ALTER TABLE `fin_invoice_pay` ENABLE KEYS */;

-- 导出  表 erp_07fly_com.fin_invoice_rece 结构
CREATE TABLE IF NOT EXISTS `fin_invoice_rece` (
  `record_id` int(16) unsigned NOT NULL AUTO_INCREMENT,
  `contract_id` int(16) NOT NULL COMMENT '关联采购号',
  `supplier_id` int(16) NOT NULL COMMENT '供应商号',
  `contract_name` varchar(256) NOT NULL,
  `supplier_name` varchar(256) NOT NULL,
  `money` int(16) NOT NULL,
  `rece_date` date NOT NULL COMMENT '收票时间',
  `stages` int(11) NOT NULL,
  `name` varchar(256) NOT NULL COMMENT '发票内容',
  `invoice_no` varchar(256) NOT NULL DEFAULT '0' COMMENT '发票编号',
  `intro` text NOT NULL,
  `create_time` datetime NOT NULL,
  `create_user_id` int(11) NOT NULL,
  PRIMARY KEY (`record_id`)
) ENGINE=MyISAM AUTO_INCREMENT=3 DEFAULT CHARSET=utf8 COMMENT='收票记录';

-- 正在导出表  erp_07fly_com.fin_invoice_rece 的数据：1 rows
DELETE FROM `fin_invoice_rece`;
/*!40000 ALTER TABLE `fin_invoice_rece` DISABLE KEYS */;
INSERT INTO `fin_invoice_rece` (`record_id`, `contract_id`, `supplier_id`, `contract_name`, `supplier_name`, `money`, `rece_date`, `stages`, `name`, `invoice_no`, `intro`, `create_time`, `create_user_id`) VALUES
	(2, 50, 13, '', '净水器供应商', 10000, '0000-00-00', 0, '', '', '', '2020-06-04 11:22:43', 2);
/*!40000 ALTER TABLE `fin_invoice_rece` ENABLE KEYS */;

-- 导出  表 erp_07fly_com.fin_pay_plan 结构
CREATE TABLE IF NOT EXISTS `fin_pay_plan` (
  `plan_id` int(16) unsigned NOT NULL AUTO_INCREMENT,
  `contract_id` int(16) NOT NULL COMMENT '采购订单号',
  `contract_name` int(16) NOT NULL COMMENT '采购合同名称',
  `supplier_id` int(16) NOT NULL COMMENT '供应商号',
  `supplier_name` varchar(256) NOT NULL COMMENT '供应商名称',
  `bank_id` int(16) NOT NULL COMMENT '关联银行帐号',
  `money` int(16) NOT NULL COMMENT '金额',
  `plan_date` date NOT NULL COMMENT '计划付款时间',
  `stages` int(11) NOT NULL COMMENT '其次',
  `ifpay` varchar(50) NOT NULL DEFAULT '-1',
  `intro` text NOT NULL,
  `create_user_id` int(16) NOT NULL,
  `create_time` datetime NOT NULL,
  PRIMARY KEY (`plan_id`)
) ENGINE=MyISAM AUTO_INCREMENT=11 DEFAULT CHARSET=utf8 COMMENT='付款计划表';

-- 正在导出表  erp_07fly_com.fin_pay_plan 的数据：2 rows
DELETE FROM `fin_pay_plan`;
/*!40000 ALTER TABLE `fin_pay_plan` DISABLE KEYS */;
INSERT INTO `fin_pay_plan` (`plan_id`, `contract_id`, `contract_name`, `supplier_id`, `supplier_name`, `bank_id`, `money`, `plan_date`, `stages`, `ifpay`, `intro`, `create_user_id`, `create_time`) VALUES
	(9, 61, 333, 17, '范围', 0, 3333, '2022-04-01', 0, '-1', '', 2, '2022-01-22 22:30:41'),
	(10, 65, 333, 17, '范围', 0, 3333, '0000-00-00', 111, '-1', '', 2, '2022-03-20 10:39:29');
/*!40000 ALTER TABLE `fin_pay_plan` ENABLE KEYS */;

-- 导出  表 erp_07fly_com.fin_pay_record 结构
CREATE TABLE IF NOT EXISTS `fin_pay_record` (
  `record_id` int(16) unsigned NOT NULL AUTO_INCREMENT,
  `plan_id` int(16) unsigned NOT NULL DEFAULT '0' COMMENT '关联付款记划',
  `contract_id` int(16) NOT NULL COMMENT '采购订单号',
  `contract_name` varchar(256) NOT NULL,
  `supplier_id` int(16) NOT NULL COMMENT '供应商号',
  `supplier_name` varchar(256) NOT NULL,
  `bank_id` int(16) NOT NULL COMMENT '关联帐号',
  `pay_date` date NOT NULL,
  `money` decimal(10,2) NOT NULL,
  `zero_money` decimal(10,2) NOT NULL,
  `stages` int(11) NOT NULL,
  `intro` text NOT NULL,
  `create_time` datetime NOT NULL,
  `create_user_id` int(11) NOT NULL,
  PRIMARY KEY (`record_id`)
) ENGINE=MyISAM AUTO_INCREMENT=8 DEFAULT CHARSET=utf8 COMMENT='付款记录';

-- 正在导出表  erp_07fly_com.fin_pay_record 的数据：5 rows
DELETE FROM `fin_pay_record`;
/*!40000 ALTER TABLE `fin_pay_record` DISABLE KEYS */;
INSERT INTO `fin_pay_record` (`record_id`, `plan_id`, `contract_id`, `contract_name`, `supplier_id`, `supplier_name`, `bank_id`, `pay_date`, `money`, `zero_money`, `stages`, `intro`, `create_time`, `create_user_id`) VALUES
	(3, 0, 17, '冠福股份', 5, '银海酒店', 0, '0000-00-00', 1000.00, 0.00, 0, '', '2020-04-09 09:37:20', 2),
	(4, 0, 27, '9999999999', 5, '银海酒店', 0, '0000-00-00', 2000.00, 0.00, 0, '', '2020-04-09 09:37:57', 2),
	(5, 0, 24, '', 7, '', 0, '0000-00-00', 0.00, 0.00, 0, '', '2020-05-26 12:30:52', 2),
	(6, 0, 35, '1', 10, '', 0, '0000-00-00', 99999999.99, 0.00, 0, '', '2020-06-03 14:37:50', 2),
	(7, 0, 64, 'aaaa', 17, '范围', 0, '0000-00-00', 8000.00, 0.00, 0, '', '2022-01-17 23:30:50', 2);
/*!40000 ALTER TABLE `fin_pay_record` ENABLE KEYS */;

-- 导出  表 erp_07fly_com.fin_rece_plan 结构
CREATE TABLE IF NOT EXISTS `fin_rece_plan` (
  `plan_id` int(16) unsigned NOT NULL AUTO_INCREMENT,
  `contract_id` int(16) NOT NULL COMMENT '合同订单号',
  `contract_name` varchar(256) NOT NULL COMMENT '合同名称',
  `customer_id` int(16) NOT NULL COMMENT '客户号',
  `customer_name` varchar(256) NOT NULL COMMENT '客户名称',
  `bank_id` int(16) NOT NULL COMMENT '关联帐号',
  `money` int(16) NOT NULL,
  `plan_date` date NOT NULL COMMENT '计划回款时间',
  `stages` int(11) NOT NULL,
  `create_user_id` int(11) NOT NULL,
  `ifpay` varchar(50) NOT NULL DEFAULT '-1' COMMENT 'NO=未付 YES=已经付',
  `intro` text NOT NULL,
  `create_time` datetime NOT NULL,
  PRIMARY KEY (`plan_id`)
) ENGINE=MyISAM AUTO_INCREMENT=14 DEFAULT CHARSET=utf8 COMMENT='计划回款表';

-- 正在导出表  erp_07fly_com.fin_rece_plan 的数据：13 rows
DELETE FROM `fin_rece_plan`;
/*!40000 ALTER TABLE `fin_rece_plan` DISABLE KEYS */;
INSERT INTO `fin_rece_plan` (`plan_id`, `contract_id`, `contract_name`, `customer_id`, `customer_name`, `bank_id`, `money`, `plan_date`, `stages`, `create_user_id`, `ifpay`, `intro`, `create_time`) VALUES
	(1, 2, '润体乳TV', 2, '董', 0, 12000, '2020-01-16', 3, 2, '-1', '', '2020-01-12 15:50:57'),
	(2, 2, '润体乳TV', 2, '董', 0, 12000, '2020-01-22', 3, 2, '-1', '', '2020-01-12 15:51:18'),
	(3, 2, '润体乳TV', 2, '董', 0, 12000, '2020-01-16', 1, 2, '1', '', '2020-01-12 15:51:45'),
	(4, 1, '同仁堂', 1, '成都零起飞网络', 0, 12000, '2020-01-13', 33333333, 2, '-1', '', '2020-01-13 13:38:12'),
	(5, 1, '同仁堂', 1, '成都零起飞网络', 0, 10000, '2020-03-03', 1, 2, '-1', '', '2020-02-09 00:17:03'),
	(6, 1, '同仁堂', 1, '成都零起飞网络', 0, 2000, '2020-03-02', 0, 2, '-1', '', '2020-03-02 17:37:52'),
	(7, 1, '同仁堂', 1, '成都零起飞网络', 0, 2000, '2020-03-25', 2, 2, '-1', '', '2020-03-25 08:48:06'),
	(8, 1, '同仁堂', 1, '成都零起飞网络', 0, 1000, '2020-03-27', 0, 2, '-1', '', '2020-03-27 14:56:59'),
	(9, 10, '销售合同', 1, '成都零起飞网络', 0, 120000, '0000-00-00', 0, 2, '1', '', '2020-04-03 16:17:26'),
	(10, 16, '住宅小区监控改造', 1, '成都零起飞网络', 0, 100000, '0000-00-00', 0, 2, '-1', '', '2021-12-03 22:31:40'),
	(11, 16, '住宅小区监控改造', 1, '成都零起飞网络', 0, 120000, '0000-00-00', 0, 2, '-1', '', '2021-12-03 22:32:36'),
	(12, 23, '', 1, '成都零起飞网络', 0, 0, '0000-00-00', 0, 2, '-1', '', '2022-02-21 20:56:51'),
	(13, 23, '2002231028', 1, '成都零起飞网络', 0, 100000000, '0000-00-00', 0, 2, '1', '', '2022-02-21 20:56:52');
/*!40000 ALTER TABLE `fin_rece_plan` ENABLE KEYS */;

-- 导出  表 erp_07fly_com.fin_rece_record 结构
CREATE TABLE IF NOT EXISTS `fin_rece_record` (
  `record_id` int(16) unsigned NOT NULL AUTO_INCREMENT,
  `contract_id` int(16) NOT NULL COMMENT '合同订单号',
  `contract_name` varchar(256) NOT NULL,
  `plan_id` int(16) NOT NULL DEFAULT '0',
  `customer_id` int(16) NOT NULL COMMENT '客户号',
  `customer_name` varchar(256) NOT NULL,
  `bank_id` int(16) NOT NULL COMMENT '关联帐号',
  `money` decimal(10,2) NOT NULL COMMENT '金额',
  `zero_money` decimal(10,2) NOT NULL COMMENT '去零金额',
  `back_date` date NOT NULL COMMENT '计划回款时间',
  `stages` int(11) NOT NULL COMMENT '期次',
  `bus_type` varchar(128) NOT NULL DEFAULT '0' COMMENT '关联业务类型',
  `intro` text NOT NULL,
  `create_time` datetime NOT NULL,
  `create_user_id` int(11) NOT NULL,
  PRIMARY KEY (`record_id`)
) ENGINE=MyISAM AUTO_INCREMENT=31 DEFAULT CHARSET=utf8 COMMENT='回款记录';

-- 正在导出表  erp_07fly_com.fin_rece_record 的数据：12 rows
DELETE FROM `fin_rece_record`;
/*!40000 ALTER TABLE `fin_rece_record` DISABLE KEYS */;
INSERT INTO `fin_rece_record` (`record_id`, `contract_id`, `contract_name`, `plan_id`, `customer_id`, `customer_name`, `bank_id`, `money`, `zero_money`, `back_date`, `stages`, `bus_type`, `intro`, `create_time`, `create_user_id`) VALUES
	(14, 1, '同仁堂', 0, 1, '', 0, 12000.00, 0.00, '0000-00-00', 0, '0', '', '2020-03-30 19:21:29', 2),
	(20, 4, '23423', 0, 1, '', 0, 0.00, 0.00, '0000-00-00', 0, '0', '', '2020-05-25 15:50:13', 2),
	(21, 50, '12', 0, 310, '', 0, 0.00, 0.00, '2020-05-26', 0, '0', '', '2020-05-26 16:42:24', 2),
	(22, 5, '234', 0, 1, '', 0, 0.00, 0.00, '2019-12-29', 0, '0', '', '2020-05-27 14:18:53', 2),
	(23, 10, '销售合同', 0, 1, '成都零起飞网络', 0, 120000.00, 0.00, '0000-00-00', 1, '0', '', '2021-11-09 14:49:17', 2),
	(24, 68, '', 0, 344, '', 0, 9999.00, 0.00, '2021-11-19', 1, '0', '', '2021-11-19 13:27:02', 2),
	(25, 68, '', 0, 344, '', 0, 999999.00, 0.00, '2021-07-08', 0, '0', '', '2021-11-19 13:27:55', 2),
	(26, 79, '购买 CRM定制开发合同', 0, 440, '', 0, 50000.00, 0.00, '2021-06-10', 1, '0', '', '2021-12-25 00:09:17', 2),
	(27, 79, '购买 CRM定制开发合同', 0, 440, '', 0, 35000.00, 0.00, '2021-12-25', 2, '0', '', '2021-12-25 00:59:38', 2),
	(28, 79, '购买 CRM定制开发合同', 0, 440, '', 0, 35000.00, 0.00, '2021-12-25', 2, '0', '', '2021-12-25 00:59:39', 2),
	(29, 11, '111', 0, 1, '', 0, 160000.00, 0.00, '0000-00-00', 0, '0', '', '2022-02-15 17:05:40', 2),
	(30, 70, '', 0, 334, '成都零起飞科技', 0, 100.00, 0.00, '0000-00-00', 0, '0', '', '2022-02-21 20:57:13', 2);
/*!40000 ALTER TABLE `fin_rece_record` ENABLE KEYS */;

-- 导出  表 erp_07fly_com.fly_goods 结构
CREATE TABLE IF NOT EXISTS `fly_goods` (
  `goods_id` int(10) unsigned NOT NULL AUTO_INCREMENT COMMENT '商品id(SKU)',
  `goods_name` varchar(100) NOT NULL DEFAULT '' COMMENT '商品名称',
  `shop_id` int(10) unsigned NOT NULL DEFAULT '1' COMMENT '店铺id',
  `category_id` int(10) unsigned NOT NULL DEFAULT '0' COMMENT '商品分类id',
  `category_id_1` int(10) unsigned NOT NULL DEFAULT '0' COMMENT '一级分类id',
  `category_id_2` int(10) unsigned NOT NULL DEFAULT '0' COMMENT '二级分类id',
  `category_id_3` int(10) unsigned NOT NULL DEFAULT '0' COMMENT '三级分类id',
  `brand_id` int(10) unsigned NOT NULL DEFAULT '0' COMMENT '品牌id',
  `group_id_array` varchar(255) NOT NULL DEFAULT '' COMMENT '店铺分类id 首尾用,隔开',
  `promotion_type` tinyint(3) NOT NULL DEFAULT '0' COMMENT '促销类型 0无促销，1团购，2限时折扣',
  `goods_type` tinyint(4) NOT NULL DEFAULT '1' COMMENT '实物或虚拟商品标志 1实物商品 0 虚拟商品 2 F码商品',
  `market_price` decimal(10,2) NOT NULL DEFAULT '0.00' COMMENT '市场价',
  `sale_price` decimal(10,2) NOT NULL DEFAULT '0.00' COMMENT '销售价格',
  `cost_price` decimal(19,2) NOT NULL DEFAULT '0.00' COMMENT '成本价',
  `price` decimal(19,2) NOT NULL DEFAULT '0.00' COMMENT '商品原价格',
  `promotion_price` decimal(10,2) NOT NULL DEFAULT '0.00' COMMENT '商品促销价格',
  `give_point` int(11) NOT NULL DEFAULT '0' COMMENT '购买商品赠送积分',
  `is_member_discount` int(1) NOT NULL DEFAULT '0' COMMENT '参与会员折扣',
  `shipping_fee` decimal(10,2) NOT NULL DEFAULT '0.00' COMMENT '运费 0为免运费',
  `shipping_fee_id` int(11) NOT NULL DEFAULT '0' COMMENT '售卖区域id 物流模板id  ns_order_shipping_fee 表id',
  `stock` int(10) NOT NULL DEFAULT '0' COMMENT '商品库存',
  `max_buy` int(11) NOT NULL DEFAULT '0' COMMENT '限购 0 不限购',
  `clicks` int(10) unsigned NOT NULL DEFAULT '0' COMMENT '商品点击数量',
  `min_stock_alarm` int(11) NOT NULL DEFAULT '0' COMMENT '库存预警值',
  `sales` int(10) unsigned NOT NULL DEFAULT '0' COMMENT '销售数量',
  `collects` int(10) unsigned NOT NULL DEFAULT '0' COMMENT '收藏数量',
  `star` tinyint(3) unsigned NOT NULL DEFAULT '5' COMMENT '好评星级',
  `evaluates` int(10) unsigned NOT NULL DEFAULT '0' COMMENT '评价数',
  `shares` int(11) NOT NULL DEFAULT '0' COMMENT '分享数',
  `province_id` int(10) unsigned NOT NULL DEFAULT '0' COMMENT '一级地区id',
  `city_id` int(10) unsigned NOT NULL DEFAULT '0' COMMENT '二级地区id',
  `defaultpic` varchar(255) NOT NULL DEFAULT '0' COMMENT '商品主图',
  `keywords` varchar(255) NOT NULL DEFAULT '' COMMENT '商品关键词',
  `introduction` varchar(255) NOT NULL DEFAULT '' COMMENT '商品简介，促销语',
  `description` text NOT NULL COMMENT '商品详情',
  `content` text NOT NULL COMMENT '商品详细内容',
  `code` varchar(50) NOT NULL DEFAULT '' COMMENT '商家编号',
  `is_hot` int(1) NOT NULL DEFAULT '0' COMMENT '是否热销商品',
  `is_recommend` int(1) NOT NULL DEFAULT '0' COMMENT '是否推荐0=不推荐，1=推荐',
  `is_new` int(1) NOT NULL DEFAULT '0' COMMENT '是否新品',
  `is_bill` int(1) NOT NULL DEFAULT '0' COMMENT '是否开具增值税发票 1是，0否',
  `state` tinyint(3) NOT NULL DEFAULT '1' COMMENT '商品状态 0下架，1正常，10违规（禁售）',
  `sort` int(11) NOT NULL DEFAULT '0' COMMENT '排序',
  `img_id_array` varchar(1000) DEFAULT NULL COMMENT '商品图片序列',
  `sku_img_array` varchar(1000) DEFAULT NULL COMMENT '商品sku应用图片列表  属性,属性值，图片ID',
  `match_point` float(10,2) DEFAULT NULL COMMENT '实物与描述相符（根据评价计算）',
  `match_ratio` float(10,2) DEFAULT NULL COMMENT '实物与描述相符（根据评价计算）百分比',
  `real_sales` int(10) NOT NULL DEFAULT '0' COMMENT '实际销量',
  `goods_attribute_id` int(11) NOT NULL DEFAULT '0' COMMENT '商品类型',
  `goods_spec_format` text NOT NULL COMMENT '商品规格',
  `goods_weight` decimal(8,2) NOT NULL DEFAULT '0.00' COMMENT '商品重量',
  `goods_volume` decimal(8,2) NOT NULL DEFAULT '0.00' COMMENT '商品体积',
  `shipping_fee_type` int(11) NOT NULL DEFAULT '1' COMMENT '计价方式1.重量2.体积3.计件',
  `extend_category_id` varchar(255) DEFAULT NULL,
  `extend_category_id_1` varchar(255) DEFAULT NULL,
  `extend_category_id_2` varchar(255) DEFAULT NULL,
  `extend_category_id_3` varchar(255) DEFAULT NULL,
  `supplier_id` int(11) NOT NULL DEFAULT '0' COMMENT '供货商id',
  `sale_date` datetime NOT NULL COMMENT '上下架时间',
  `create_time` datetime NOT NULL COMMENT '商品添加时间',
  `update_time` datetime NOT NULL COMMENT '商品编辑时间',
  `min_buy` int(11) NOT NULL DEFAULT '0' COMMENT '最少买几件',
  `virtual_goods_type_id` int(11) DEFAULT '0' COMMENT '虚拟商品类型id',
  `production_date` int(11) NOT NULL DEFAULT '0' COMMENT '生产日期',
  `shelf_life` varchar(50) NOT NULL DEFAULT '' COMMENT '保质期',
  `goods_video_address` varchar(455) DEFAULT '' COMMENT '商品视频地址，不为空时前台显示视频',
  `pc_custom_template` varchar(255) NOT NULL DEFAULT '' COMMENT 'pc端商品自定义模板',
  `wap_custom_template` varchar(255) NOT NULL DEFAULT '' COMMENT 'wap端商品自定义模板',
  `max_use_point` int(11) NOT NULL DEFAULT '0' COMMENT '积分抵现最大可用积分数 0为不可使用',
  `is_open_presell` tinyint(4) NOT NULL DEFAULT '0' COMMENT '是否支持预售',
  `presell_time` int(11) NOT NULL DEFAULT '0' COMMENT '预售发货时间',
  `presell_day` int(11) NOT NULL DEFAULT '0' COMMENT '预售发货天数',
  `presell_delivery_type` int(11) NOT NULL DEFAULT '1' COMMENT '预售发货方式1. 按照预售发货时间 2.按照预售发货天数',
  `presell_price` decimal(10,2) NOT NULL DEFAULT '0.00' COMMENT '预售金额',
  `goods_unit` varchar(20) NOT NULL DEFAULT '' COMMENT '商品单位',
  PRIMARY KEY (`goods_id`),
  KEY `UK_fly_goods_brand_id` (`brand_id`),
  KEY `UK_fly_goods_category_id` (`category_id`),
  KEY `UK_fly_goods_category_id_1` (`category_id_1`),
  KEY `UK_fly_goods_category_id_2` (`category_id_2`),
  KEY `UK_fly_goods_category_id_3` (`category_id_3`),
  KEY `UK_fly_goods_extend_category_id` (`extend_category_id`),
  KEY `UK_fly_goods_extend_category_id_1` (`extend_category_id_1`),
  KEY `UK_fly_goods_extend_category_id_2` (`extend_category_id_2`),
  KEY `UK_fly_goods_extend_category_id_3` (`extend_category_id_3`),
  KEY `UK_fly_goods_goods_attribute_id` (`goods_attribute_id`),
  KEY `UK_fly_goods_group_id_array` (`group_id_array`),
  KEY `UK_fly_goods_promotion_price` (`promotion_price`)
) ENGINE=MyISAM AUTO_INCREMENT=10 DEFAULT CHARSET=utf8 AVG_ROW_LENGTH=16554 COMMENT='商品表';

-- 正在导出表  erp_07fly_com.fly_goods 的数据：8 rows
DELETE FROM `fly_goods`;
/*!40000 ALTER TABLE `fly_goods` DISABLE KEYS */;
INSERT INTO `fly_goods` (`goods_id`, `goods_name`, `shop_id`, `category_id`, `category_id_1`, `category_id_2`, `category_id_3`, `brand_id`, `group_id_array`, `promotion_type`, `goods_type`, `market_price`, `sale_price`, `cost_price`, `price`, `promotion_price`, `give_point`, `is_member_discount`, `shipping_fee`, `shipping_fee_id`, `stock`, `max_buy`, `clicks`, `min_stock_alarm`, `sales`, `collects`, `star`, `evaluates`, `shares`, `province_id`, `city_id`, `defaultpic`, `keywords`, `introduction`, `description`, `content`, `code`, `is_hot`, `is_recommend`, `is_new`, `is_bill`, `state`, `sort`, `img_id_array`, `sku_img_array`, `match_point`, `match_ratio`, `real_sales`, `goods_attribute_id`, `goods_spec_format`, `goods_weight`, `goods_volume`, `shipping_fee_type`, `extend_category_id`, `extend_category_id_1`, `extend_category_id_2`, `extend_category_id_3`, `supplier_id`, `sale_date`, `create_time`, `update_time`, `min_buy`, `virtual_goods_type_id`, `production_date`, `shelf_life`, `goods_video_address`, `pc_custom_template`, `wap_custom_template`, `max_use_point`, `is_open_presell`, `presell_time`, `presell_day`, `presell_delivery_type`, `presell_price`, `goods_unit`) VALUES
	(1, '零起飞网站建设', 1, 0, 0, 0, 0, 0, '', 0, 1, 1000.00, 1000.00, 1000.00, 0.00, 0.00, 0, 0, 0.00, 0, 100, 0, 0, 0, 0, 0, 5, 0, 0, 0, 0, '', '网站建设', '', '', '<p>这是一个很的产吕的呀</p>', '', 0, 0, 0, 0, 1, 10, '', '', 0.00, 0.00, 0, 0, '', 0.00, 0.00, 1, '', '', '', '', 0, '0000-00-00 00:00:00', '2020-01-09 09:14:13', '0000-00-00 00:00:00', 0, 0, 0, '', '', '', '', 0, 0, 0, 0, 1, 0.00, ''),
	(2, '1', 1, 0, 0, 0, 0, 0, '', 0, 1, 0.00, 10.00, 0.00, 0.00, 0.00, 0, 0, 0.00, 0, 0, 0, 0, 0, 0, 0, 5, 0, 0, 0, 0, '', '2', '', '', '', '', 0, 0, 0, 0, 1, 0, '', '', 0.00, 0.00, 0, 0, '', 0.00, 0.00, 1, '', '', '', '', 0, '0000-00-00 00:00:00', '2020-01-14 10:05:51', '2020-01-14 10:06:21', 0, 0, 0, '', '', '', '', 0, 0, 0, 0, 1, 0.00, ''),
	(3, '9191', 1, 0, 0, 0, 0, 0, '', 0, 1, 550.00, 0.00, 0.00, 0.00, 0.00, 0, 0, 0.00, 0, 0, 0, 0, 0, 0, 0, 5, 0, 0, 0, 0, '', '烟感', '', '', '', '', 0, 0, 0, 0, 1, 0, '', '', 0.00, 0.00, 0, 0, '', 0.00, 0.00, 1, '', '', '', '', 0, '0000-00-00 00:00:00', '2020-01-14 16:49:18', '0000-00-00 00:00:00', 0, 0, 0, '', '', '', '', 0, 0, 0, 0, 1, 0.00, ''),
	(4, '9191', 1, 1, 0, 0, 0, 0, '', 0, 1, 160.00, 0.00, 0.00, 0.00, 0.00, 0, 0, 0.00, 0, 0, 0, 0, 0, 0, 0, 5, 0, 0, 0, 0, '/upload/images/200119/20200119095059785.jpg', '烟感', '', '', '', '', 0, 0, 0, 0, 1, 0, '', '', 0.00, 0.00, 0, 0, '', 0.00, 0.00, 1, '', '', '', '', 0, '0000-00-00 00:00:00', '2020-01-14 16:52:52', '2020-01-19 09:51:04', 0, 0, 0, '', '', '', '', 0, 0, 0, 0, 1, 0.00, ''),
	(5, '海康200万像素摄像机', 1, 2, 0, 0, 0, 0, '', 0, 1, 350.00, 380.00, 280.00, 0.00, 0.00, 0, 0, 0.00, 0, 200, 0, 0, 0, 0, 0, 5, 0, 0, 0, 0, '/upload/images/200301/20200301234334182.jpg', 'JK', '', '', '', '', 0, 1, 0, 0, 1, 1, '', '', 0.00, 0.00, 0, 0, '', 0.00, 0.00, 1, '', '', '', '', 0, '0000-00-00 00:00:00', '2020-02-09 00:07:11', '2020-03-11 20:03:36', 0, 0, 0, '', '', '', '', 0, 0, 0, 0, 1, 0.00, ''),
	(6, 'A6', 1, 2, 0, 0, 0, 0, '', 0, 1, 0.00, 0.00, 0.00, 0.00, 0.00, 0, 0, 0.00, 0, 0, 0, 0, 0, 0, 0, 5, 0, 0, 0, 0, '', 'A6', '', '', '', '', 0, 0, 0, 0, 1, 0, '', '', 0.00, 0.00, 0, 0, '', 0.00, 0.00, 1, '', '', '', '', 0, '0000-00-00 00:00:00', '2020-03-12 12:16:45', '2020-03-20 10:17:39', 0, 0, 0, '', '', '', '', 0, 0, 0, 0, 1, 0.00, ''),
	(9, '交换机', 1, 2, 0, 0, 0, 0, '', 0, 1, 0.00, 0.00, 0.00, 0.00, 0.00, 0, 0, 0.00, 0, 10, 0, 0, 0, 0, 0, 5, 0, 0, 0, 0, '', '交换机', '', '', '', '', 0, 0, 0, 0, 0, 0, '', '', 0.00, 0.00, 0, 0, '', 0.00, 0.00, 1, '', '', '', '', 0, '0000-00-00 00:00:00', '2020-03-30 13:36:35', '2020-04-03 10:01:53', 0, 0, 0, '', '', '', '', 0, 0, 0, 0, 1, 0.00, ''),
	(8, '1', 1, 1, 0, 0, 0, 0, '', 0, 1, 4.00, 6.00, 2.00, 0.00, 0.00, 0, 0, 0.00, 0, 0, 0, 0, 0, 0, 0, 5, 0, 0, 0, 0, '/upload/images/200328/20200328135141712.jpg', '1', '', '', '', '', 0, 0, 0, 0, 1, 0, '', '', 0.00, 0.00, 0, 0, '', 0.00, 0.00, 1, '', '', '', '', 0, '0000-00-00 00:00:00', '2020-03-28 13:51:16', '2020-03-28 13:54:33', 0, 0, 0, '', '', '', '', 0, 0, 0, 0, 1, 0.00, '');
/*!40000 ALTER TABLE `fly_goods` ENABLE KEYS */;

-- 导出  表 erp_07fly_com.fly_goods_attr 结构
CREATE TABLE IF NOT EXISTS `fly_goods_attr` (
  `attr_id` int(10) unsigned NOT NULL AUTO_INCREMENT COMMENT '商品属性ID',
  `attr_name` varchar(255) NOT NULL DEFAULT '' COMMENT '属性名称',
  `visible` tinyint(1) NOT NULL DEFAULT '1' COMMENT '是否使用',
  `spec_id_array` varchar(255) NOT NULL DEFAULT '' COMMENT '关联规格',
  `sort` int(11) DEFAULT NULL,
  `create_time` int(11) DEFAULT '0' COMMENT '创建时间',
  `modify_time` int(11) DEFAULT '0' COMMENT '修改时间',
  `brand_id_array` varchar(255) NOT NULL DEFAULT '' COMMENT '关联品牌',
  PRIMARY KEY (`attr_id`)
) ENGINE=MyISAM AUTO_INCREMENT=4 DEFAULT CHARSET=utf8 AVG_ROW_LENGTH=16384 COMMENT='商品相关属性';

-- 正在导出表  erp_07fly_com.fly_goods_attr 的数据：3 rows
DELETE FROM `fly_goods_attr`;
/*!40000 ALTER TABLE `fly_goods_attr` DISABLE KEYS */;
INSERT INTO `fly_goods_attr` (`attr_id`, `attr_name`, `visible`, `spec_id_array`, `sort`, `create_time`, `modify_time`, `brand_id_array`) VALUES
	(1, '免费', 1, '', 1, 0, 0, ''),
	(2, '烟感', 1, '', 0, 0, 0, ''),
	(3, '摄像机', 1, '', 1, 0, 0, '');
/*!40000 ALTER TABLE `fly_goods_attr` ENABLE KEYS */;

-- 导出  表 erp_07fly_com.fly_goods_attr_relation 结构
CREATE TABLE IF NOT EXISTS `fly_goods_attr_relation` (
  `attr_relation_id` int(10) unsigned NOT NULL AUTO_INCREMENT,
  `shop_id` int(11) NOT NULL DEFAULT '0' COMMENT '店铺ID',
  `goods_id` int(11) NOT NULL COMMENT '商品ID',
  `attr_id` int(10) unsigned NOT NULL COMMENT '属性编号',
  `attr_name` varchar(255) NOT NULL DEFAULT '' COMMENT '属性名称',
  `attr_value_id` int(11) NOT NULL COMMENT '属性值id',
  `attr_value_name` varchar(255) NOT NULL DEFAULT '' COMMENT '属性值的名称',
  `attr_value_data` varchar(255) NOT NULL DEFAULT '' COMMENT '属性值名称对应最终数据',
  `sort` int(11) NOT NULL DEFAULT '0' COMMENT '排序',
  `create_time` int(11) DEFAULT '0' COMMENT '创建时间',
  PRIMARY KEY (`attr_relation_id`),
  KEY `UK_fly_goods_attribute_attr_value_id` (`attr_value_id`)
) ENGINE=MyISAM DEFAULT CHARSET=utf8 AVG_ROW_LENGTH=315 COMMENT='商品和属性关联表\r\n';

-- 正在导出表  erp_07fly_com.fly_goods_attr_relation 的数据：0 rows
DELETE FROM `fly_goods_attr_relation`;
/*!40000 ALTER TABLE `fly_goods_attr_relation` DISABLE KEYS */;
/*!40000 ALTER TABLE `fly_goods_attr_relation` ENABLE KEYS */;

-- 导出  表 erp_07fly_com.fly_goods_attr_value 结构
CREATE TABLE IF NOT EXISTS `fly_goods_attr_value` (
  `attr_value_id` int(11) unsigned NOT NULL AUTO_INCREMENT COMMENT '属性值ID',
  `attr_id` int(11) NOT NULL COMMENT '属性ID',
  `attr_value_name` varchar(50) NOT NULL DEFAULT '' COMMENT '属性值名称',
  `attr_value_data` varchar(1000) NOT NULL DEFAULT '' COMMENT '属性对应相关数据',
  `type` int(11) NOT NULL DEFAULT '1' COMMENT '属性对应输入类型1.直接2.单选3.多选',
  `sort` int(11) NOT NULL DEFAULT '1999' COMMENT '排序号',
  `is_search` tinyint(1) NOT NULL DEFAULT '1' COMMENT '是否使用',
  PRIMARY KEY (`attr_value_id`)
) ENGINE=MyISAM AUTO_INCREMENT=5 DEFAULT CHARSET=utf8 AVG_ROW_LENGTH=4096 COMMENT='商品属性值';

-- 正在导出表  erp_07fly_com.fly_goods_attr_value 的数据：4 rows
DELETE FROM `fly_goods_attr_value`;
/*!40000 ALTER TABLE `fly_goods_attr_value` DISABLE KEYS */;
INSERT INTO `fly_goods_attr_value` (`attr_value_id`, `attr_id`, `attr_value_name`, `attr_value_data`, `type`, `sort`, `is_search`) VALUES
	(1, 1, 'I类', '是\r\n否', 2, 0, 0),
	(2, 1, 'II类', '是\r\n否', 2, 1, 0),
	(3, 2, '', '', 1, 0, 1),
	(4, 3, '', '', 1, 0, 1);
/*!40000 ALTER TABLE `fly_goods_attr_value` ENABLE KEYS */;

-- 导出  表 erp_07fly_com.fly_goods_brand 结构
CREATE TABLE IF NOT EXISTS `fly_goods_brand` (
  `brand_id` bigint(20) NOT NULL AUTO_INCREMENT COMMENT '索引ID',
  `shop_id` int(11) NOT NULL DEFAULT '0' COMMENT '店铺ID',
  `brand_name` varchar(100) NOT NULL COMMENT '品牌名称',
  `brand_initial` varchar(1) NOT NULL COMMENT '品牌首字母',
  `brand_pic` varchar(100) NOT NULL DEFAULT '' COMMENT '图片',
  `brand_recommend` tinyint(1) NOT NULL DEFAULT '0' COMMENT '推荐，0为否，1为是，默认为0',
  `sort` int(11) DEFAULT NULL,
  `brand_category_name` varchar(50) NOT NULL DEFAULT '' COMMENT '类别名称',
  `category_id_array` varchar(1000) NOT NULL DEFAULT '' COMMENT '所属分类id组',
  `brand_ads` varchar(255) NOT NULL DEFAULT '' COMMENT '品牌推荐广告',
  `category_name` varchar(50) NOT NULL DEFAULT '' COMMENT '品牌所属分类名称',
  `category_id_1` int(11) NOT NULL DEFAULT '0' COMMENT '一级分类ID',
  `category_id_2` int(11) NOT NULL DEFAULT '0' COMMENT '二级分类ID',
  `category_id_3` int(11) NOT NULL DEFAULT '0' COMMENT '三级分类ID',
  PRIMARY KEY (`brand_id`)
) ENGINE=MyISAM AUTO_INCREMENT=4 DEFAULT CHARSET=utf8 AVG_ROW_LENGTH=1024 COMMENT='品牌表';

-- 正在导出表  erp_07fly_com.fly_goods_brand 的数据：3 rows
DELETE FROM `fly_goods_brand`;
/*!40000 ALTER TABLE `fly_goods_brand` DISABLE KEYS */;
INSERT INTO `fly_goods_brand` (`brand_id`, `shop_id`, `brand_name`, `brand_initial`, `brand_pic`, `brand_recommend`, `sort`, `brand_category_name`, `category_id_array`, `brand_ads`, `category_name`, `category_id_1`, `category_id_2`, `category_id_3`) VALUES
	(1, 0, '零起飞网络', '0', '/upload/images/200109/20200109091215511.jpg', 1, 1, '', '', '', '', 0, 0, 0),
	(2, 0, '鑫豪斯', 'X', '', 1, 0, '', '', '', '', 0, 0, 0),
	(3, 0, '海康威视', 'H', '', 1, 3, '', '', '', '', 0, 0, 0);
/*!40000 ALTER TABLE `fly_goods_brand` ENABLE KEYS */;

-- 导出  表 erp_07fly_com.fly_goods_category 结构
CREATE TABLE IF NOT EXISTS `fly_goods_category` (
  `category_id` int(11) NOT NULL AUTO_INCREMENT,
  `category_name` varchar(50) NOT NULL DEFAULT '',
  `short_name` varchar(50) NOT NULL DEFAULT '' COMMENT '商品分类简称 ',
  `parent_id` int(11) NOT NULL DEFAULT '0',
  `level` tinyint(4) NOT NULL DEFAULT '0',
  `visible` int(11) NOT NULL DEFAULT '1' COMMENT '是否显示  1 显示 0 不显示',
  `attr_id` int(11) NOT NULL DEFAULT '0' COMMENT '关联商品类型ID',
  `attr_name` varchar(255) NOT NULL DEFAULT '' COMMENT '关联类型名称',
  `keywords` varchar(255) NOT NULL DEFAULT '' COMMENT '分类关键字用于seo',
  `description` varchar(255) NOT NULL DEFAULT '' COMMENT '分类描述用于seo',
  `sort` int(11) DEFAULT NULL,
  `category_pic` varchar(255) NOT NULL DEFAULT '' COMMENT '商品分类图片',
  `pc_custom_template` varchar(255) NOT NULL DEFAULT '' COMMENT 'pc端商品分类自定义模板',
  `wap_custom_template` varchar(255) NOT NULL DEFAULT '' COMMENT 'wap端商品分类自定义模板',
  PRIMARY KEY (`category_id`)
) ENGINE=MyISAM AUTO_INCREMENT=5 DEFAULT CHARSET=utf8 AVG_ROW_LENGTH=244 COMMENT='商品分类表';

-- 正在导出表  erp_07fly_com.fly_goods_category 的数据：4 rows
DELETE FROM `fly_goods_category`;
/*!40000 ALTER TABLE `fly_goods_category` DISABLE KEYS */;
INSERT INTO `fly_goods_category` (`category_id`, `category_name`, `short_name`, `parent_id`, `level`, `visible`, `attr_id`, `attr_name`, `keywords`, `description`, `sort`, `category_pic`, `pc_custom_template`, `wap_custom_template`) VALUES
	(1, '9191', '', 0, 0, 1, 0, '', '', '', 0, '', '', ''),
	(2, '安防监控', 'JK', 0, 0, 1, 0, '', 'JK', '视频监控', 1, '', '', ''),
	(3, '食品原料', 'spyl', 0, 0, 1, 0, '', '', '', 0, '', '', ''),
	(4, '转基因大豆', 'zjydd', 3, 0, 1, 0, '', '', '', 0, '', '', '');
/*!40000 ALTER TABLE `fly_goods_category` ENABLE KEYS */;

-- 导出  表 erp_07fly_com.fly_goods_img 结构
CREATE TABLE IF NOT EXISTS `fly_goods_img` (
  `img_id` int(10) unsigned NOT NULL AUTO_INCREMENT COMMENT 'ID',
  `goods_id` int(11) NOT NULL COMMENT '商品ID',
  `img_path` varchar(256) NOT NULL DEFAULT '' COMMENT '图片路径',
  PRIMARY KEY (`img_id`)
) ENGINE=MyISAM AUTO_INCREMENT=9 DEFAULT CHARSET=utf8 AVG_ROW_LENGTH=16384 COMMENT='商品图片';

-- 正在导出表  erp_07fly_com.fly_goods_img 的数据：3 rows
DELETE FROM `fly_goods_img`;
/*!40000 ALTER TABLE `fly_goods_img` DISABLE KEYS */;
INSERT INTO `fly_goods_img` (`img_id`, `goods_id`, `img_path`) VALUES
	(1, 4, '/upload/images/200119/20200119095059785.jpg'),
	(3, 5, '/upload/images/200301/20200301234334182.jpg'),
	(8, 8, '/upload/images/200328/20200328135141712.jpg');
/*!40000 ALTER TABLE `fly_goods_img` ENABLE KEYS */;

-- 导出  表 erp_07fly_com.fly_goods_sku 结构
CREATE TABLE IF NOT EXISTS `fly_goods_sku` (
  `sku_id` int(11) NOT NULL AUTO_INCREMENT COMMENT '表序号',
  `goods_id` int(11) NOT NULL DEFAULT '0' COMMENT '商品编号',
  `goods_name` varchar(500) NOT NULL DEFAULT '' COMMENT '商品名称',
  `sku_name` varchar(500) NOT NULL DEFAULT '' COMMENT 'SKU名称',
  `sku_value_items` varchar(255) NOT NULL DEFAULT '' COMMENT '属性和属性值 id串 attribute + attribute value 表ID分号分隔',
  `sku_value_items_format` varchar(500) NOT NULL DEFAULT '' COMMENT '属性和属性值id串组合json格式',
  `market_price` decimal(10,2) NOT NULL DEFAULT '0.00' COMMENT '市场价',
  `sale_price` decimal(10,2) NOT NULL DEFAULT '0.00' COMMENT '销售价格',
  `price` decimal(10,2) NOT NULL DEFAULT '0.00' COMMENT '价格',
  `promote_price` decimal(10,2) NOT NULL DEFAULT '0.00' COMMENT '促销价格',
  `cost_price` decimal(19,2) NOT NULL DEFAULT '0.00' COMMENT '成本价',
  `total_cost_money` decimal(19,2) NOT NULL DEFAULT '0.00' COMMENT '成本总金额',
  `total_sale_money` decimal(19,2) NOT NULL DEFAULT '0.00' COMMENT '销售总金额',
  `total_profit_money` decimal(19,2) NOT NULL DEFAULT '0.00' COMMENT '利润总金额',
  `stock` int(11) NOT NULL DEFAULT '0' COMMENT '库存',
  `picture` int(11) NOT NULL DEFAULT '0' COMMENT '如果是第一个sku编码, 可以加图片',
  `code` varchar(255) NOT NULL DEFAULT '' COMMENT '商家编码',
  `QRcode` varchar(255) NOT NULL DEFAULT '' COMMENT '商品二维码',
  `create_date` datetime DEFAULT NULL COMMENT '创建时间',
  `update_date` datetime DEFAULT NULL COMMENT '修改时间',
  PRIMARY KEY (`sku_id`)
) ENGINE=MyISAM AUTO_INCREMENT=19 DEFAULT CHARSET=utf8 AVG_ROW_LENGTH=481 COMMENT='商品skui规格价格库存信息表';

-- 正在导出表  erp_07fly_com.fly_goods_sku 的数据：13 rows
DELETE FROM `fly_goods_sku`;
/*!40000 ALTER TABLE `fly_goods_sku` DISABLE KEYS */;
INSERT INTO `fly_goods_sku` (`sku_id`, `goods_id`, `goods_name`, `sku_name`, `sku_value_items`, `sku_value_items_format`, `market_price`, `sale_price`, `price`, `promote_price`, `cost_price`, `total_cost_money`, `total_sale_money`, `total_profit_money`, `stock`, `picture`, `code`, `QRcode`, `create_date`, `update_date`) VALUES
	(1, 1, '零起飞网站建设', '零起飞网站建设', '1', '', 1000.00, 1000.00, 0.00, 0.00, 1000.00, 2000.00, 0.00, 0.00, 2, 0, '', '', '2020-01-09 09:14:13', '2020-01-09 09:14:13'),
	(2, 2, '1', '1', '2', '', 0.00, 0.00, 0.00, 0.00, 0.00, 0.00, 0.00, 0.00, 0, 0, '', '', '2020-01-14 10:05:51', '2020-01-14 10:05:51'),
	(3, 2, '1', '1', '1', '', 0.00, 10.00, 0.00, 0.00, 0.00, 0.00, 0.00, 0.00, 0, 0, '', '', '2020-01-14 10:06:21', '2020-01-14 10:06:21'),
	(4, 3, '9191', '9191', '3', '', 550.00, 0.00, 0.00, 0.00, 0.00, 0.00, 0.00, 0.00, 0, 0, '', '', '2020-01-14 16:49:18', '2020-01-14 16:49:18'),
	(5, 4, '9191', '9191', '4', '', 160.00, 0.00, 0.00, 0.00, 100000.00, 100000.00, 0.00, 0.00, 1, 0, '', '', '2020-01-14 16:52:52', '2020-01-14 16:52:52'),
	(6, 4, '9191', '9191', '9191', '', 160.00, 0.00, 0.00, 0.00, 100.00, 4100.00, 0.00, 0.00, 41, 0, '', '', '2020-01-19 09:51:04', '2020-01-19 09:51:04'),
	(7, 5, '海康200万像素摄像机', '海康200万像素摄像机', '5', '', 350.00, 380.00, 0.00, 0.00, 380.00, 760.00, 0.00, 0.00, 2, 0, '', '', '2020-02-09 00:07:11', '2020-02-09 00:07:11'),
	(8, 5, '海康200万像素摄像机', '海康200万像素摄像机', '海康200万像素摄像机', '', 350.00, 380.00, 0.00, 0.00, 351.43, 7028.58, 0.00, 0.00, 20, 0, '', '', '2020-03-11 20:03:36', '2020-03-11 20:03:36'),
	(11, 7, 'A46', 'A46', '7', '', 0.00, 0.00, 0.00, 0.00, 0.00, 0.00, 0.00, 0.00, 0, 0, '', '', '2020-03-27 13:01:51', '2020-03-27 13:01:51'),
	(17, 10, '电脑', '电脑', '10', '', 111.00, 111.00, 0.00, 0.00, 117.36, 1760.36, 0.00, 0.00, 15, 0, '', '', '2020-03-30 16:07:50', '2020-03-30 16:07:50'),
	(16, 9, '交换机', '交换机', '9', '', 0.00, 0.00, 0.00, 0.00, 0.00, 6000.00, 0.00, 0.00, 0, 0, '', '', '2020-03-30 13:36:35', '2020-03-30 13:36:35'),
	(15, 8, '1', '200万像素:', '4:6', '', 0.00, 0.00, 0.00, 0.00, 991.09, 100100.00, 0.00, 0.00, 101, 0, '', '', '2020-03-28 13:54:33', '2020-03-28 13:54:33'),
	(18, 9, '交换机', '交换机', '交换机', '', 0.00, 0.00, 0.00, 0.00, 100.00, 300.00, 0.00, 0.00, 3, 0, '', '', '2020-04-03 10:01:53', '2020-04-03 10:01:53');
/*!40000 ALTER TABLE `fly_goods_sku` ENABLE KEYS */;

-- 导出  表 erp_07fly_com.fly_goods_spec 结构
CREATE TABLE IF NOT EXISTS `fly_goods_spec` (
  `spec_id` int(11) NOT NULL AUTO_INCREMENT COMMENT '属性ID',
  `shop_id` int(11) NOT NULL DEFAULT '0' COMMENT '店铺ID',
  `spec_name` varchar(255) NOT NULL DEFAULT '' COMMENT '属性名称',
  `visible` tinyint(1) NOT NULL DEFAULT '0' COMMENT '是否可视',
  `sort` int(11) NOT NULL DEFAULT '0' COMMENT '排序',
  `show_type` int(11) NOT NULL DEFAULT '1' COMMENT '展示方式 1 文字 2 颜色 3 图片',
  `create_time` datetime DEFAULT NULL COMMENT '创建日期',
  `is_screen` tinyint(1) NOT NULL DEFAULT '1' COMMENT '是否参与筛选 0 不参与 1 参与',
  `spec_des` varchar(255) NOT NULL DEFAULT '' COMMENT '属性说明',
  `goods_id` int(11) DEFAULT '0' COMMENT '商品关联id',
  PRIMARY KEY (`spec_id`),
  KEY `IDX_category_props_categoryId` (`shop_id`),
  KEY `IDX_category_props_orders` (`sort`)
) ENGINE=MyISAM AUTO_INCREMENT=8 DEFAULT CHARSET=utf8 AVG_ROW_LENGTH=3276 COMMENT='商品属性（规格）表';

-- 正在导出表  erp_07fly_com.fly_goods_spec 的数据：7 rows
DELETE FROM `fly_goods_spec`;
/*!40000 ALTER TABLE `fly_goods_spec` DISABLE KEYS */;
INSERT INTO `fly_goods_spec` (`spec_id`, `shop_id`, `spec_name`, `visible`, `sort`, `show_type`, `create_time`, `is_screen`, `spec_des`, `goods_id`) VALUES
	(1, 0, 'B类', 1, 1, 1, '0000-00-00 00:00:00', 1, '', 0),
	(2, 0, 'G类', 1, 2, 1, '0000-00-00 00:00:00', 1, '', 0),
	(3, 0, '呀呀呀', 1, 12211221, 1, '0000-00-00 00:00:00', 1, '', 0),
	(4, 0, '200万像素', 1, 1, 1, '0000-00-00 00:00:00', 1, '', 0),
	(5, 0, 'A6', 1, 1, 1, '0000-00-00 00:00:00', 1, '', 0),
	(6, 0, '22', 1, 222, 1, '0000-00-00 00:00:00', 1, '', 0),
	(7, 0, '333', 1, 333, 1, '0000-00-00 00:00:00', 1, '', 0);
/*!40000 ALTER TABLE `fly_goods_spec` ENABLE KEYS */;

-- 导出  表 erp_07fly_com.fly_goods_spec_value 结构
CREATE TABLE IF NOT EXISTS `fly_goods_spec_value` (
  `spec_value_id` int(11) NOT NULL AUTO_INCREMENT COMMENT '商品属性值ID',
  `spec_id` int(11) NOT NULL COMMENT '商品属性ID',
  `spec_value_name` varchar(255) NOT NULL DEFAULT '' COMMENT '商品属性值名称',
  `spec_value_data` varchar(255) NOT NULL DEFAULT '' COMMENT '商品属性值数据',
  `is_visible` tinyint(1) NOT NULL DEFAULT '0' COMMENT '是否可视',
  `sort` int(11) NOT NULL DEFAULT '0' COMMENT '排序',
  `create_time` datetime DEFAULT NULL,
  `goods_id` int(11) NOT NULL DEFAULT '0' COMMENT '商品id',
  PRIMARY KEY (`spec_value_id`),
  KEY `IDX_category_propvalues_c_pId` (`spec_id`),
  KEY `IDX_category_propvalues_orders` (`sort`),
  KEY `IDX_category_propvalues_value` (`spec_value_name`)
) ENGINE=MyISAM AUTO_INCREMENT=12 DEFAULT CHARSET=utf8 AVG_ROW_LENGTH=1092 COMMENT='商品规格值模版表';

-- 正在导出表  erp_07fly_com.fly_goods_spec_value 的数据：11 rows
DELETE FROM `fly_goods_spec_value`;
/*!40000 ALTER TABLE `fly_goods_spec_value` DISABLE KEYS */;
INSERT INTO `fly_goods_spec_value` (`spec_value_id`, `spec_id`, `spec_value_name`, `spec_value_data`, `is_visible`, `sort`, `create_time`, `goods_id`) VALUES
	(1, 1, '是', '', 0, 0, '0000-00-00 00:00:00', 0),
	(2, 1, '否', '', 0, 1, '0000-00-00 00:00:00', 0),
	(3, 2, '否', '', 0, 0, '0000-00-00 00:00:00', 0),
	(4, 2, '是', '', 0, 1, '0000-00-00 00:00:00', 0),
	(5, 3, '', '', 0, 5, '0000-00-00 00:00:00', 0),
	(6, 4, '', '', 0, 0, '0000-00-00 00:00:00', 0),
	(7, 5, '品牌', '', 0, 0, '0000-00-00 00:00:00', 0),
	(8, 5, '序列号', '', 0, 0, '0000-00-00 00:00:00', 0),
	(9, 5, '牌照', '', 0, 0, '0000-00-00 00:00:00', 0),
	(10, 6, '', '', 0, 0, '0000-00-00 00:00:00', 0),
	(11, 7, '33', '', 0, 33, '0000-00-00 00:00:00', 0);
/*!40000 ALTER TABLE `fly_goods_spec_value` ENABLE KEYS */;

-- 导出  表 erp_07fly_com.fly_help 结构
CREATE TABLE IF NOT EXISTS `fly_help` (
  `id` int(16) NOT NULL AUTO_INCREMENT,
  `type_id` int(16) NOT NULL DEFAULT '0',
  `sort` int(16) NOT NULL DEFAULT '0',
  `title` varchar(256) NOT NULL,
  `keywords` varchar(256) NOT NULL,
  `description` varchar(1024) NOT NULL,
  `defaultimg` varchar(256) NOT NULL,
  `content` text NOT NULL,
  `adt` datetime DEFAULT NULL,
  PRIMARY KEY (`id`)
) ENGINE=MyISAM AUTO_INCREMENT=35 DEFAULT CHARSET=utf8;

-- 正在导出表  erp_07fly_com.fly_help 的数据：2 rows
DELETE FROM `fly_help`;
/*!40000 ALTER TABLE `fly_help` DISABLE KEYS */;
INSERT INTO `fly_help` (`id`, `type_id`, `sort`, `title`, `keywords`, `description`, `defaultimg`, `content`, `adt`) VALUES
	(31, 2, 100, '预订酒店要注意哪几点？', '预订酒店', '预订酒店要注意哪几点？', '', '<span style="font-family:微软雅黑, Arial, 宋体;font-size:12px;color:#999999;font-style: normal; font-variant-ligatures: normal; font-variant-caps: normal; font-weight: 400; letter-spacing: normal; orphans: 2; text-align: start; text-indent: 0px; text-transform: none; white-space: normal; widows: 2; word-spacing: 0px; -webkit-text-stroke-width: 0px; background-color: rgb(249, 249, 249); text-decoration-style: initial; text-decoration-color: initial; display: inline !important; float: none;">答： 1.酒店详情页下方的酒店特别提示：是需要提醒您注意的特别内容，请务必了解。 2.房型信息：包含每天的房价及是否含早餐、自助早餐价、加床价、是否有窗及是否无烟房信息。 3.入住信息： 到店时间：如无酒店特别提示，宾馆可根据到店时间进行保留，过时不到将予以取消。部分酒店有规定的最晚到店时间，如需预订时最晚到店时间超过酒店规定的最晚到店时间，须提供信用卡做担保，具体以系统提示为准。入住人数及姓名： (1)为了保证您预订的成功和积分积累，请正确填写每位入住登记人的真实姓名（证件用名），外宾请用先姓后名的方式（英文字母）填写。 (2)如预订香港的酒店，请用护照或港澳通行证上的英文或拼音填写，否则可能导致酒店不予确认。 4.联系信息： 请在联系人栏填写真实的联系人姓名、手机，以便房间有任何问题时，我们可以及时与您联系。</span>', '2018-07-20 15:58:32'),
	(32, 2, 100, '如何准确查询酒店信息？', '如何准确查询酒店信息？', '如何准确查询酒店信息？', '', '<p>答：</p><p>1.您可以通过酒店位置以及酒店名称关键字,酒店价格星级查询酒店。</p><p>2.您可以在首页通过&quot;查找身边酒店&quot;查找距离自己最近的酒店。在酒店列表可以通过选择距离范围扩大或缩小查询结果；</p>', '2018-07-20 16:00:51');
/*!40000 ALTER TABLE `fly_help` ENABLE KEYS */;

-- 导出  表 erp_07fly_com.fly_help_type 结构
CREATE TABLE IF NOT EXISTS `fly_help_type` (
  `id` int(16) unsigned NOT NULL AUTO_INCREMENT,
  `typename` varchar(256) NOT NULL,
  `typedir` varchar(256) NOT NULL,
  `typetag` text NOT NULL,
  `sort` int(11) NOT NULL,
  `visible` tinyint(2) NOT NULL DEFAULT '1',
  `intro` varchar(1024) DEFAULT NULL,
  `seotitle` varchar(256) NOT NULL,
  `keywords` varchar(256) NOT NULL,
  PRIMARY KEY (`id`)
) ENGINE=MyISAM AUTO_INCREMENT=5 DEFAULT CHARSET=utf8;

-- 正在导出表  erp_07fly_com.fly_help_type 的数据：3 rows
DELETE FROM `fly_help_type`;
/*!40000 ALTER TABLE `fly_help_type` DISABLE KEYS */;
INSERT INTO `fly_help_type` (`id`, `typename`, `typedir`, `typetag`, `sort`, `visible`, `intro`, `seotitle`, `keywords`) VALUES
	(2, '帮助中心', '', '', 1, 1, '', '', ''),
	(3, '常见问题', '', '', 2, 1, '常见问题', '', ''),
	(4, '常见问题2', '', '', 2, 1, '常见问题', '', '');
/*!40000 ALTER TABLE `fly_help_type` ENABLE KEYS */;

-- 导出  表 erp_07fly_com.fly_member 结构
CREATE TABLE IF NOT EXISTS `fly_member` (
  `member_id` int(16) NOT NULL AUTO_INCREMENT,
  `member_type_id` int(16) NOT NULL DEFAULT '0' COMMENT '会员分类编号',
  `account` varchar(32) NOT NULL,
  `password` varchar(32) NOT NULL,
  `password_pay` varchar(32) NOT NULL COMMENT '支付密码',
  `name` varchar(32) DEFAULT NULL COMMENT '姓名',
  `tel` varchar(32) DEFAULT NULL COMMENT '电话',
  `star` int(16) NOT NULL DEFAULT '5',
  `photo` varchar(256) DEFAULT NULL COMMENT '照片',
  `mobile` varchar(32) DEFAULT NULL COMMENT '手机',
  `qicq` varchar(32) DEFAULT NULL,
  `address` varchar(256) DEFAULT NULL,
  `email` varchar(128) DEFAULT NULL,
  `zipcode` varchar(256) DEFAULT NULL,
  `parent_id` int(16) NOT NULL DEFAULT '0' COMMENT '上级编号',
  `balance` decimal(10,2) unsigned NOT NULL COMMENT '帐号余额',
  `integral` decimal(10,2) unsigned NOT NULL COMMENT '帐号积分',
  `intro` varchar(1024) NOT NULL COMMENT '介绍',
  `login_ip` varchar(1024) NOT NULL COMMENT '上次登录IP',
  `sesseion_txt` varchar(256) DEFAULT NULL,
  `adt` datetime DEFAULT NULL COMMENT '注册时间',
  PRIMARY KEY (`member_id`)
) ENGINE=MyISAM AUTO_INCREMENT=10 DEFAULT CHARSET=utf8 COMMENT='会员表';

-- 正在导出表  erp_07fly_com.fly_member 的数据：8 rows
DELETE FROM `fly_member`;
/*!40000 ALTER TABLE `fly_member` DISABLE KEYS */;
INSERT INTO `fly_member` (`member_id`, `member_type_id`, `account`, `password`, `password_pay`, `name`, `tel`, `star`, `photo`, `mobile`, `qicq`, `address`, `email`, `zipcode`, `parent_id`, `balance`, `integral`, `intro`, `login_ip`, `sesseion_txt`, `adt`) VALUES
	(1, 1, '123456', '123456', '111111', '123', NULL, 5, NULL, '18800000001', NULL, NULL, NULL, NULL, 0, 0.00, 0.00, '', '', 'av67pjk4tcnp81m47n5eo6pd94', '2018-12-05 16:37:11'),
	(2, 1, '18800000002', '111aaa', '111111', '123', NULL, 5, NULL, '18800000002', NULL, NULL, NULL, NULL, 1, 0.00, 0.00, '', '', NULL, '2018-12-05 16:40:00'),
	(5, 1, '18800000004', '111aaa', '111111', '123', NULL, 5, NULL, '18800000004', NULL, NULL, NULL, NULL, 4, 0.00, 0.00, '', '', NULL, '2018-12-05 16:40:59'),
	(4, 1, '18800000003', '111aaa', '123456', '123', NULL, 5, NULL, '18800000003', NULL, NULL, NULL, NULL, 2, 99889.00, 0.00, '', '', 'qojttinlig5bmve6p9rf92ep26', '2018-12-05 16:40:19'),
	(6, 0, '18800000004', '123abc', '123456', '123', NULL, 5, NULL, '18800000004', NULL, NULL, NULL, NULL, 0, 0.00, 0.00, '', '', NULL, '2018-12-07 17:48:29'),
	(7, 0, '18800000004', '123abc', '123456', '123', NULL, 5, NULL, '18800000004', NULL, NULL, NULL, NULL, 0, 0.00, 0.00, '', '', NULL, '2018-12-07 18:05:07'),
	(8, 0, '18800000004', '123abc', '123456', '123', NULL, 5, NULL, '18800000004', NULL, NULL, NULL, NULL, 0, 0.00, 0.00, '', '', NULL, '2018-12-07 18:05:11'),
	(9, 0, '18800000005', '111aaa', '123456', '123', NULL, 5, NULL, '18800000005', NULL, NULL, NULL, NULL, 0, 0.00, 0.00, '', '', 't8tpg84llhafbm0tekmc0krgu2', '2018-12-07 18:08:09');
/*!40000 ALTER TABLE `fly_member` ENABLE KEYS */;

-- 导出  表 erp_07fly_com.fly_member_address 结构
CREATE TABLE IF NOT EXISTS `fly_member_address` (
  `id` int(16) unsigned NOT NULL AUTO_INCREMENT,
  `name` varchar(256) NOT NULL,
  `address` varchar(256) NOT NULL,
  `ifdefault` int(11) NOT NULL DEFAULT '0',
  `member_id` int(11) NOT NULL DEFAULT '0',
  `mobile` varchar(64) NOT NULL,
  `adt` datetime NOT NULL,
  PRIMARY KEY (`id`)
) ENGINE=MyISAM AUTO_INCREMENT=12 DEFAULT CHARSET=utf8 COMMENT='卡记录';

-- 正在导出表  erp_07fly_com.fly_member_address 的数据：8 rows
DELETE FROM `fly_member_address`;
/*!40000 ALTER TABLE `fly_member_address` DISABLE KEYS */;
INSERT INTO `fly_member_address` (`id`, `name`, `address`, `ifdefault`, `member_id`, `mobile`, `adt`) VALUES
	(4, 'miss zhang', '大中国地区来了', 1, 17, '19012343434', '0000-00-00 00:00:00'),
	(3, '不四', '成都市大天路', 1, 7, '18998765432', '0000-00-00 00:00:00'),
	(6, '张三', '大成都', 0, 1, '13012345678', '0000-00-00 00:00:00'),
	(7, '李四1', '小成都', 1, 1, '14087654321', '0000-00-00 00:00:00'),
	(8, '姓名了来了', '大中国呀', 1, 26, '19812132121', '0000-00-00 00:00:00'),
	(9, '苦茜', '美国大加', 0, 27, '13090908787', '0000-00-00 00:00:00'),
	(10, '111', '111', 0, 18, '13590908989', '0000-00-00 00:00:00'),
	(11, '李大爷', '成都市天河路888号二楼', 0, 4, '18030402156', '0000-00-00 00:00:00');
/*!40000 ALTER TABLE `fly_member_address` ENABLE KEYS */;

-- 导出  表 erp_07fly_com.fly_member_card 结构
CREATE TABLE IF NOT EXISTS `fly_member_card` (
  `id` int(16) unsigned NOT NULL AUTO_INCREMENT,
  `member_id` int(11) NOT NULL,
  `name` varchar(256) NOT NULL,
  `cardname` char(128) NOT NULL,
  `cardnumber` varchar(64) NOT NULL,
  `cardaddress` varchar(64) NOT NULL,
  `ifdefault` int(11) NOT NULL DEFAULT '0',
  `adt` datetime NOT NULL,
  PRIMARY KEY (`id`)
) ENGINE=MyISAM AUTO_INCREMENT=9 DEFAULT CHARSET=utf8 COMMENT='卡记录';

-- 正在导出表  erp_07fly_com.fly_member_card 的数据：8 rows
DELETE FROM `fly_member_card`;
/*!40000 ALTER TABLE `fly_member_card` DISABLE KEYS */;
INSERT INTO `fly_member_card` (`id`, `member_id`, `name`, `cardname`, `cardnumber`, `cardaddress`, `ifdefault`, `adt`) VALUES
	(1, 2, '张三', '中国农业银行', '9097013413413413414', '', 0, '2018-05-18 11:48:54'),
	(2, 2, '职工', '中国农业银行', '9097013413413413414', '', 0, '2018-05-18 11:49:49'),
	(3, 7, '浙江商业银行', '不三', '9130971351341344134', '成都武城支行', 1, '0000-00-00 00:00:00'),
	(4, 7, '中国银行', '不四', '55499466976198874444', '成都天府广场支行', 0, '0000-00-00 00:00:00'),
	(5, 1, '成都分行222', '成都', '1334141341234133333', '成都分行2222', 1, '0000-00-00 00:00:00'),
	(6, 15, '公告管理', '1111111111', '111111111', '111111111111111111111', 0, '0000-00-00 00:00:00'),
	(7, 16, '222222222', '222', '2222222222222222', '222222222222', 0, '0000-00-00 00:00:00'),
	(8, 26, '世界银行啊', '341341324', '132412341', '23413241234', 0, '0000-00-00 00:00:00');
/*!40000 ALTER TABLE `fly_member_card` ENABLE KEYS */;

-- 导出  表 erp_07fly_com.fly_member_notice 结构
CREATE TABLE IF NOT EXISTS `fly_member_notice` (
  `id` int(16) NOT NULL AUTO_INCREMENT,
  `member_id` int(16) NOT NULL DEFAULT '0',
  `title` varchar(256) NOT NULL,
  `content` text NOT NULL,
  `adt` datetime DEFAULT NULL,
  PRIMARY KEY (`id`)
) ENGINE=MyISAM AUTO_INCREMENT=108 DEFAULT CHARSET=utf8 COMMENT='会员通知记录表';

-- 正在导出表  erp_07fly_com.fly_member_notice 的数据：82 rows
DELETE FROM `fly_member_notice`;
/*!40000 ALTER TABLE `fly_member_notice` DISABLE KEYS */;
INSERT INTO `fly_member_notice` (`id`, `member_id`, `title`, `content`, `adt`) VALUES
	(26, 10, '', '你申请的店铺已经通过了你申请的店铺已经通过了你申请的店铺已经通过了你申请的店铺已经通过了你申请的店铺已经通过了你申请的店铺已经通过了你申请的店铺已经通过了', '2018-06-17 10:49:42'),
	(27, 11, '', '你申请的店铺审核未通过', '2018-06-26 11:02:03'),
	(28, 11, '', '你申请的店铺已经通过了', '2018-06-26 11:02:31'),
	(29, 11, '', '你申请的店铺审核未通过', '2018-06-26 11:02:43'),
	(30, 27, '', '你申请的店铺已经通过了', '2018-06-26 11:07:50'),
	(31, 27, '', '你申请的店铺审核未通过', '2018-06-26 11:08:04'),
	(32, 27, '', '你申请的店铺已经通过了', '2018-06-26 11:11:42'),
	(33, 18, '', '你申请的店铺已经通过了', '2018-07-02 09:34:59'),
	(34, 1, '', '你申请的店铺审核暂未通过', '2018-11-22 13:14:37'),
	(35, 1, '', '你申请的店铺审核暂未通过', '2018-11-22 13:14:37'),
	(36, 1, '', '你申请的店铺审核暂未通过', '2018-11-22 13:14:37'),
	(37, 1, '', '你申请的店铺审核暂未通过', '2018-11-22 13:14:37'),
	(38, 1, '', '你申请的店铺审核暂未通过', '2018-11-22 13:14:37'),
	(39, 15, '', '你申请的店铺审核暂未通过', '2018-11-22 13:14:37'),
	(40, 27, '', '你申请的店铺审核暂未通过', '2018-11-22 13:14:37'),
	(41, 18, '', '你申请的店铺审核暂未通过', '2018-11-22 13:14:37'),
	(42, 1, '', '你申请的店铺审核暂未通过', '2018-11-22 13:15:16'),
	(43, 1, '', '你申请的店铺审核暂未通过', '2018-11-22 13:15:16'),
	(44, 1, '', '你申请的店铺审核暂未通过', '2018-11-22 13:15:16'),
	(45, 1, '', '你申请的店铺审核暂未通过', '2018-11-22 13:15:16'),
	(46, 1, '', '你申请的店铺审核暂未通过', '2018-11-22 13:15:16'),
	(47, 15, '', '你申请的店铺审核暂未通过', '2018-11-22 13:15:16'),
	(48, 27, '', '你申请的店铺审核暂未通过', '2018-11-22 13:15:16'),
	(49, 18, '', '你申请的店铺审核暂未通过', '2018-11-22 13:15:16'),
	(50, 1, '', '你申请的店铺审核暂未通过', '2018-11-22 13:16:23'),
	(51, 1, '', '你申请的店铺审核暂未通过', '2018-11-22 13:16:23'),
	(52, 1, '', '你申请的店铺审核暂未通过', '2018-11-22 13:16:23'),
	(53, 1, '', '你申请的店铺审核暂未通过', '2018-11-22 13:16:23'),
	(54, 1, '', '你申请的店铺审核暂未通过', '2018-11-22 13:16:23'),
	(55, 15, '', '你申请的店铺审核暂未通过', '2018-11-22 13:16:23'),
	(56, 27, '', '你申请的店铺审核暂未通过', '2018-11-22 13:16:23'),
	(57, 18, '', '你申请的店铺审核暂未通过', '2018-11-22 13:16:23'),
	(58, 1, '', '你申请的店铺审核暂未通过', '2018-11-22 13:17:09'),
	(59, 1, '', '你申请的店铺审核暂未通过', '2018-11-22 13:17:09'),
	(60, 1, '', '你申请的店铺审核暂未通过', '2018-11-22 13:17:09'),
	(61, 1, '', '你申请的店铺审核暂未通过', '2018-11-22 13:17:09'),
	(62, 1, '', '你申请的店铺审核暂未通过', '2018-11-22 13:17:09'),
	(63, 15, '', '你申请的店铺审核暂未通过', '2018-11-22 13:17:09'),
	(64, 27, '', '你申请的店铺审核暂未通过', '2018-11-22 13:17:09'),
	(65, 18, '', '你申请的店铺审核暂未通过', '2018-11-22 13:17:09'),
	(66, 1, '', '你申请的店铺审核暂未通过', '2018-11-22 13:18:12'),
	(67, 1, '', '你申请的店铺审核暂未通过', '2018-11-22 13:18:12'),
	(68, 1, '', '你申请的店铺审核暂未通过', '2018-11-22 13:18:12'),
	(69, 1, '', '你申请的店铺审核暂未通过', '2018-11-22 13:18:12'),
	(70, 1, '', '你申请的店铺审核暂未通过', '2018-11-22 13:18:12'),
	(71, 15, '', '你申请的店铺审核暂未通过', '2018-11-22 13:18:12'),
	(72, 27, '', '你申请的店铺审核暂未通过', '2018-11-22 13:18:12'),
	(73, 18, '', '你申请的店铺审核暂未通过', '2018-11-22 13:18:12'),
	(74, 1, '', '你申请的店铺审核暂未通过', '2018-11-22 13:18:34'),
	(75, 1, '', '你申请的店铺审核暂未通过', '2018-11-22 13:18:34'),
	(76, 1, '', '你申请的店铺审核暂未通过', '2018-11-22 13:18:34'),
	(77, 1, '', '你申请的店铺审核暂未通过', '2018-11-22 13:18:34'),
	(78, 1, '', '你申请的店铺审核暂未通过', '2018-11-22 13:18:34'),
	(79, 15, '', '你申请的店铺审核暂未通过', '2018-11-22 13:18:34'),
	(80, 27, '', '你申请的店铺审核暂未通过', '2018-11-22 13:18:34'),
	(81, 18, '', '你申请的店铺审核暂未通过', '2018-11-22 13:18:34'),
	(82, 1, '', '你申请的店铺审核暂未通过', '2018-11-22 13:19:13'),
	(83, 1, '', '你申请的店铺审核暂未通过', '2018-11-22 13:19:13'),
	(84, 1, '', '你申请的店铺审核暂未通过', '2018-11-22 13:19:13'),
	(85, 1, '', '你申请的店铺审核暂未通过', '2018-11-22 13:19:13'),
	(86, 1, '', '你申请的店铺审核暂未通过', '2018-11-22 13:19:13'),
	(87, 15, '', '你申请的店铺审核暂未通过', '2018-11-22 13:19:13'),
	(88, 27, '', '你申请的店铺审核暂未通过', '2018-11-22 13:19:13'),
	(89, 18, '', '你申请的店铺审核暂未通过', '2018-11-22 13:19:13'),
	(90, 1, '', '你申请的店铺审核暂未通过', '2018-11-22 13:19:19'),
	(91, 1, '', '你申请的店铺审核暂未通过', '2018-11-22 13:19:19'),
	(92, 1, '', '你申请的店铺审核暂未通过', '2018-11-22 13:19:19'),
	(93, 1, '', '你申请的店铺审核暂未通过', '2018-11-22 13:19:19'),
	(94, 1, '', '你申请的店铺审核暂未通过', '2018-11-22 13:19:19'),
	(95, 15, '', '你申请的店铺审核暂未通过', '2018-11-22 13:19:19'),
	(96, 27, '', '你申请的店铺审核暂未通过', '2018-11-22 13:19:19'),
	(97, 18, '', '你申请的店铺审核暂未通过', '2018-11-22 13:19:19'),
	(98, 1, '', '你申请的店铺审核暂未通过', '2018-11-22 13:19:58'),
	(99, 1, '', '你申请的店铺审核暂未通过', '2018-11-22 13:19:58'),
	(100, 1, '', '你申请的店铺审核暂未通过', '2018-11-22 13:19:58'),
	(101, 1, '', '你申请的店铺审核暂未通过', '2018-11-22 13:19:58'),
	(102, 1, '', '你申请的店铺审核暂未通过', '2018-11-22 13:19:58'),
	(103, 15, '', '你申请的店铺审核暂未通过', '2018-11-22 13:19:58'),
	(104, 27, '', '你申请的店铺审核暂未通过', '2018-11-22 13:19:58'),
	(105, 18, '', '你申请的店铺审核暂未通过', '2018-11-22 13:19:58'),
	(106, 18, '', '你申请的店铺已经通过了', '2018-11-22 13:21:15'),
	(107, 18, '', '你申请的店铺审核暂未通过', '2018-11-22 13:21:22');
/*!40000 ALTER TABLE `fly_member_notice` ENABLE KEYS */;

-- 导出  表 erp_07fly_com.fly_member_quick 结构
CREATE TABLE IF NOT EXISTS `fly_member_quick` (
  `id` int(16) unsigned NOT NULL AUTO_INCREMENT,
  `money` decimal(10,2) NOT NULL COMMENT '订单金额',
  `money_dist` decimal(10,2) NOT NULL COMMENT '订单佣金',
  `integral` decimal(10,2) NOT NULL DEFAULT '0.00',
  `quick_member_id` int(11) NOT NULL COMMENT '获得佣金会员id',
  `member_layers` int(11) NOT NULL COMMENT '会员层数',
  `member_rate` float NOT NULL COMMENT '所在比例',
  `buyer_member_id` int(11) NOT NULL COMMENT '消费会员的id',
  `goods_order_id` int(11) NOT NULL COMMENT '消费订单编号',
  `intro` varchar(256) NOT NULL COMMENT '介绍',
  `adt` datetime NOT NULL,
  `ifpay` int(11) NOT NULL DEFAULT '0' COMMENT '佣金状态',
  `pay_adt` datetime NOT NULL,
  PRIMARY KEY (`id`)
) ENGINE=MyISAM AUTO_INCREMENT=17 DEFAULT CHARSET=utf8 COMMENT='佣金记录';

-- 正在导出表  erp_07fly_com.fly_member_quick 的数据：16 rows
DELETE FROM `fly_member_quick`;
/*!40000 ALTER TABLE `fly_member_quick` DISABLE KEYS */;
INSERT INTO `fly_member_quick` (`id`, `money`, `money_dist`, `integral`, `quick_member_id`, `member_layers`, `member_rate`, `buyer_member_id`, `goods_order_id`, `intro`, `adt`, `ifpay`, `pay_adt`) VALUES
	(1, 222.00, 11.10, 0.00, 4, 0, 0.05, 4, 3, '佣金:下级返点', '2018-12-05 17:36:22', 0, '0000-00-00 00:00:00'),
	(2, 222.00, 8.88, 0.00, 2, 1, 0.04, 4, 3, '佣金:下级返点', '2018-12-05 17:36:22', 0, '0000-00-00 00:00:00'),
	(3, 222.00, 6.66, 0.00, 1, 2, 0.03, 4, 3, '佣金:下级返点', '2018-12-05 17:36:22', 0, '0000-00-00 00:00:00'),
	(4, 222.00, 11.10, 0.00, 4, 0, 0.05, 4, 1, '佣金:下级返点', '2018-12-05 18:08:02', 0, '0000-00-00 00:00:00'),
	(5, 222.00, 8.88, 0.00, 2, 1, 0.04, 4, 1, '佣金:下级返点', '2018-12-05 18:08:02', 0, '0000-00-00 00:00:00'),
	(6, 222.00, 6.66, 0.00, 1, 2, 0.03, 4, 1, '佣金:下级返点', '2018-12-05 18:08:02', 0, '0000-00-00 00:00:00'),
	(7, 222.00, 11.10, 0.00, 4, 0, 0.05, 4, 1, '佣金:下级返点', '2018-12-05 18:08:18', 0, '0000-00-00 00:00:00'),
	(8, 222.00, 8.88, 0.00, 2, 1, 0.04, 4, 1, '佣金:下级返点', '2018-12-05 18:08:18', 0, '0000-00-00 00:00:00'),
	(9, 222.00, 6.66, 0.00, 1, 2, 0.03, 4, 1, '佣金:下级返点', '2018-12-05 18:08:18', 0, '0000-00-00 00:00:00'),
	(10, 222.00, 11.10, 0.00, 1, 0, 0.05, 1, 8, '佣金:下级返点', '2018-12-05 22:03:51', 0, '0000-00-00 00:00:00'),
	(11, 111.00, 5.55, 0.00, 4, 0, 0.05, 4, 9, '佣金:下级返点', '2018-12-06 15:00:25', 0, '0000-00-00 00:00:00'),
	(12, 111.00, 4.44, 0.00, 2, 1, 0.04, 4, 9, '佣金:下级返点', '2018-12-06 15:00:25', 0, '0000-00-00 00:00:00'),
	(13, 111.00, 3.33, 0.00, 1, 2, 0.03, 4, 9, '佣金:下级返点', '2018-12-06 15:00:25', 0, '0000-00-00 00:00:00'),
	(14, 111.00, 5.55, 0.00, 4, 0, 0.05, 4, 9, '佣金:下级返点', '2018-12-06 15:03:07', 0, '0000-00-00 00:00:00'),
	(15, 111.00, 4.44, 0.00, 2, 1, 0.04, 4, 9, '佣金:下级返点', '2018-12-06 15:03:07', 0, '0000-00-00 00:00:00'),
	(16, 111.00, 3.33, 0.00, 1, 2, 0.03, 4, 9, '佣金:下级返点', '2018-12-06 15:03:07', 0, '0000-00-00 00:00:00');
/*!40000 ALTER TABLE `fly_member_quick` ENABLE KEYS */;

-- 导出  表 erp_07fly_com.fly_member_tree 结构
CREATE TABLE IF NOT EXISTS `fly_member_tree` (
  `id` int(16) NOT NULL AUTO_INCREMENT,
  `ancestor` int(11) NOT NULL COMMENT '父编号',
  `descendant` int(11) NOT NULL COMMENT '子编号',
  PRIMARY KEY (`id`)
) ENGINE=MyISAM AUTO_INCREMENT=17 DEFAULT CHARSET=utf8 COMMENT='会员等级关系树形表';

-- 正在导出表  erp_07fly_com.fly_member_tree 的数据：16 rows
DELETE FROM `fly_member_tree`;
/*!40000 ALTER TABLE `fly_member_tree` DISABLE KEYS */;
INSERT INTO `fly_member_tree` (`id`, `ancestor`, `descendant`) VALUES
	(1, 1, 1),
	(2, 1, 2),
	(3, 2, 2),
	(4, 1, 3),
	(5, 3, 3),
	(6, 1, 4),
	(7, 2, 4),
	(8, 4, 4),
	(9, 1, 5),
	(10, 2, 5),
	(11, 4, 5),
	(12, 5, 5),
	(13, 6, 6),
	(14, 7, 7),
	(15, 8, 8),
	(16, 9, 9);
/*!40000 ALTER TABLE `fly_member_tree` ENABLE KEYS */;

-- 导出  表 erp_07fly_com.fly_member_type 结构
CREATE TABLE IF NOT EXISTS `fly_member_type` (
  `id` int(16) unsigned NOT NULL AUTO_INCREMENT,
  `typename` varchar(256) NOT NULL COMMENT '分类名称',
  `typedir` varchar(256) NOT NULL,
  `typetag` text NOT NULL,
  `sort` int(11) NOT NULL COMMENT '排序',
  `visible` tinyint(2) NOT NULL DEFAULT '1' COMMENT '是否显示',
  `intro` varchar(1024) DEFAULT NULL COMMENT '介绍',
  `seotitle` varchar(256) NOT NULL,
  `keywords` varchar(256) NOT NULL,
  PRIMARY KEY (`id`)
) ENGINE=MyISAM AUTO_INCREMENT=3 DEFAULT CHARSET=utf8 COMMENT='会员分组';

-- 正在导出表  erp_07fly_com.fly_member_type 的数据：2 rows
DELETE FROM `fly_member_type`;
/*!40000 ALTER TABLE `fly_member_type` DISABLE KEYS */;
INSERT INTO `fly_member_type` (`id`, `typename`, `typedir`, `typetag`, `sort`, `visible`, `intro`, `seotitle`, `keywords`) VALUES
	(1, '初级会员', '', '', 1, 1, '刚开始注册会员', '', ''),
	(2, '中级会员', '', '', 2, 1, '升级了之后的', '', '');
/*!40000 ALTER TABLE `fly_member_type` ENABLE KEYS */;

-- 导出  表 erp_07fly_com.fly_member_type_dist 结构
CREATE TABLE IF NOT EXISTS `fly_member_type_dist` (
  `id` int(16) unsigned NOT NULL AUTO_INCREMENT,
  `layers` int(11) NOT NULL COMMENT '层数',
  `member_type_id` int(11) NOT NULL COMMENT '会员组id',
  `rate` float NOT NULL COMMENT '提成比率',
  PRIMARY KEY (`id`)
) ENGINE=MyISAM AUTO_INCREMENT=16 DEFAULT CHARSET=utf8 COMMENT='会员组分销设置兑换';

-- 正在导出表  erp_07fly_com.fly_member_type_dist 的数据：6 rows
DELETE FROM `fly_member_type_dist`;
/*!40000 ALTER TABLE `fly_member_type_dist` DISABLE KEYS */;
INSERT INTO `fly_member_type_dist` (`id`, `layers`, `member_type_id`, `rate`) VALUES
	(12, 2, 1, 0.03),
	(11, 1, 1, 0.04),
	(10, 0, 1, 0.05),
	(13, 0, 2, 0.02),
	(14, 1, 2, 0.01),
	(15, 2, 2, 0.005);
/*!40000 ALTER TABLE `fly_member_type_dist` ENABLE KEYS */;

-- 导出  表 erp_07fly_com.fly_news 结构
CREATE TABLE IF NOT EXISTS `fly_news` (
  `id` int(16) NOT NULL AUTO_INCREMENT,
  `type_id` int(16) NOT NULL DEFAULT '0',
  `sort` int(16) NOT NULL DEFAULT '0',
  `title` varchar(256) NOT NULL,
  `keywords` varchar(256) NOT NULL,
  `description` varchar(1024) NOT NULL,
  `defaultimg` varchar(256) NOT NULL,
  `content` text NOT NULL,
  `adt` datetime DEFAULT NULL,
  PRIMARY KEY (`id`)
) ENGINE=MyISAM AUTO_INCREMENT=37 DEFAULT CHARSET=utf8;

-- 正在导出表  erp_07fly_com.fly_news 的数据：11 rows
DELETE FROM `fly_news`;
/*!40000 ALTER TABLE `fly_news` DISABLE KEYS */;
INSERT INTO `fly_news` (`id`, `type_id`, `sort`, `title`, `keywords`, `description`, `defaultimg`, `content`, `adt`) VALUES
	(26, 1, 100, '想躲过拥挤人潮？上海迪士尼要这么玩', '', '', '', '<div class="f-block" style="margin: 0px; padding: 0px; word-wrap: break-word; color: rgb(102, 102, 102); font-family: Arial, &quot;Lucida Grande&quot;, &quot;Microsoft Yahei&quot;, &quot;Hiragino Sans GB&quot;, &quot;Hiragino Sans GB W3&quot;, SimSun, &quot;PingFang SC&quot;, STHeiti; font-size: 12px; font-style: normal; font-variant-ligatures: normal; font-variant-caps: normal; font-weight: 400; letter-spacing: normal; orphans: 2; text-align: start; text-indent: 0px; text-transform: none; white-space: normal; widows: 2; word-spacing: 0px; -webkit-text-stroke-width: 0px; text-decoration-style: initial; text-decoration-color: initial;"><div class="p-section" style="margin: 13px 0px 28px; padding: 0px; word-wrap: break-word; font-size: 14px; line-height: 26px; word-break: break-all;">在迪士尼乐园，多玩项目肯定是一天的重点。上海迪士尼络绎不绝的人潮，如何才能规避冗长的队伍？有一项园区推出的措施可以让你合理“插队”！这项“插队”利器叫做<strong style="font-weight: bold; color: rgb(51, 51, 51);">快速通行卡(Fastpass)</strong>。</div></div><div class="f-block" id="_j_paragraph_1" style="margin: 0px; padding: 0px; word-wrap: break-word; color: rgb(102, 102, 102); font-family: Arial, &quot;Lucida Grande&quot;, &quot;Microsoft Yahei&quot;, &quot;Hiragino Sans GB&quot;, &quot;Hiragino Sans GB W3&quot;, SimSun, &quot;PingFang SC&quot;, STHeiti; font-size: 12px; font-style: normal; font-variant-ligatures: normal; font-variant-caps: normal; font-weight: 400; letter-spacing: normal; orphans: 2; text-align: start; text-indent: 0px; text-transform: none; white-space: normal; widows: 2; word-spacing: 0px; -webkit-text-stroke-width: 0px; text-decoration-style: initial; text-decoration-color: initial;"><h2 style="margin: 18px 0px; padding: 0px; font-size: 24px; color: rgb(51, 51, 51);">巧用快速通行卡 Fastpass</h2></div><div class="f-block" id="_j_paragraph_2" style="margin: 0px; padding: 0px; word-wrap: break-word; color: rgb(102, 102, 102); font-family: Arial, &quot;Lucida Grande&quot;, &quot;Microsoft Yahei&quot;, &quot;Hiragino Sans GB&quot;, &quot;Hiragino Sans GB W3&quot;, SimSun, &quot;PingFang SC&quot;, STHeiti; font-size: 12px; font-style: normal; font-variant-ligatures: normal; font-variant-caps: normal; font-weight: 400; letter-spacing: normal; orphans: 2; text-align: start; text-indent: 0px; text-transform: none; white-space: normal; widows: 2; word-spacing: 0px; -webkit-text-stroke-width: 0px; text-decoration-style: initial; text-decoration-color: initial;"><h3 style="margin: 15px 0px; padding: 0px; font-size: 18px; color: rgb(51, 51, 51);">什么是快速通行卡？</h3></div><div class="f-block" style="margin: 0px; padding: 0px; word-wrap: break-word; color: rgb(102, 102, 102); font-family: Arial, &quot;Lucida Grande&quot;, &quot;Microsoft Yahei&quot;, &quot;Hiragino Sans GB&quot;, &quot;Hiragino Sans GB W3&quot;, SimSun, &quot;PingFang SC&quot;, STHeiti; font-size: 12px; font-style: normal; font-variant-ligatures: normal; font-variant-caps: normal; font-weight: 400; letter-spacing: normal; orphans: 2; text-align: start; text-indent: 0px; text-transform: none; white-space: normal; widows: 2; word-spacing: 0px; -webkit-text-stroke-width: 0px; text-decoration-style: initial; text-decoration-color: initial;"><img class="_j_lazyload" src="https://p4-q.mafengwo.net/s9/M00/DC/23/wKgBs1cUlruAGTLaAAHjoNEe4vc73.jpeg?imageView2%2F2%2Fw%2F680%2Fq%2F90" data-src="https://p4-q.mafengwo.net/s9/M00/DC/23/wKgBs1cUlruAGTLaAAHjoNEe4vc73.jpeg?imageView2%2F2%2Fw%2F680%2Fq%2F90" data-rt-src="https://p4-q.mafengwo.net/s9/M00/DC/23/wKgBs1cUlruAGTLaAAHjoNEe4vc73.jpeg?imageView2%2F2%2Fw%2F1360%2Fq%2F90" style="border: 0px; vertical-align: middle; max-width: 100%; margin: 10px 0px; display: block; height: 434px; width: 579px; background: rgb(252, 242, 220);" alt="" /><span class="img-an" style="color:#999999;">图：Fastpass专用通道与普通排队通道。</span></div><div class="f-block" style="margin: 0px; padding: 0px; word-wrap: break-word; color: rgb(102, 102, 102); font-family: Arial, &quot;Lucida Grande&quot;, &quot;Microsoft Yahei&quot;, &quot;Hiragino Sans GB&quot;, &quot;Hiragino Sans GB W3&quot;, SimSun, &quot;PingFang SC&quot;, STHeiti; font-size: 12px; font-style: normal; font-variant-ligatures: normal; font-variant-caps: normal; font-weight: 400; letter-spacing: normal; orphans: 2; text-align: start; text-indent: 0px; text-transform: none; white-space: normal; widows: 2; word-spacing: 0px; -webkit-text-stroke-width: 0px; text-decoration-style: initial; text-decoration-color: initial;"><div class="p-section" style="margin: 13px 0px 28px; padding: 0px; word-wrap: break-word; font-size: 14px; line-height: 26px; word-break: break-all;">快速通行卡(Fastpass)是迪士尼乐园为应对游客较长等候时间而实行的一种游乐项目快捷搭乘方式。游客可以在热门项目上免费领取快速通行卡，在卡上显示的时间内返回该项目的排队区，即可不用排队直接体验此设施。</div></div><div class="f-block" id="_j_paragraph_3" style="margin: 0px; padding: 0px; word-wrap: break-word; color: rgb(102, 102, 102); font-family: Arial, &quot;Lucida Grande&quot;, &quot;Microsoft Yahei&quot;, &quot;Hiragino Sans GB&quot;, &quot;Hiragino Sans GB W3&quot;, SimSun, &quot;PingFang SC&quot;, STHeiti; font-size: 12px; font-style: normal; font-variant-ligatures: normal; font-variant-caps: normal; font-weight: 400; letter-spacing: normal; orphans: 2; text-align: start; text-indent: 0px; text-transform: none; white-space: normal; widows: 2; word-spacing: 0px; -webkit-text-stroke-width: 0px; text-decoration-style: initial; text-decoration-color: initial;"><h3 style="margin: 15px 0px; padding: 0px; font-size: 18px; color: rgb(51, 51, 51);">哪里取快速通行卡？</h3></div><div class="f-block" style="margin: 0px; padding: 0px; word-wrap: break-word; color: rgb(102, 102, 102); font-family: Arial, &quot;Lucida Grande&quot;, &quot;Microsoft Yahei&quot;, &quot;Hiragino Sans GB&quot;, &quot;Hiragino Sans GB W3&quot;, SimSun, &quot;PingFang SC&quot;, STHeiti; font-size: 12px; font-style: normal; font-variant-ligatures: normal; font-variant-caps: normal; font-weight: 400; letter-spacing: normal; orphans: 2; text-align: start; text-indent: 0px; text-transform: none; white-space: normal; widows: 2; word-spacing: 0px; -webkit-text-stroke-width: 0px; text-decoration-style: initial; text-decoration-color: initial;"><div class="p-section" style="margin: 13px 0px 28px; padding: 0px; word-wrap: break-word; font-size: 14px; line-height: 26px; word-break: break-all;">领取快速通行卡目前有两种方式，<strong style="font-weight: bold; color: rgb(51, 51, 51);">一种为利用门票，在乐园内4处快通卡服务中心提取，另一种为提前下载乐园官方APP，直接在APP上进行操作领取。</strong>直接使用APP也是最方便的方式，免除项目间来回奔走的劳顿。</div></div><div class="f-block" style="margin: 0px; padding: 0px; word-wrap: break-word; color: rgb(102, 102, 102); font-family: Arial, &quot;Lucida Grande&quot;, &quot;Microsoft Yahei&quot;, &quot;Hiragino Sans GB&quot;, &quot;Hiragino Sans GB W3&quot;, SimSun, &quot;PingFang SC&quot;, STHeiti; font-size: 12px; font-style: normal; font-variant-ligatures: normal; font-variant-caps: normal; font-weight: 400; letter-spacing: normal; orphans: 2; text-align: start; text-indent: 0px; text-transform: none; white-space: normal; widows: 2; word-spacing: 0px; -webkit-text-stroke-width: 0px; text-decoration-style: initial; text-decoration-color: initial;"><div class="p-section" style="margin: 13px 0px 28px; padding: 0px; word-wrap: break-word; font-size: 14px; line-height: 26px; word-break: break-all;"><strong style="font-weight: bold; color: rgb(51, 51, 51);">服务中心现场领取</strong></div></div><div class="f-block" style="margin: 0px; padding: 0px; word-wrap: break-word; color: rgb(102, 102, 102); font-family: Arial, &quot;Lucida Grande&quot;, &quot;Microsoft Yahei&quot;, &quot;Hiragino Sans GB&quot;, &quot;Hiragino Sans GB W3&quot;, SimSun, &quot;PingFang SC&quot;, STHeiti; font-size: 12px; font-style: normal; font-variant-ligatures: normal; font-variant-caps: normal; font-weight: 400; letter-spacing: normal; orphans: 2; text-align: start; text-indent: 0px; text-transform: none; white-space: normal; widows: 2; word-spacing: 0px; -webkit-text-stroke-width: 0px; text-decoration-style: initial; text-decoration-color: initial;"><div class="p-section" style="margin: 13px 0px 28px; padding: 0px; word-wrap: break-word; font-size: 14px; line-height: 26px; word-break: break-all;">乐园内共设有4处可以提取快速通行卡的服务中心。游客直接利用门票在取票机上扫码，并在屏幕上选择想要预约的项目，成功预约后便会拿到相应张数的快通卡。每个主题区的预约机只能预约该区域内的项目。如果有问题可以寻求在场的工作人员进行帮助。</div></div><div class="f-block" style="margin: 0px; padding: 0px; word-wrap: break-word; color: rgb(102, 102, 102); font-family: Arial, &quot;Lucida Grande&quot;, &quot;Microsoft Yahei&quot;, &quot;Hiragino Sans GB&quot;, &quot;Hiragino Sans GB W3&quot;, SimSun, &quot;PingFang SC&quot;, STHeiti; font-size: 12px; font-style: normal; font-variant-ligatures: normal; font-variant-caps: normal; font-weight: 400; letter-spacing: normal; orphans: 2; text-align: start; text-indent: 0px; text-transform: none; white-space: normal; widows: 2; word-spacing: 0px; -webkit-text-stroke-width: 0px; text-decoration-style: initial; text-decoration-color: initial;"><div class="p-section" style="margin: 13px 0px 28px; padding: 0px; word-wrap: break-word; font-size: 14px; line-height: 26px; word-break: break-all;"><strong style="font-weight: bold; color: rgb(51, 51, 51);">服务中心位置：<br />明日世界</strong>“巴斯光年星际营救”前的广场，<strong style="font-weight: bold; color: rgb(51, 51, 51);">梦幻世界</strong>“冰雪奇缘”欢唱盛会“的斜对面及“七个小矮人矿山车”的对面，还有一处位于<strong style="font-weight: bold; color: rgb(51, 51, 51);">探险岛</strong>“雷鸣山漂流”的对面。</div></div><div class="f-block" style="margin: 0px; padding: 0px; word-wrap: break-word; color: rgb(102, 102, 102); font-family: Arial, &quot;Lucida Grande&quot;, &quot;Microsoft Yahei&quot;, &quot;Hiragino Sans GB&quot;, &quot;Hiragino Sans GB W3&quot;, SimSun, &quot;PingFang SC&quot;, STHeiti; font-size: 12px; font-style: normal; font-variant-ligatures: normal; font-variant-caps: normal; font-weight: 400; letter-spacing: normal; orphans: 2; text-align: start; text-indent: 0px; text-transform: none; white-space: normal; widows: 2; word-spacing: 0px; -webkit-text-stroke-width: 0px; text-decoration-style: initial; text-decoration-color: initial;"><div class="p-section" style="margin: 13px 0px 28px; padding: 0px; word-wrap: break-word; font-size: 14px; line-height: 26px; word-break: break-all;"><strong style="font-weight: bold; color: rgb(51, 51, 51);">利用官方APP线上领取</strong></div></div><div class="f-block" style="margin: 0px; padding: 0px; word-wrap: break-word; color: rgb(102, 102, 102); font-family: Arial, &quot;Lucida Grande&quot;, &quot;Microsoft Yahei&quot;, &quot;Hiragino Sans GB&quot;, &quot;Hiragino Sans GB W3&quot;, SimSun, &quot;PingFang SC&quot;, STHeiti; font-size: 12px; font-style: normal; font-variant-ligatures: normal; font-variant-caps: normal; font-weight: 400; letter-spacing: normal; orphans: 2; text-align: start; text-indent: 0px; text-transform: none; white-space: normal; widows: 2; word-spacing: 0px; -webkit-text-stroke-width: 0px; text-decoration-style: initial; text-decoration-color: initial;"><ul style="margin: 0px; padding: 0px; list-style: none;"><li style="margin: 0px; padding: 0px; list-style: none;">下载上海迪士尼度假区官方APP，并利用手机号或邮箱进行免费注册，创建账户。</li><li style="margin: 0px; padding: 0px; list-style: none;">进入乐园后，点击APP上“获取快速通行证”按钮，扫描手中乐园门票二维码进行绑定。同伴的门票可以统一绑定在一个账户下，方便同时多张领取快通卡。</li><li style="margin: 0px; padding: 0px; list-style: none;">绑定好即可根据提示领取热门项目的快通卡。</li><li style="margin: 0px; padding: 0px; list-style: none;">规定时间内返回该项目，扫描门票或手机APP上的二维码，即可不排队直接游玩项目。</li></ul></div><div class="f-block" id="_j_paragraph_4" style="margin: 0px; padding: 0px; word-wrap: break-word; color: rgb(102, 102, 102); font-family: Arial, &quot;Lucida Grande&quot;, &quot;Microsoft Yahei&quot;, &quot;Hiragino Sans GB&quot;, &quot;Hiragino Sans GB W3&quot;, SimSun, &quot;PingFang SC&quot;, STHeiti; font-size: 12px; font-style: normal; font-variant-ligatures: normal; font-variant-caps: normal; font-weight: 400; letter-spacing: normal; orphans: 2; text-align: start; text-indent: 0px; text-transform: none; white-space: normal; widows: 2; word-spacing: 0px; -webkit-text-stroke-width: 0px; text-decoration-style: initial; text-decoration-color: initial;"><h3 style="margin: 15px 0px; padding: 0px; font-size: 18px; color: rgb(51, 51, 51);">如何使用快速通行卡？</h3></div><div class="f-block" style="margin: 0px; padding: 0px; word-wrap: break-word; color: rgb(102, 102, 102); font-family: Arial, &quot;Lucida Grande&quot;, &quot;Microsoft Yahei&quot;, &quot;Hiragino Sans GB&quot;, &quot;Hiragino Sans GB W3&quot;, SimSun, &quot;PingFang SC&quot;, STHeiti; font-size: 12px; font-style: normal; font-variant-ligatures: normal; font-variant-caps: normal; font-weight: 400; letter-spacing: normal; orphans: 2; text-align: start; text-indent: 0px; text-transform: none; white-space: normal; widows: 2; word-spacing: 0px; -webkit-text-stroke-width: 0px; text-decoration-style: initial; text-decoration-color: initial;"><img class="_j_lazyload" src="https://b1-q.mafengwo.net/s9/M00/DA/6E/wKgBs1cUlU2APz_iAAF-dHpE9QQ98.jpeg?imageView2%2F2%2Fw%2F680%2Fq%2F90" data-src="https://b1-q.mafengwo.net/s9/M00/DA/6E/wKgBs1cUlU2APz_iAAF-dHpE9QQ98.jpeg?imageView2%2F2%2Fw%2F680%2Fq%2F90" data-rt-src="https://b1-q.mafengwo.net/s9/M00/DA/6E/wKgBs1cUlU2APz_iAAF-dHpE9QQ98.jpeg?imageView2%2F2%2Fw%2F1360%2Fq%2F90" style="border: 0px; vertical-align: middle; max-width: 100%; margin: 10px 0px; display: block; height: 450px; width: 600px; background: rgb(252, 242, 220);" alt="" /><span class="img-an" style="color:#999999;">图：东京迪士尼乐园Fastpass。</span></div><div class="f-block" style="margin: 0px; padding: 0px; word-wrap: break-word; color: rgb(102, 102, 102); font-family: Arial, &quot;Lucida Grande&quot;, &quot;Microsoft Yahei&quot;, &quot;Hiragino Sans GB&quot;, &quot;Hiragino Sans GB W3&quot;, SimSun, &quot;PingFang SC&quot;, STHeiti; font-size: 12px; font-style: normal; font-variant-ligatures: normal; font-variant-caps: normal; font-weight: 400; letter-spacing: normal; orphans: 2; text-align: start; text-indent: 0px; text-transform: none; white-space: normal; widows: 2; word-spacing: 0px; -webkit-text-stroke-width: 0px; text-decoration-style: initial; text-decoration-color: initial;"><div class="p-section" style="margin: 13px 0px 28px; padding: 0px; word-wrap: break-word; font-size: 14px; line-height: 26px; word-break: break-all;">用门票取出快速通行卡后，卡上会写着相应的使用时间。例如游客早上10:00取出的Fastpass上面写着时间为12:30-13:30（如图），那么游客可以利用10:00-12:30的这段时间去玩其他游乐项目，无需在此排队。等到12:30-13:30的时候返回该项目，向工作人员出示卡片及门票，即可直接体验该项目而无需排队。</div></div><div class="f-block" id="_j_paragraph_5" style="margin: 0px; padding: 0px; word-wrap: break-word; color: rgb(102, 102, 102); font-family: Arial, &quot;Lucida Grande&quot;, &quot;Microsoft Yahei&quot;, &quot;Hiragino Sans GB&quot;, &quot;Hiragino Sans GB W3&quot;, SimSun, &quot;PingFang SC&quot;, STHeiti; font-size: 12px; font-style: normal; font-variant-ligatures: normal; font-variant-caps: normal; font-weight: 400; letter-spacing: normal; orphans: 2; text-align: start; text-indent: 0px; text-transform: none; white-space: normal; widows: 2; word-spacing: 0px; -webkit-text-stroke-width: 0px; text-decoration-style: initial; text-decoration-color: initial;"><h3 style="margin: 15px 0px; padding: 0px; font-size: 18px; color: rgb(51, 51, 51);">可使用快速通行卡的项目</h3></div><div class="f-block" style="margin: 0px; padding: 0px; word-wrap: break-word; color: rgb(102, 102, 102); font-family: Arial, &quot;Lucida Grande&quot;, &quot;Microsoft Yahei&quot;, &quot;Hiragino Sans GB&quot;, &quot;Hiragino Sans GB W3&quot;, SimSun, &quot;PingFang SC&quot;, STHeiti; font-size: 12px; font-style: normal; font-variant-ligatures: normal; font-variant-caps: normal; font-weight: 400; letter-spacing: normal; orphans: 2; text-align: start; text-indent: 0px; text-transform: none; white-space: normal; widows: 2; word-spacing: 0px; -webkit-text-stroke-width: 0px; text-decoration-style: initial; text-decoration-color: initial;"><div class="p-section" style="margin: 13px 0px 28px; padding: 0px; word-wrap: break-word; font-size: 14px; line-height: 26px; word-break: break-all;">七个小矮人矿山车<br />小飞侠天空奇遇<br />小熊维尼历险记<br />巴斯光年星际营救<br />创极速光轮<br />翱翔•飞越地平线<br />雷鸣山漂流</div></div><div class="f-block" id="_j_paragraph_6" style="margin: 0px; padding: 0px; word-wrap: break-word; color: rgb(102, 102, 102); font-family: Arial, &quot;Lucida Grande&quot;, &quot;Microsoft Yahei&quot;, &quot;Hiragino Sans GB&quot;, &quot;Hiragino Sans GB W3&quot;, SimSun, &quot;PingFang SC&quot;, STHeiti; font-size: 12px; font-style: normal; font-variant-ligatures: normal; font-variant-caps: normal; font-weight: 400; letter-spacing: normal; orphans: 2; text-align: start; text-indent: 0px; text-transform: none; white-space: normal; widows: 2; word-spacing: 0px; -webkit-text-stroke-width: 0px; text-decoration-style: initial; text-decoration-color: initial;"><h2 style="margin: 18px 0px; padding: 0px; font-size: 24px; color: rgb(51, 51, 51);">单人通道 Single Rider</h2></div><div class="f-block" style="margin: 0px; padding: 0px; word-wrap: break-word; color: rgb(102, 102, 102); font-family: Arial, &quot;Lucida Grande&quot;, &quot;Microsoft Yahei&quot;, &quot;Hiragino Sans GB&quot;, &quot;Hiragino Sans GB W3&quot;, SimSun, &quot;PingFang SC&quot;, STHeiti; font-size: 12px; font-style: normal; font-variant-ligatures: normal; font-variant-caps: normal; font-weight: 400; letter-spacing: normal; orphans: 2; text-align: start; text-indent: 0px; text-transform: none; white-space: normal; widows: 2; word-spacing: 0px; -webkit-text-stroke-width: 0px; text-decoration-style: initial; text-decoration-color: initial;"><div class="p-section" style="margin: 13px 0px 28px; padding: 0px; word-wrap: break-word; font-size: 14px; line-height: 26px; word-break: break-all;">迪士尼乐园排队区分三种通道，除普通排队通道（Stand&nbsp;by）和快速通行通道（Fastpass）外，还有一种叫做单人通道(Single&nbsp;Rider)。</div></div><div class="f-block" style="margin: 0px; padding: 0px; word-wrap: break-word; color: rgb(102, 102, 102); font-family: Arial, &quot;Lucida Grande&quot;, &quot;Microsoft Yahei&quot;, &quot;Hiragino Sans GB&quot;, &quot;Hiragino Sans GB W3&quot;, SimSun, &quot;PingFang SC&quot;, STHeiti; font-size: 12px; font-style: normal; font-variant-ligatures: normal; font-variant-caps: normal; font-weight: 400; letter-spacing: normal; orphans: 2; text-align: start; text-indent: 0px; text-transform: none; white-space: normal; widows: 2; word-spacing: 0px; -webkit-text-stroke-width: 0px; text-decoration-style: initial; text-decoration-color: initial;"><div class="p-section" style="margin: 13px 0px 28px; padding: 0px; word-wrap: break-word; font-size: 14px; line-height: 26px; word-break: break-all;">单人通道是在设施装满普通通道和快速通道的游客之后，依然有空位的情况下，给单人游客准备的快速搭乘方式。因为一般单人通道都是分开的座位，甚至会不同车，如果小伙伴之间不介意分开体验，优先选择单人通道则会节省大量的时间。</div></div><div class="f-block" id="_j_paragraph_7" style="margin: 0px; padding: 0px; word-wrap: break-word; color: rgb(102, 102, 102); font-family: Arial, &quot;Lucida Grande&quot;, &quot;Microsoft Yahei&quot;, &quot;Hiragino Sans GB&quot;, &quot;Hiragino Sans GB W3&quot;, SimSun, &quot;PingFang SC&quot;, STHeiti; font-size: 12px; font-style: normal; font-variant-ligatures: normal; font-variant-caps: normal; font-weight: 400; letter-spacing: normal; orphans: 2; text-align: start; text-indent: 0px; text-transform: none; white-space: normal; widows: 2; word-spacing: 0px; -webkit-text-stroke-width: 0px; text-decoration-style: initial; text-decoration-color: initial;"><h3 style="margin: 15px 0px; padding: 0px; font-size: 18px; color: rgb(51, 51, 51);">设有单人通道的设施</h3></div><div class="f-block" style="margin: 0px; padding: 0px; word-wrap: break-word; color: rgb(102, 102, 102); font-family: Arial, &quot;Lucida Grande&quot;, &quot;Microsoft Yahei&quot;, &quot;Hiragino Sans GB&quot;, &quot;Hiragino Sans GB W3&quot;, SimSun, &quot;PingFang SC&quot;, STHeiti; font-size: 12px; font-style: normal; font-variant-ligatures: normal; font-variant-caps: normal; font-weight: 400; letter-spacing: normal; orphans: 2; text-align: start; text-indent: 0px; text-transform: none; white-space: normal; widows: 2; word-spacing: 0px; -webkit-text-stroke-width: 0px; text-decoration-style: initial; text-decoration-color: initial;"><div class="p-section" style="margin: 13px 0px 28px; padding: 0px; word-wrap: break-word; font-size: 14px; line-height: 26px; word-break: break-all;">加勒比海盗——沉默宝藏之战<br />七个小矮人矿山车<br />创极速光轮<br />雷鸣山漂流</div></div><div class="f-block" id="_j_paragraph_8" style="margin: 0px; padding: 0px; word-wrap: break-word; color: rgb(102, 102, 102); font-family: Arial, &quot;Lucida Grande&quot;, &quot;Microsoft Yahei&quot;, &quot;Hiragino Sans GB&quot;, &quot;Hiragino Sans GB W3&quot;, SimSun, &quot;PingFang SC&quot;, STHeiti; font-size: 12px; font-style: normal; font-variant-ligatures: normal; font-variant-caps: normal; font-weight: 400; letter-spacing: normal; orphans: 2; text-align: start; text-indent: 0px; text-transform: none; white-space: normal; widows: 2; word-spacing: 0px; -webkit-text-stroke-width: 0px; text-decoration-style: initial; text-decoration-color: initial;"><h2 style="margin: 18px 0px; padding: 0px; font-size: 24px; color: rgb(51, 51, 51);">错峰游玩</h2></div><div class="f-block" id="_j_paragraph_9" style="margin: 0px; padding: 0px; word-wrap: break-word; color: rgb(102, 102, 102); font-family: Arial, &quot;Lucida Grande&quot;, &quot;Microsoft Yahei&quot;, &quot;Hiragino Sans GB&quot;, &quot;Hiragino Sans GB W3&quot;, SimSun, &quot;PingFang SC&quot;, STHeiti; font-size: 12px; font-style: normal; font-variant-ligatures: normal; font-variant-caps: normal; font-weight: 400; letter-spacing: normal; orphans: 2; text-align: start; text-indent: 0px; text-transform: none; white-space: normal; widows: 2; word-spacing: 0px; -webkit-text-stroke-width: 0px; text-decoration-style: initial; text-decoration-color: initial;"><h3 style="margin: 15px 0px; padding: 0px; font-size: 18px; color: rgb(51, 51, 51);">早入园</h3></div><div class="f-block" style="margin: 0px; padding: 0px; word-wrap: break-word; color: rgb(102, 102, 102); font-family: Arial, &quot;Lucida Grande&quot;, &quot;Microsoft Yahei&quot;, &quot;Hiragino Sans GB&quot;, &quot;Hiragino Sans GB W3&quot;, SimSun, &quot;PingFang SC&quot;, STHeiti; font-size: 12px; font-style: normal; font-variant-ligatures: normal; font-variant-caps: normal; font-weight: 400; letter-spacing: normal; orphans: 2; text-align: start; text-indent: 0px; text-transform: none; white-space: normal; widows: 2; word-spacing: 0px; -webkit-text-stroke-width: 0px; text-decoration-style: initial; text-decoration-color: initial;"><div class="p-section" style="margin: 13px 0px 28px; padding: 0px; word-wrap: break-word; font-size: 14px; line-height: 26px; word-break: break-all;">上午的游客相对较少，建议游客早些入园，用上午的时间多玩游乐设施，可以躲过冗长的队伍。</div></div><div class="f-block" id="_j_paragraph_10" style="margin: 0px; padding: 0px; word-wrap: break-word; color: rgb(102, 102, 102); font-family: Arial, &quot;Lucida Grande&quot;, &quot;Microsoft Yahei&quot;, &quot;Hiragino Sans GB&quot;, &quot;Hiragino Sans GB W3&quot;, SimSun, &quot;PingFang SC&quot;, STHeiti; font-size: 12px; font-style: normal; font-variant-ligatures: normal; font-variant-caps: normal; font-weight: 400; letter-spacing: normal; orphans: 2; text-align: start; text-indent: 0px; text-transform: none; white-space: normal; widows: 2; word-spacing: 0px; -webkit-text-stroke-width: 0px; text-decoration-style: initial; text-decoration-color: initial;"><h3 style="margin: 15px 0px; padding: 0px; font-size: 18px; color: rgb(51, 51, 51);">晚离开</h3></div><div class="f-block" style="margin: 0px; padding: 0px; word-wrap: break-word; color: rgb(102, 102, 102); font-family: Arial, &quot;Lucida Grande&quot;, &quot;Microsoft Yahei&quot;, &quot;Hiragino Sans GB&quot;, &quot;Hiragino Sans GB W3&quot;, SimSun, &quot;PingFang SC&quot;, STHeiti; font-size: 12px; font-style: normal; font-variant-ligatures: normal; font-variant-caps: normal; font-weight: 400; letter-spacing: normal; orphans: 2; text-align: start; text-indent: 0px; text-transform: none; white-space: normal; widows: 2; word-spacing: 0px; -webkit-text-stroke-width: 0px; text-decoration-style: initial; text-decoration-color: initial;"><div class="p-section" style="margin: 13px 0px 28px; padding: 0px; word-wrap: break-word; font-size: 14px; line-height: 26px; word-break: break-all;">乐园临近关门的两小时是乘坐游乐设施的最佳时间，这时段大部分游客已经离开乐园，游很多热门的游乐设施都可以不用排队直接搭乘。</div></div><div class="f-block" id="_j_paragraph_11" style="margin: 0px; padding: 0px; word-wrap: break-word; color: rgb(102, 102, 102); font-family: Arial, &quot;Lucida Grande&quot;, &quot;Microsoft Yahei&quot;, &quot;Hiragino Sans GB&quot;, &quot;Hiragino Sans GB W3&quot;, SimSun, &quot;PingFang SC&quot;, STHeiti; font-size: 12px; font-style: normal; font-variant-ligatures: normal; font-variant-caps: normal; font-weight: 400; letter-spacing: normal; orphans: 2; text-align: start; text-indent: 0px; text-transform: none; white-space: normal; widows: 2; word-spacing: 0px; -webkit-text-stroke-width: 0px; text-decoration-style: initial; text-decoration-color: initial;"><h3 style="margin: 15px 0px; padding: 0px; font-size: 18px; color: rgb(51, 51, 51);">巡游时乘坐设备</h3></div><div class="f-block" style="margin: 0px; padding: 0px; word-wrap: break-word; color: rgb(102, 102, 102); font-family: Arial, &quot;Lucida Grande&quot;, &quot;Microsoft Yahei&quot;, &quot;Hiragino Sans GB&quot;, &quot;Hiragino Sans GB W3&quot;, SimSun, &quot;PingFang SC&quot;, STHeiti; font-size: 12px; font-style: normal; font-variant-ligatures: normal; font-variant-caps: normal; font-weight: 400; letter-spacing: normal; orphans: 2; text-align: start; text-indent: 0px; text-transform: none; white-space: normal; widows: 2; word-spacing: 0px; -webkit-text-stroke-width: 0px; text-decoration-style: initial; text-decoration-color: initial;"><div class="p-section" style="margin: 13px 0px 28px; padding: 0px; word-wrap: break-word; font-size: 14px; line-height: 26px; word-break: break-all;">下午的巡游表演期间，大批的游客会聚集在巡演道路的两旁，如果你不介意错过花车巡演的话，巡演的这一小时时间，则可用来玩更多的游乐设施。</div></div><div class="f-block" id="_j_paragraph_12" style="margin: 0px; padding: 0px; word-wrap: break-word; color: rgb(102, 102, 102); font-family: Arial, &quot;Lucida Grande&quot;, &quot;Microsoft Yahei&quot;, &quot;Hiragino Sans GB&quot;, &quot;Hiragino Sans GB W3&quot;, SimSun, &quot;PingFang SC&quot;, STHeiti; font-size: 12px; font-style: normal; font-variant-ligatures: normal; font-variant-caps: normal; font-weight: 400; letter-spacing: normal; orphans: 2; text-align: start; text-indent: 0px; text-transform: none; white-space: normal; widows: 2; word-spacing: 0px; -webkit-text-stroke-width: 0px; text-decoration-style: initial; text-decoration-color: initial;"><h2 style="margin: 18px 0px; padding: 0px; font-size: 24px; color: rgb(51, 51, 51);">巧用迪士尼官方APP</h2></div><div class="f-block" style="margin: 0px; padding: 0px; word-wrap: break-word; color: rgb(102, 102, 102); font-family: Arial, &quot;Lucida Grande&quot;, &quot;Microsoft Yahei&quot;, &quot;Hiragino Sans GB&quot;, &quot;Hiragino Sans GB W3&quot;, SimSun, &quot;PingFang SC&quot;, STHeiti; font-size: 12px; font-style: normal; font-variant-ligatures: normal; font-variant-caps: normal; font-weight: 400; letter-spacing: normal; orphans: 2; text-align: start; text-indent: 0px; text-transform: none; white-space: normal; widows: 2; word-spacing: 0px; -webkit-text-stroke-width: 0px; text-decoration-style: initial; text-decoration-color: initial;"><img class="_j_lazyload" src="https://p4-q.mafengwo.net/s9/M00/91/B6/wKgBs1dzlaaAMzASAACG5HxoqPI27.jpeg?imageView2%2F2%2Fw%2F680%2Fq%2F90" data-src="https://p4-q.mafengwo.net/s9/M00/91/B6/wKgBs1dzlaaAMzASAACG5HxoqPI27.jpeg?imageView2%2F2%2Fw%2F680%2Fq%2F90" data-rt-src="https://p4-q.mafengwo.net/s9/M00/91/B6/wKgBs1dzlaaAMzASAACG5HxoqPI27.jpeg?imageView2%2F2%2Fw%2F1360%2Fq%2F90" style="border: 0px; vertical-align: middle; max-width: 100%; margin: 10px 0px; display: block; height: 254px; width: 321px; background: rgb(252, 242, 220);" alt="" /><span class="img-an" style="color:#999999;">图：上海迪士尼APP页面。</span></div><div class="f-block" style="margin: 0px; padding: 0px; word-wrap: break-word; color: rgb(102, 102, 102); font-family: Arial, &quot;Lucida Grande&quot;, &quot;Microsoft Yahei&quot;, &quot;Hiragino Sans GB&quot;, &quot;Hiragino Sans GB W3&quot;, SimSun, &quot;PingFang SC&quot;, STHeiti; font-size: 12px; font-style: normal; font-variant-ligatures: normal; font-variant-caps: normal; font-weight: 400; letter-spacing: normal; orphans: 2; text-align: start; text-indent: 0px; text-transform: none; white-space: normal; widows: 2; word-spacing: 0px; -webkit-text-stroke-width: 0px; text-decoration-style: initial; text-decoration-color: initial;"><div class="p-section" style="margin: 13px 0px 28px; padding: 0px; word-wrap: break-word; font-size: 14px; line-height: 26px; word-break: break-all;">上海迪士尼乐园有官方的APP，不光可以购票，查看各日期的乐园营业时间。对于游客来说最有用的，就是查询当天乐园中各表演的时间及各项目的等候时间。游客仅需打开APP，就可在地图上看到各个项目的排队等候时间，而不用特意跑过去看，非常方便。</div></div>', '2018-07-19 16:52:48'),
	(27, 1, 100, '上海迪士尼要这么玩', '', '', '/upload/images/180719/20180719170445253.jpg', '上海迪士尼要这么玩', '2018-07-19 17:04:55'),
	(28, 1, 100, '上海迪士尼要这么玩', '上海迪士尼要这么玩', '上海迪士尼要这么玩', '/upload/images/180719/20180719170656887.jpg', '上海迪士尼要这么玩', '2018-07-19 17:07:06'),
	(29, 1, 100, '想躲过拥挤人潮？上海迪士尼要这么玩', '想躲过拥挤人潮？上海迪士尼要这么玩', '想躲过拥挤人潮？上海迪士尼要这么玩', '', '想躲过拥挤人潮？上海迪士尼要这么玩', '2018-07-19 17:09:39'),
	(30, 1, 100, '想躲过拥挤人潮？不是很好耍呀', '上海迪士尼要这么玩', '想躲过拥挤人潮？上海迪士尼要这么玩', '', '想躲过拥挤人潮？上海迪士尼要这么玩', '2018-07-19 17:10:18'),
	(31, 1, 100, '想躲过拥挤人潮？不是很好耍呀', '上海迪士尼要这么玩', '想躲过拥挤人潮？上海迪士尼要这么玩', '/upload/images/180719/20180719170656887.jpg', '想躲过拥挤人潮？上海迪士尼要这么玩', '2018-07-19 17:10:18'),
	(32, 1, 100, '想躲过拥挤人潮？不是很好耍呀', '上海迪士尼要这么玩', '想躲过拥挤人潮？上海迪士尼要这么玩', '', '想躲过拥挤人潮？上海迪士尼要这么玩', '2018-07-19 17:10:18'),
	(33, 1, 100, '想躲过拥挤人潮？不是很好耍呀', '上海迪士尼要这么玩', '想躲过拥挤人潮？上海迪士尼要这么玩', '/upload/images/180719/20180719170656887.jpg', '想躲过拥挤人潮？上海迪士尼要这么玩', '2018-07-19 17:10:18'),
	(34, 1, 100, '想躲过拥挤人潮？不是很好耍呀', '上海迪士尼要这么玩', '想躲过拥挤人潮？上海迪士尼要这么玩', '', '想躲过拥挤人潮？上海迪士尼要这么玩', '2018-07-19 17:10:18'),
	(35, 1, 100, '想躲过拥挤人潮？不是很好耍呀', '上海迪士尼要这么玩', '想躲过拥挤人潮？上海迪士尼要这么玩', '', '想躲过拥挤人潮？上海迪士尼要这么玩', '2018-07-19 17:10:18'),
	(36, 1, 100, '想躲过拥挤人潮？不是很好耍呀111', '上海迪士尼要这么玩', '想躲过拥挤人潮？上海迪士尼要这么玩', '/upload/images/180719/20180719170656887.jpg', '<p>想躲过拥挤人潮？上海迪士尼要这么玩</p>', '2018-07-19 17:10:18');
/*!40000 ALTER TABLE `fly_news` ENABLE KEYS */;

-- 导出  表 erp_07fly_com.fly_news_type 结构
CREATE TABLE IF NOT EXISTS `fly_news_type` (
  `id` int(16) unsigned NOT NULL AUTO_INCREMENT,
  `typename` varchar(256) NOT NULL,
  `typedir` varchar(256) NOT NULL,
  `typetag` text NOT NULL,
  `sort` int(11) NOT NULL,
  `visible` tinyint(2) NOT NULL DEFAULT '1',
  `intro` varchar(1024) DEFAULT NULL,
  `seotitle` varchar(256) NOT NULL,
  `keywords` varchar(256) NOT NULL,
  PRIMARY KEY (`id`)
) ENGINE=MyISAM AUTO_INCREMENT=3 DEFAULT CHARSET=utf8;

-- 正在导出表  erp_07fly_com.fly_news_type 的数据：1 rows
DELETE FROM `fly_news_type`;
/*!40000 ALTER TABLE `fly_news_type` DISABLE KEYS */;
INSERT INTO `fly_news_type` (`id`, `typename`, `typedir`, `typetag`, `sort`, `visible`, `intro`, `seotitle`, `keywords`) VALUES
	(1, '旅游新闻1', '', '', 1, 1, '还是不错的哟', '', '');
/*!40000 ALTER TABLE `fly_news_type` ENABLE KEYS */;

-- 导出  表 erp_07fly_com.fly_notice 结构
CREATE TABLE IF NOT EXISTS `fly_notice` (
  `id` int(16) NOT NULL AUTO_INCREMENT,
  `title` varchar(256) NOT NULL,
  `content` text NOT NULL,
  `adt` datetime DEFAULT NULL,
  PRIMARY KEY (`id`)
) ENGINE=MyISAM AUTO_INCREMENT=25 DEFAULT CHARSET=utf8;

-- 正在导出表  erp_07fly_com.fly_notice 的数据：3 rows
DELETE FROM `fly_notice`;
/*!40000 ALTER TABLE `fly_notice` DISABLE KEYS */;
INSERT INTO `fly_notice` (`id`, `title`, `content`, `adt`) VALUES
	(22, '回师', '我的商场开门了，在今天开业了，欢迎大家来购买东西的，优惠多，物品多，', '2018-06-10 08:37:40'),
	(23, '加标题', '我的商场开门了，在今天开业了，欢迎大家来购买东西的，优惠多，物品多，', '2018-06-10 08:37:56'),
	(24, '开门大吉了', '通知所有广大会员，今天开业了', '2018-06-10 08:39:26');
/*!40000 ALTER TABLE `fly_notice` ENABLE KEYS */;

-- 导出  表 erp_07fly_com.fly_notice_banner 结构
CREATE TABLE IF NOT EXISTS `fly_notice_banner` (
  `id` int(16) NOT NULL AUTO_INCREMENT,
  `title` varchar(256) NOT NULL,
  `img` varchar(256) NOT NULL,
  `content` text NOT NULL,
  `adt` datetime DEFAULT NULL,
  PRIMARY KEY (`id`)
) ENGINE=MyISAM AUTO_INCREMENT=31 DEFAULT CHARSET=utf8;

-- 正在导出表  erp_07fly_com.fly_notice_banner 的数据：4 rows
DELETE FROM `fly_notice_banner`;
/*!40000 ALTER TABLE `fly_notice_banner` DISABLE KEYS */;
INSERT INTO `fly_notice_banner` (`id`, `title`, `img`, `content`, `adt`) VALUES
	(27, '广告一', '/upload/images/1.jpg', '', '2018-06-17 10:09:09'),
	(29, '广告二', '/upload/images/3.jpg', '', '2018-06-17 10:09:21'),
	(28, '广告二', '/upload/images/2.jpg', '', '2018-06-17 10:09:21'),
	(30, '广告二', '/upload/images/4.jpg', '', '2018-06-17 10:09:21');
/*!40000 ALTER TABLE `fly_notice_banner` ENABLE KEYS */;

-- 导出  表 erp_07fly_com.fly_product 结构
CREATE TABLE IF NOT EXISTS `fly_product` (
  `id` int(16) unsigned NOT NULL AUTO_INCREMENT,
  `type_id` int(16) NOT NULL COMMENT '分类',
  `member_id` int(11) NOT NULL COMMENT '所属会员',
  `shop_id` int(11) NOT NULL,
  `name` varchar(256) NOT NULL COMMENT '名称',
  `img1` varchar(256) NOT NULL,
  `img2` varchar(256) NOT NULL,
  `img3` varchar(256) NOT NULL,
  `price` int(11) NOT NULL,
  `stock` int(11) NOT NULL,
  `status` int(11) NOT NULL COMMENT '上下架',
  `audit` int(11) NOT NULL COMMENT '审核',
  `intro` text NOT NULL COMMENT '介绍',
  `content` text NOT NULL COMMENT '内容',
  `adt` datetime NOT NULL,
  PRIMARY KEY (`id`),
  KEY `typeid` (`type_id`)
) ENGINE=MyISAM AUTO_INCREMENT=85 DEFAULT CHARSET=utf8;

-- 正在导出表  erp_07fly_com.fly_product 的数据：39 rows
DELETE FROM `fly_product`;
/*!40000 ALTER TABLE `fly_product` DISABLE KEYS */;
INSERT INTO `fly_product` (`id`, `type_id`, `member_id`, `shop_id`, `name`, `img1`, `img2`, `img3`, `price`, `stock`, `status`, `audit`, `intro`, `content`, `adt`) VALUES
	(46, 35, 1, 10, '越南玉芒大青芒', '/Apply/View/templates/home/webuploader/upload/201712011530343674.JPG', '/Apply/View/templates/home/webuploader/upload/', '/Apply/View/templates/home/webuploader/upload/', 100, 1000, 1, 0, '越南玉芒大青芒', '', '2018-07-30 10:40:11'),
	(53, 35, 1, 10, '越南玉芒大青芒', '/Apply/View/templates/home/webuploader/upload/201712011530343674.JPG', '/Apply/View/templates/home/webuploader/upload/', '/Apply/View/templates/home/webuploader/upload/', 100, 1000, 1, 0, '越南玉芒大青芒', '', '2018-07-30 10:40:11'),
	(52, 35, 1, 10, '越南玉芒大青芒', '/Apply/View/templates/home/webuploader/upload/201712011530343674.JPG', '/Apply/View/templates/home/webuploader/upload/', '/Apply/View/templates/home/webuploader/upload/', 100, 1000, 1, 0, '越南玉芒大青芒', '', '2018-07-30 10:40:11'),
	(51, 35, 1, 10, '越南玉芒大青芒', '/Apply/View/templates/home/webuploader/upload/201712011530343674.JPG', '/Apply/View/templates/home/webuploader/upload/', '/Apply/View/templates/home/webuploader/upload/', 100, 1000, 1, 0, '越南玉芒大青芒', '', '2018-07-30 10:40:11'),
	(50, 35, 1, 10, '越南玉芒大青芒', '/Apply/View/templates/home/webuploader/upload/201712011530343674.JPG', '/Apply/View/templates/home/webuploader/upload/', '/Apply/View/templates/home/webuploader/upload/', 100, 1000, 1, 0, '越南玉芒大青芒', '', '2018-07-30 10:40:11'),
	(49, 35, 1, 10, '越南玉芒大青芒', '/Apply/View/templates/home/webuploader/upload/201712011530343674.JPG', '/Apply/View/templates/home/webuploader/upload/', '/Apply/View/templates/home/webuploader/upload/', 100, 1000, 1, 0, '越南玉芒大青芒', '', '2018-07-30 10:40:11'),
	(47, 35, 1, 10, '越南玉芒大青芒', '/Apply/View/templates/home/webuploader/upload/201712011548596160.JPG', '/Apply/View/templates/home/webuploader/upload/', '/Apply/View/templates/home/webuploader/upload/', 100, 100, 1, 0, '越南玉芒大青芒', '', '2018-07-30 10:40:29'),
	(48, 35, 1, 10, '越南玉芒大青芒', '/Apply/View/templates/home/webuploader/upload/thumb_201712011200364677.jpg', '/Apply/View/templates/home/webuploader/upload/', '/Apply/View/templates/home/webuploader/upload/', 100, 100, 1, 0, '越南玉芒大青芒', '', '2018-07-30 10:40:51'),
	(54, 35, 1, 10, '越南玉芒大青芒', '/Apply/View/templates/home/webuploader/upload/201712011530343674.JPG', '/Apply/View/templates/home/webuploader/upload/', '/Apply/View/templates/home/webuploader/upload/', 100, 1000, 1, 0, '越南玉芒大青芒', '', '2018-07-30 10:40:11'),
	(55, 35, 1, 10, '越南玉芒大青芒', '/Apply/View/templates/home/webuploader/upload/201712011530343674.JPG', '/Apply/View/templates/home/webuploader/upload/', '/Apply/View/templates/home/webuploader/upload/', 100, 1000, 1, 0, '越南玉芒大青芒', '', '2018-07-30 10:40:11'),
	(56, 35, 1, 10, '越南玉芒大青芒', '/Apply/View/templates/home/webuploader/upload/201712011530343674.JPG', '/Apply/View/templates/home/webuploader/upload/', '/Apply/View/templates/home/webuploader/upload/', 100, 1000, 1, 0, '越南玉芒大青芒', '', '2018-07-30 10:40:11'),
	(57, 35, 1, 10, '越南玉芒大青芒', '/Apply/View/templates/home/webuploader/upload/201712011530343674.JPG', '/Apply/View/templates/home/webuploader/upload/', '/Apply/View/templates/home/webuploader/upload/', 100, 1000, 1, 0, '越南玉芒大青芒', '', '2018-07-30 10:40:11'),
	(58, 35, 1, 10, '越南玉芒大青芒', '/Apply/View/templates/home/webuploader/upload/201712011530343674.JPG', '/Apply/View/templates/home/webuploader/upload/', '/Apply/View/templates/home/webuploader/upload/', 100, 1000, 1, 0, '越南玉芒大青芒', '', '2018-07-30 10:40:11'),
	(59, 35, 1, 10, '越南玉芒大青芒', '/Apply/View/templates/home/webuploader/upload/201712011530343674.JPG', '/Apply/View/templates/home/webuploader/upload/', '/Apply/View/templates/home/webuploader/upload/', 100, 1000, 1, 0, '越南玉芒大青芒', '', '2018-07-30 10:40:11'),
	(60, 35, 1, 10, '越南玉芒大青芒', '/Apply/View/templates/home/webuploader/upload/201712011530343674.JPG', '/Apply/View/templates/home/webuploader/upload/', '/Apply/View/templates/home/webuploader/upload/', 100, 1000, 1, 0, '越南玉芒大青芒', '', '2018-07-30 10:40:11'),
	(61, 35, 1, 10, '越南玉芒大青芒', '/Apply/View/templates/home/webuploader/upload/201712011530343674.JPG', '/Apply/View/templates/home/webuploader/upload/', '/Apply/View/templates/home/webuploader/upload/', 100, 1000, 1, 0, '越南玉芒大青芒', '', '2018-07-30 10:40:11'),
	(62, 35, 1, 10, '越南玉芒大青芒', '/Apply/View/templates/home/webuploader/upload/201712011530343674.JPG', '/Apply/View/templates/home/webuploader/upload/', '/Apply/View/templates/home/webuploader/upload/', 100, 1000, 1, 0, '越南玉芒大青芒', '', '2018-07-30 10:40:11'),
	(63, 35, 1, 10, '越南玉芒大青芒', '/Apply/View/templates/home/webuploader/upload/201712011530343674.JPG', '/Apply/View/templates/home/webuploader/upload/', '/Apply/View/templates/home/webuploader/upload/', 100, 1000, 1, 0, '越南玉芒大青芒', '', '2018-07-30 10:40:11'),
	(64, 35, 1, 10, '越南玉芒大青芒', '/Apply/View/templates/home/webuploader/upload/201712011530343674.JPG', '/Apply/View/templates/home/webuploader/upload/', '/Apply/View/templates/home/webuploader/upload/', 100, 1000, 1, 0, '越南玉芒大青芒', '', '2018-07-30 10:40:11'),
	(65, 35, 1, 10, '越南玉芒大青芒', '/Apply/View/templates/home/webuploader/upload/201712011530343674.JPG', '/Apply/View/templates/home/webuploader/upload/', '/Apply/View/templates/home/webuploader/upload/', 100, 1000, 1, 0, '越南玉芒大青芒', '', '2018-07-30 10:40:11'),
	(66, 35, 1, 10, '越南玉芒大青芒', '/Apply/View/templates/home/webuploader/upload/201712011530343674.JPG', '/Apply/View/templates/home/webuploader/upload/', '/Apply/View/templates/home/webuploader/upload/', 100, 1000, 1, 0, '越南玉芒大青芒', '', '2018-07-30 10:40:11'),
	(67, 35, 1, 10, '越南玉芒大青芒', '/Apply/View/templates/home/webuploader/upload/201712011530343674.JPG', '/Apply/View/templates/home/webuploader/upload/', '/Apply/View/templates/home/webuploader/upload/', 100, 1000, 1, 0, '越南玉芒大青芒', '', '2018-07-30 10:40:11'),
	(68, 35, 1, 10, '越南玉芒大青芒', '/Apply/View/templates/home/webuploader/upload/201712011530343674.JPG', '/Apply/View/templates/home/webuploader/upload/', '/Apply/View/templates/home/webuploader/upload/', 100, 1000, 1, 0, '越南玉芒大青芒', '', '2018-07-30 10:40:11'),
	(69, 35, 1, 10, '越南玉芒大青芒', '/Apply/View/templates/home/webuploader/upload/201712011530343674.JPG', '/Apply/View/templates/home/webuploader/upload/', '/Apply/View/templates/home/webuploader/upload/', 100, 1000, 1, 0, '越南玉芒大青芒', '', '2018-07-30 10:40:11'),
	(70, 35, 1, 10, '越南玉芒大青芒', '/Apply/View/templates/home/webuploader/upload/201712011530343674.JPG', '/Apply/View/templates/home/webuploader/upload/', '/Apply/View/templates/home/webuploader/upload/', 100, 1000, 1, 0, '越南玉芒大青芒', '', '2018-07-30 10:40:11'),
	(71, 35, 1, 10, '越南玉芒大青芒', '/Apply/View/templates/home/webuploader/upload/201712011530343674.JPG', '/Apply/View/templates/home/webuploader/upload/', '/Apply/View/templates/home/webuploader/upload/', 100, 1000, 1, 0, '越南玉芒大青芒', '', '2018-07-30 10:40:11'),
	(72, 35, 1, 10, '越南玉芒大青芒', '/Apply/View/templates/home/webuploader/upload/201712011530343674.JPG', '/Apply/View/templates/home/webuploader/upload/', '/Apply/View/templates/home/webuploader/upload/', 100, 1000, 1, 0, '越南玉芒大青芒', '', '2018-07-30 10:40:11'),
	(73, 35, 1, 10, '越南玉芒大青芒', '/Apply/View/templates/home/webuploader/upload/201712011530343674.JPG', '/Apply/View/templates/home/webuploader/upload/', '/Apply/View/templates/home/webuploader/upload/', 100, 1000, 1, 0, '越南玉芒大青芒', '', '2018-07-30 10:40:11'),
	(74, 35, 1, 10, '越南玉芒大青芒', '/Apply/View/templates/home/webuploader/upload/201712011530343674.JPG', '/Apply/View/templates/home/webuploader/upload/', '/Apply/View/templates/home/webuploader/upload/', 100, 1000, 1, 0, '越南玉芒大青芒', '', '2018-07-30 10:40:11'),
	(75, 35, 1, 10, '越南玉芒大青芒', '/Apply/View/templates/home/webuploader/upload/201712011530343674.JPG', '/Apply/View/templates/home/webuploader/upload/', '/Apply/View/templates/home/webuploader/upload/', 100, 1000, 1, 0, '越南玉芒大青芒', '', '2018-07-30 10:40:11'),
	(76, 35, 1, 10, '越南玉芒大青芒', '/Apply/View/templates/home/webuploader/upload/201712011530343674.JPG', '/Apply/View/templates/home/webuploader/upload/', '/Apply/View/templates/home/webuploader/upload/', 100, 1000, 1, 0, '越南玉芒大青芒', '', '2018-07-30 10:40:11'),
	(77, 35, 1, 10, '越南玉芒大青芒', '/Apply/View/templates/home/webuploader/upload/201712011530343674.JPG', '/Apply/View/templates/home/webuploader/upload/', '/Apply/View/templates/home/webuploader/upload/', 100, 1000, 1, 0, '越南玉芒大青芒', '', '2018-07-30 10:40:11'),
	(78, 35, 1, 10, '越南玉芒大青芒', '/Apply/View/templates/home/webuploader/upload/201712011530343674.JPG', '/Apply/View/templates/home/webuploader/upload/', '/Apply/View/templates/home/webuploader/upload/', 100, 1000, 1, 0, '越南玉芒大青芒', '', '2018-07-30 10:40:11'),
	(79, 35, 1, 10, '越南玉芒大青芒', '/Apply/View/templates/home/webuploader/upload/201712011530343674.JPG', '/Apply/View/templates/home/webuploader/upload/', '/Apply/View/templates/home/webuploader/upload/', 100, 1000, 1, 0, '越南玉芒大青芒', '', '2018-07-30 10:40:11'),
	(80, 35, 1, 10, '越南玉芒大青芒', '/Apply/View/templates/home/webuploader/upload/201712011530343674.JPG', '/Apply/View/templates/home/webuploader/upload/', '/Apply/View/templates/home/webuploader/upload/', 100, 1000, 1, 0, '越南玉芒大青芒', '', '2018-07-30 10:40:11'),
	(81, 35, 1, 10, '越南玉芒大青芒', '/Apply/View/templates/home/webuploader/upload/201712011530343674.JPG', '/Apply/View/templates/home/webuploader/upload/', '/Apply/View/templates/home/webuploader/upload/', 100, 1000, 1, 0, '越南玉芒大青芒', '', '2018-07-30 10:40:11'),
	(82, 35, 17, 6, '有机绿色青柠', '/Apply/View/templates/home/webuploader/upload/2016111711023969.jpg', '/Apply/View/templates/home/webuploader/upload/2016112514323065.jpg', '/Apply/View/templates/home/webuploader/upload/', 150, 200, 1, 0, '有机绿色青柠', '', '2018-07-31 15:08:20'),
	(83, 35, 17, 6, '有机绿色青柠', '/Apply/View/templates/home/webuploader/upload/2016120218485386.jpg', '/Apply/View/templates/home/webuploader/upload/', '/Apply/View/templates/home/webuploader/upload/', 200, 200, 1, 0, '200有机绿色青柠', '', '2018-07-31 15:08:35'),
	(84, 35, 17, 6, '有机绿色青柠', '/Apply/View/templates/home/webuploader/upload/2016120218492762.jpg', '/Apply/View/templates/home/webuploader/upload/2016120218503043.jpg', '/Apply/View/templates/home/webuploader/upload/', 200, 200, 1, 0, '有机绿色青柠', '', '2018-07-31 15:08:56');
/*!40000 ALTER TABLE `fly_product` ENABLE KEYS */;

-- 导出  表 erp_07fly_com.fly_shop 结构
CREATE TABLE IF NOT EXISTS `fly_shop` (
  `shop_id` int(16) unsigned NOT NULL AUTO_INCREMENT,
  `type_id` int(16) NOT NULL COMMENT '项目类别',
  `shop_name` varchar(256) NOT NULL COMMENT '名称 ',
  `intro` text NOT NULL COMMENT '简介',
  `content` text NOT NULL COMMENT '项目内容',
  `member_id` int(11) NOT NULL COMMENT '所属会员',
  `tel` varchar(256) NOT NULL,
  `mobile` varchar(256) NOT NULL,
  `email` varchar(256) NOT NULL,
  `address` varchar(256) NOT NULL,
  `zipcode` varchar(256) NOT NULL,
  `status` int(16) NOT NULL DEFAULT '0' COMMENT '0=未审核，1=审核 2=拒绝 4=关闭',
  `adt` datetime NOT NULL,
  PRIMARY KEY (`shop_id`) USING BTREE,
  KEY `typeid` (`type_id`) USING BTREE
) ENGINE=MyISAM AUTO_INCREMENT=14 DEFAULT CHARSET=utf8 COMMENT='店铺列表';

-- 正在导出表  erp_07fly_com.fly_shop 的数据：7 rows
DELETE FROM `fly_shop`;
/*!40000 ALTER TABLE `fly_shop` DISABLE KEYS */;
INSERT INTO `fly_shop` (`shop_id`, `type_id`, `shop_name`, `intro`, `content`, `member_id`, `tel`, `mobile`, `email`, `address`, `zipcode`, `status`, `adt`) VALUES
	(9, 34, '测试电店', '41134134', '', 1, '', '金31134134134', '', '312132', '', 2, '0000-00-00 00:00:00'),
	(10, 31, '这是修改店铺来了', '这是一家不错的一会看吧', '', 1, '', '18909092323', '', '测试的联系地址了哟', '', 2, '0000-00-00 00:00:00'),
	(7, 27, '中国青年', '', '', 1, '', '13800000000', '', '', '', 2, '0000-00-00 00:00:00'),
	(8, 30, '顶点小说', '', '', 15, '12345677', '13800000000', '163@163.com', '', '', 2, '0000-00-00 00:00:00'),
	(11, 35, '测试店铺', '成都市成都市成都市成都市基材基去134141124234冒锻', '', 1, '', '18030423432', '123123@qq.com', '成都市', '', 2, '0000-00-00 00:00:00'),
	(12, 35, '111', '123123', '', 26, '', '18012345678', '', '123123', '', 2, '0000-00-00 00:00:00'),
	(13, 27, '测试店铺', '还不错', '', 1, '', '18030402705', '123123@qq.com', '成都市天河路888号二楼', '', 1, '2018-11-22 14:26:42');
/*!40000 ALTER TABLE `fly_shop` ENABLE KEYS */;

-- 导出  表 erp_07fly_com.fly_shop_type 结构
CREATE TABLE IF NOT EXISTS `fly_shop_type` (
  `id` int(16) unsigned NOT NULL AUTO_INCREMENT,
  `typename` varchar(256) NOT NULL,
  `typedir` varchar(256) NOT NULL,
  `typetag` text NOT NULL,
  `sort` int(11) NOT NULL,
  `visible` tinyint(2) NOT NULL DEFAULT '1',
  `intro` varchar(1024) DEFAULT NULL,
  `seotitle` varchar(256) NOT NULL,
  `keywords` varchar(256) NOT NULL,
  PRIMARY KEY (`id`) USING BTREE
) ENGINE=MyISAM AUTO_INCREMENT=36 DEFAULT CHARSET=utf8 COMMENT='店铺分类';

-- 正在导出表  erp_07fly_com.fly_shop_type 的数据：6 rows
DELETE FROM `fly_shop_type`;
/*!40000 ALTER TABLE `fly_shop_type` DISABLE KEYS */;
INSERT INTO `fly_shop_type` (`id`, `typename`, `typedir`, `typetag`, `sort`, `visible`, `intro`, `seotitle`, `keywords`) VALUES
	(27, '日用产品', '', '', 1, 1, '日用产品', '', ''),
	(35, '美食', '', '', 2, 1, '顶替 这个分类还是可以呀', '', ''),
	(34, '汽车用品', '', '', 4, 1, '', '', ''),
	(30, '材料组', '', '', 0, 1, '', '', ''),
	(31, '机械能源组', '', '1', 0, 1, '', '', ''),
	(32, '商业服务', '', '', 0, 1, '', '', '');
/*!40000 ALTER TABLE `fly_shop_type` ENABLE KEYS */;

-- 导出  表 erp_07fly_com.fly_single_pages 结构
CREATE TABLE IF NOT EXISTS `fly_single_pages` (
  `id` int(16) NOT NULL AUTO_INCREMENT,
  `sort` int(16) NOT NULL DEFAULT '0',
  `title` varchar(256) NOT NULL,
  `keywords` varchar(256) NOT NULL,
  `description` varchar(1024) NOT NULL,
  `temp` varchar(1024) NOT NULL,
  `content` text NOT NULL,
  `adt` datetime DEFAULT NULL,
  PRIMARY KEY (`id`)
) ENGINE=MyISAM AUTO_INCREMENT=29 DEFAULT CHARSET=utf8;

-- 正在导出表  erp_07fly_com.fly_single_pages 的数据：2 rows
DELETE FROM `fly_single_pages`;
/*!40000 ALTER TABLE `fly_single_pages` DISABLE KEYS */;
INSERT INTO `fly_single_pages` (`id`, `sort`, `title`, `keywords`, `description`, `temp`, `content`, `adt`) VALUES
	(26, 0, '关于我们', '在线操盘', '这是测试的在线操盘内容哟', 'home/single_pages.html', '<p><span style="font-family:&quot;;color:#000000;Microsoft YaHei&quot;, SimHei, sans-serif; font-size: 14px; font-style: normal; font-variant-ligatures: normal; font-variant-caps: normal; font-weight: 400; letter-spacing: normal; orphans: 2; text-align: start; text-indent: 0px; text-transform: none; white-space: normal; widows: 2; word-spacing: 0px; -webkit-text-stroke-width: 0px; background-color: rgb(255, 255, 255); text-decoration-style: initial; text-decoration-color: initial; display: inline !important; float: none;">成都知行天下网络科技有限公司办公室地址位于有着3000余年的建城史，故有“锦官城”之称的成都，成都 成都市成华区建设路10号1栋2单元19楼1904号，于2015-12-17 在成都工商局注册成立，注册资本为600&nbsp;万元人民币（万元），公司已经公司发展壮大的3年，愿与社会各界同仁携手合作，谋求共同发展，继续为新老客户提供最优秀的产品和服务。我公司主要经营计算机软硬件技术开发、技术转让、技术咨询、技术服务；计算机网络工程；计算机软硬件及外围设备、电子产品销售、安装及维修；网页设计；企业管理咨询；办公用品、电子产品配件的销售。，在职员工有20人，，我公司与多家成都信息传输、计算机服务和软件业黄页零售商和代理商建立了长期稳定的合作关系，品种齐全、价格合理，企业实力雄厚，重信用、守合同、保证产品质量，以多品种经营特色和薄利多销的原则，赢得了广大客户的信任，公司始终奉行“诚信求实、致力服务、唯求满意”的企业宗旨，全力跟随客户需求，不断进行产品创新和服务改进。 公司，联系电话为+86-13488927165，期待您的来电咨询</span></p>', '2018-07-19 15:40:55'),
	(27, 100, '联系我们', '', '联系我们', 'home/single_pages.html', '', '2018-07-19 15:57:40');
/*!40000 ALTER TABLE `fly_single_pages` ENABLE KEYS */;

-- 导出  表 erp_07fly_com.fly_suggest 结构
CREATE TABLE IF NOT EXISTS `fly_suggest` (
  `id` int(16) NOT NULL AUTO_INCREMENT,
  `member_id` int(16) NOT NULL DEFAULT '0',
  `title` varchar(256) NOT NULL,
  `content` text NOT NULL,
  `reply` text NOT NULL,
  `adt` datetime DEFAULT NULL,
  PRIMARY KEY (`id`)
) ENGINE=MyISAM AUTO_INCREMENT=34 DEFAULT CHARSET=utf8;

-- 正在导出表  erp_07fly_com.fly_suggest 的数据：3 rows
DELETE FROM `fly_suggest`;
/*!40000 ALTER TABLE `fly_suggest` DISABLE KEYS */;
INSERT INTO `fly_suggest` (`id`, `member_id`, `title`, `content`, `reply`, `adt`) VALUES
	(31, 15, '第一次报价', '他们做的不好呀', '回复还是可以啊', '2018-06-23 20:34:09'),
	(32, 15, '我要近几年', 't15这个帐号有问题了呀', '', '2018-06-23 20:56:33'),
	(33, 1, '成都酒店不好哟', '里服务太不好了哟', '这个东西还不错哟', '2018-07-18 11:12:17');
/*!40000 ALTER TABLE `fly_suggest` ENABLE KEYS */;

-- 导出  表 erp_07fly_com.fly_sys_area 结构
CREATE TABLE IF NOT EXISTS `fly_sys_area` (
  `id` int(4) NOT NULL AUTO_INCREMENT,
  `parentID` int(4) NOT NULL,
  `sort` int(4) NOT NULL,
  `name` varchar(12) NOT NULL,
  `type` int(1) NOT NULL,
  `visible` int(1) NOT NULL,
  `intro` varchar(256) NOT NULL,
  PRIMARY KEY (`id`)
) ENGINE=MyISAM AUTO_INCREMENT=6 DEFAULT CHARSET=utf8 COMMENT='地区表';

-- 正在导出表  erp_07fly_com.fly_sys_area 的数据：4 rows
DELETE FROM `fly_sys_area`;
/*!40000 ALTER TABLE `fly_sys_area` DISABLE KEYS */;
INSERT INTO `fly_sys_area` (`id`, `parentID`, `sort`, `name`, `type`, `visible`, `intro`) VALUES
	(1, 0, 1, '四川', 0, 1, ''),
	(2, 1, 1, '成都', 0, 1, ''),
	(3, 2, 1, '金堂县', 0, 1, ''),
	(5, 0, 1, '天河', 0, 1, '');
/*!40000 ALTER TABLE `fly_sys_area` ENABLE KEYS */;

-- 导出  表 erp_07fly_com.fly_sys_config 结构
CREATE TABLE IF NOT EXISTS `fly_sys_config` (
  `id` int(11) NOT NULL AUTO_INCREMENT,
  `name` varchar(128) NOT NULL,
  `varname` varchar(128) NOT NULL,
  `value` text NOT NULL,
  `type` varchar(50) NOT NULL COMMENT '字段类型',
  `groupid` tinyint(2) NOT NULL,
  PRIMARY KEY (`id`),
  UNIQUE KEY `name` (`name`)
) ENGINE=MyISAM AUTO_INCREMENT=9 DEFAULT CHARSET=utf8 COMMENT='系统配置表';

-- 正在导出表  erp_07fly_com.fly_sys_config 的数据：8 rows
DELETE FROM `fly_sys_config`;
/*!40000 ALTER TABLE `fly_sys_config` DISABLE KEYS */;
INSERT INTO `fly_sys_config` (`id`, `name`, `varname`, `value`, `type`, `groupid`) VALUES
	(1, '系统域名 ', 'basehost', 'http://www.07fly.xyz', 'string', 0),
	(2, '系统标题', 'title', '首页', 'string', 0),
	(3, '系统名称', 'name', '零起飞客户关系管理系统-07fly-CRM ', 'string', 0),
	(4, '系统版权', 'powerby', '网站版信息', 'bstring', 0),
	(5, '公司名称', 'companyname', '成都零起飞网络', 'string', 0),
	(6, '公司简介', 'companydesc', '<h4>零起飞介绍:</h4><p>服务项目：网站建设，域名空间，优化排名，网站推广，网站维护，软件定制等业务。 我们是技术性团队，只用作品说话。</p><p>服务宗旨：以质量求生存，以服务谋发展，以信誉创品牌</p><h4><br/></h4><h4>零起飞开源项目:</h4><p><a href="https://gitee.com/07fly/FLY-CRM" target="_blank">客户关系管理系统-（07FLY-CRM）</a><a href="//shang.qq.com/wpa/qunwpa?idkey=b587b0c97d7a7e17b805c05f5c2e4aa1a2a16958edee01c2d5208ac675e6d4aa" target="_blank">(QQ)交流群：575085787</a></p><p><a href="https://gitee.com/07fly/lingqifei" target="_blank">企业建站管理系统-（07FLY-CMS）</a><a href="//shang.qq.com/wpa/qunwpa?idkey=c7344a52e726be533fbdefe8cffd7f856d70ffe167afecb09c8cb0e27de731bf" target="_blank">(QQ)交流群：156729480</a></p><p><a href="https://gitee.com/07fly/07flyfms" target="_blank">小说网站管理系统-（07FLY-FMS）</a><a href="//shang.qq.com/wpa/qunwpa?idkey=630dd170e1779efe9edc5c24f08c0e9cac62524dc29cb3c711d21e88b18291d5" target="_blank">(QQ)交流群：326456035</a></p><p><a href="https://gitee.com/07fly/FLY-WEBOS" target="_blank">桌面应用框架系统-（WebSystem）</a> <a href="//shang.qq.com/wpa/qunwpa?idkey=55cf781a3aa2a259af48372f5ae3db00e82eae519e1140ec3e049e720fc2ea4a" target="_blank">(QQ)交流群：201192371</a></p><p><a href="http://bbs.zm-kj.com/forum-78-1.html" target="_blank">宽带认证计费系统-（AAARadius）</a> <a href="//shang.qq.com/wpa/qunwpa?idkey=6d5c31325e3168ef9cd16ea624fb2959e27eacdd4b06dfd4f240c13ce59f79ba" target="_blank">(QQ)交流群：125444118</a></p><h4><br/></h4><h4>有偿服务请联系:</h4><p>定制化开发,公司培训,技术支持,解决使用过程中出现的全部疑难问题</p><p>开发团队：零起飞网络</p><p>合作电话：18030402705(李先生)</p><p>技术支持：goodmuzi@qq.com</p><h4><br/></h4><h4>有限担保和免责声明:</h4><p>本软件及所附带的文件是作为不提供任何明确的或隐含的赔偿或担保的形式提供的。\r\n &nbsp; &nbsp; &nbsp; &nbsp; &nbsp;&nbsp; <br/></p><p>用户出于自愿而使用本软件，您必须了解使用本软件的风险，在尚未购买产品技术服务之前，\r\n &nbsp; &nbsp; &nbsp; &nbsp; &nbsp;&nbsp; <br/></p><p>我们不承诺提供任何形式的技术支持、使用担保，也不承担任何因使用本软件而产生问题的相关责任。\r\n &nbsp; &nbsp; &nbsp; &nbsp; &nbsp;&nbsp; <br/></p><p>究相关责任的权力。</p>', 'text', 0),
	(7, '联系电话', 'phone', '18030402705', 'string', 0),
	(8, '联系地址', 'address', '四川省成都市量力钢材城贸易区A4-3', 'string', 0);
/*!40000 ALTER TABLE `fly_sys_config` ENABLE KEYS */;

-- 导出  表 erp_07fly_com.fly_sys_dept 结构
CREATE TABLE IF NOT EXISTS `fly_sys_dept` (
  `id` int(16) unsigned NOT NULL AUTO_INCREMENT,
  `name` varchar(32) CHARACTER SET utf8 NOT NULL,
  `parentID` int(11) NOT NULL,
  `sort` int(11) NOT NULL,
  `visible` tinyint(2) NOT NULL DEFAULT '1',
  `tel` varchar(32) CHARACTER SET utf8 DEFAULT NULL,
  `fax` varchar(32) CHARACTER SET utf8 NOT NULL,
  `intro` varchar(1024) CHARACTER SET utf8 DEFAULT NULL,
  PRIMARY KEY (`id`)
) ENGINE=MyISAM AUTO_INCREMENT=28 DEFAULT CHARSET=armscii8 COMMENT='部门表';

-- 正在导出表  erp_07fly_com.fly_sys_dept 的数据：8 rows
DELETE FROM `fly_sys_dept`;
/*!40000 ALTER TABLE `fly_sys_dept` DISABLE KEYS */;
INSERT INTO `fly_sys_dept` (`id`, `name`, `parentID`, `sort`, `visible`, `tel`, `fax`, `intro`) VALUES
	(1, '行业云经营部', 0, 1, 1, '12345677', '02888133145', '主要是用来产的哟'),
	(2, '商务部', 0, 1, 1, '028 8976214', '028 8976214', ''),
	(6, '行政部', 0, 1, 1, '02861833149', '02861833149', ''),
	(7, '销售二部', 2, 1, 0, '', '', ''),
	(8, '销售推广部', 0, 0, 1, '', '', ''),
	(27, '技术部', 0, 0, 1, '', '', ''),
	(10, '运营服务部', 0, 0, 1, '0', '', ''),
	(11, '技术一组', 1, 0, 1, '', '', '');
/*!40000 ALTER TABLE `fly_sys_dept` ENABLE KEYS */;

-- 导出  表 erp_07fly_com.fly_sys_log 结构
CREATE TABLE IF NOT EXISTS `fly_sys_log` (
  `id` int(16) NOT NULL AUTO_INCREMENT,
  `ipaddr` varchar(16) NOT NULL,
  `content` text,
  `create_user_id` varchar(32) DEFAULT NULL,
  `create_time` datetime NOT NULL,
  PRIMARY KEY (`id`)
) ENGINE=MyISAM DEFAULT CHARSET=utf8 COMMENT='系统日志表';

-- 正在导出表  erp_07fly_com.fly_sys_log 的数据：0 rows
DELETE FROM `fly_sys_log`;
/*!40000 ALTER TABLE `fly_sys_log` DISABLE KEYS */;
/*!40000 ALTER TABLE `fly_sys_log` ENABLE KEYS */;

-- 导出  表 erp_07fly_com.fly_sys_menu 结构
CREATE TABLE IF NOT EXISTS `fly_sys_menu` (
  `id` int(4) unsigned NOT NULL AUTO_INCREMENT,
  `name` varchar(64) NOT NULL,
  `name_en` varchar(64) NOT NULL,
  `url` varchar(128) NOT NULL,
  `parentID` int(4) NOT NULL,
  `sort` int(4) NOT NULL,
  `visible` int(2) NOT NULL,
  PRIMARY KEY (`id`)
) ENGINE=MyISAM AUTO_INCREMENT=122 DEFAULT CHARSET=utf8 COMMENT='系统菜单栏目';

-- 正在导出表  erp_07fly_com.fly_sys_menu 的数据：97 rows
DELETE FROM `fly_sys_menu`;
/*!40000 ALTER TABLE `fly_sys_menu` DISABLE KEYS */;
INSERT INTO `fly_sys_menu` (`id`, `name`, `name_en`, `url`, `parentID`, `sort`, `visible`) VALUES
	(1, '系统管理', 'SystemManage', 'cogs', 0, 100, 1),
	(2, '客户管理', 'Customer', 'user', 0, 20, 1),
	(3, '统计分析', '', 'line-chart', 0, 50, 1),
	(4, '系统设置', '', '#', 1, 11, 0),
	(5, '组织结构', '', '#', 82, 12, 1),
	(6, '商品管理', '', 'goods', 82, 13, 1),
	(7, '数据字典', '', '#', 82, 13, 1),
	(8, '消息通知', '', '/sysmanage/Message/message_show/', 1, 16, 1),
	(9, '销售管理', '', 'sal', 2, 22, 0),
	(10, '采购合同统计', '', '/erp/ChartPurchase/chart_purchase_show/', 3, 23, 1),
	(11, '公共客户', '', '/crm/CstCustomerComm/cst_customer_comm_show/', 2, 213, 1),
	(12, '供应商管理', '', 'users', 0, 31, 1),
	(13, '采购管理', '', 'ship', 0, 32, 1),
	(14, '库存管理', 'kucun', 'cube', 0, 40, 1),
	(15, '系统参数', 'system', '/sysmanage/SysConfig/sys_config/', 1, 12, 1),
	(16, '系统菜单', '', '/sysmanage/Menu/menu_show/', 1, 13, 1),
	(17, '密码修改', 'serial', '/sysmanage/Sys/sys_password_modify/', 1, 15, 1),
	(18, '商品规格', 'system log', '/goods/GoodsSpec/goods_spec_show/', 6, 136, 1),
	(19, '数据库管理', 'database', '/sysmanage/SysData/sys_data/', 1, 21, 1),
	(20, '系统升级', '#', '/sysmanage/Sys/sys_upgrade/', 1, 100, 1),
	(21, '部门管理', '', '/sysmanage/Dept/dept_show/', 5, 115, 1),
	(22, '岗位管理', '', '/sysmanage/Position/position_show/', 5, 122, 1),
	(23, '角色管理', 'Role Management', '/sysmanage/Role/role_show/', 5, 122, 1),
	(24, '用户管理', 'Sys User Management', '/sysmanage/User/user_show/', 5, 124, 1),
	(25, '商品维护', 'product_dict', '/goods/Goods/goods_show/', 6, 131, 1),
	(26, '商品分类', '', '/goods/GoodsCategory/goods_category_show/', 6, 134, 1),
	(27, '商品品牌', 'ProductType', '/goods/GoodsBrand/goods_brand_show/', 6, 133, 1),
	(28, '商品类型', '', '/goods/GoodsAttr/goods_attr_show/', 6, 135, 1),
	(29, '字典管理', '', '/crm/CstDict/cst_dict_show/', 7, 141, 1),
	(30, '仓库管理', '', '/erp/StockStore/stock_store_show/', 82, 142, 1),
	(31, '经济类型', '', '/crm/CstDict/cst_dict_show/type/ecotype/', 7, 143, 0),
	(32, '客户来源', '', '/crm/CstDict/cst_dict_show/type/source/', 7, 144, 0),
	(33, '销售方式', '', '/crm/CstDict/cst_dict_show/type/salemode/', 7, 145, 0),
	(34, '销售阶段', '', '/crm/CstDict/cst_dict_show/type/salestage/', 7, 146, 0),
	(35, '服务类型', 'Service Type', '/crm/CstDict/cst_dict_show/type/services/', 7, 147, 0),
	(36, '服务方式', '', '/crm/CstDict/cst_dict_show/type/servicesmodel/', 7, 148, 0),
	(37, '我的客户', 'Customer List', '/crm/CstCustomer/cst_customer_show/', 2, 211, 1),
	(38, '客户联系人', 'Customer Linkman', '/crm/CstLinkman/cst_linkman_show/', 2, 214, 1),
	(39, '公告通知', '#', '/sysmanage/Notice/notice_show/', 1, 17, 1),
	(40, '服务记录', 'Service', '/crm/CstService/cst_service_show/', 2, 215, 1),
	(41, '地区管理', '#', '/sysmanage/Area/area_show/', 82, 215, 1),
	(42, '销售机会', '', '/crm/CstChance/cst_chance_show/', 2, 221, 1),
	(43, '跟踪记录', '', '/crm/CstTrace/cst_trace_show/', 2, 222, 1),
	(44, '产品报价', '', '/crm/CstQuoted/cst_quoted_show/', 9, 223, 0),
	(45, '项目报备', '', '/crm/CstFiling/cst_filing_show/', 9, 224, 0),
	(46, '销售合同', 'sale contract', '/crm/SalContract/sal_contract_show/', 2, 231, 1),
	(47, '多维度统计', 'Contract', '/erp/ChartDime/chart_dime_show/', 3, 232, 1),
	(48, '销售合同统计', 'Contact', '/erp/ChartSale/chart_sale_show/', 3, 233, 1),
	(49, '字段扩展', 'Sale order', '/crm/CstFieldExt/cst_field_ext_show/', 1, 22, 1),
	(50, '下属客户', 'Order Sale', '/crm/CstCustomerDept/cst_customer_dept_show/', 2, 212, 1),
	(51, '供应商列表', 'Supplier', '/erp/SupSupplier/sup_supplier_show/', 12, 311, 1),
	(52, '供应商联系人', '', '/erp/SupLinkman/sup_linkman_show/', 12, 312, 1),
	(53, '商品SKU', '', '/goods/GoodsSku/goods_sku_show/', 6, 132, 1),
	(54, '采购订单', 'POS', '/erp/PosContract/pos_contract_show/', 13, 321, 1),
	(55, '采购明细', 'POS Detail', '/erp/PosContractList/pos_contract_list_show/', 13, 322, 1),
	(56, '库存清单', '', '/erp/StockGoodsSku/stock_goods_sku_show//', 14, 331, 1),
	(57, '入库单', '', '/erp/StockInto/stock_into_show/', 14, 332, 1),
	(58, '入库明细', '', '/erp/StockIntoList/stock_into_list_show/', 14, 333, 1),
	(59, '出库单', '', '/erp/StockOut/stock_out_show/', 14, 334, 1),
	(60, '出库明细', '', '/erp/StockOutList/stock_out_list_show/', 14, 335, 1),
	(61, '系统方法', 'System Model', '/sysmanage/Method/method_show/', 1, 14, 1),
	(63, '资金管理', 'Finace', 'money', 0, 60, 1),
	(64, '资金注入抽取', '统计分析', '/erp/FinCapitalRecord/fin_capital_record_show/', 63, 41, 1),
	(65, '财务类型', '财务类型', 'finance', 82, 42, 1),
	(66, '付款管理', '付款管理', 'pay', 63, 43, 1),
	(67, '回款管理', '回款管理', 'back', 63, 44, 1),
	(68, '收入开支', '收入开支', '收入开支', 63, 45, 1),
	(69, '费用收入类型', 'income', '/erp/FinIncomeType/fin_income_type_show/', 65, 1, 1),
	(70, '费用开支类型', 'income', '/erp/FinExpensesType/fin_expenses_type_show/', 65, 2, 1),
	(71, '银行帐号管理', '银行帐号管理', '/erp/FinBankAccount/fin_bank_account_show/', 65, 3, 1),
	(72, '付款计划', 'FinPayPlan', '/erp/FinPayPlan/fin_pay_plan_show/', 66, 1, 1),
	(73, '付款记录', '付款记录', '/erp/FinPayRecord/fin_pay_record_show/', 66, 2, 1),
	(74, '收票记录', '收票记录', '/erp/FinInvoiceRece/fin_invoice_rece_show/', 66, 3, 1),
	(75, '回款计划', '回款计划', '/erp/FinRecePlan/fin_rece_plan_show/', 67, 1, 1),
	(76, '回款记录', '回款记录', '/erp/FinReceRecord/fin_rece_record_show/', 67, 2, 1),
	(77, '开票记录', '开票记录', '/erp/FinInvoicePay/fin_invoice_pay_show/', 67, 3, 1),
	(78, '报销单审核', '报销单审核', '报销单审核', 68, 1, 0),
	(79, '其它收入单', '其它收入单', '/erp/FinIncomeRecord/fin_income_record_show/', 68, 2, 1),
	(80, '费用支出单', '费用支出单', '/erp/FinExpensesRecord/fin_expenses_record_show/', 68, 3, 1),
	(81, '邮件群发', 'email', 'email', 1, 20, 0),
	(82, '基础数据', 'sendFrom', 'server', 0, 80, 1),
	(83, '接收地址', 'sendFrom', '/tools/EmailSend/email_receiver_show/', 81, 0, 1),
	(84, '方案定制', 'sendFrom', '/tools/EmailSend/email_scheme_show/', 81, 2, 1),
	(85, '邮件模板', 'moban', '/tools/EmailSend/email_mb_show/', 81, 0, 1),
	(86, '日志跟踪', 'schemeLog', '/tools/EmailSend/email_scheme_log_show/', 81, 1, 1),
	(87, '帐户流水记录', 'Flow', '/erp/FinFlowRecord/fin_flow_record_show/', 63, 46, 1),
	(88, '网站管理', 'website', '/crm/CstWebsite/cst_website_show/', 2, 232, 1),
	(89, '字典分类', '栏目名称', '/crm/CstDictType/cst_dict_type_show/', 7, 1, 1),
	(91, '店铺管理', '', '/admin/Shop/shop_show', 120, 2, 1),
	(92, '员工管理', '', 'user-secret', 0, 70, 1),
	(93, '员工档案', '', '/hrm/HrmStaff/hrm_staff_show/', 92, 1, 1),
	(94, '用工记录', '', '/hrm/HrmStaffEmploy/hrm_staff_employ_show/', 92, 2, 1),
	(95, '个人证书', '', '/hrm/HrmStaffCertified/hrm_staff_certified_show/', 92, 3, 1),
	(96, '考核记录', '', '/hrm/HrmStaffExamine/hrm_staff_examine_show/', 92, 4, 1),
	(97, '奖罚记录', '', '/hrm/HrmStaffReward/hrm_staff_reward_show/', 92, 5, 1),
	(98, '谈话记录', '', '/hrm/HrmStaffTalk/hrm_staff_talk_show/', 92, 6, 1),
	(99, '劳动合同', '', '/hrm/HrmStaffContract/hrm_staff_contract_show/', 92, 7, 1),
	(100, '邮件记录', 'emaillog', '/sysmanage/EmailLog/email_log_show/', 119, 3, 1),
	(101, '邮件模板', 'mb', '/sysmanage/EmailMb/email_mb_show/', 119, 2, 1),
	(102, '帮助中心管理', 'help_show', '/admin/Help/help_show/', 104, 1, 1),
	(103, '帮助中心分类', 'help_type_show', '/admin/HelpType/help_type_show/', 104, 1, 1),
	(104, '帮助中心', 'help', 'help', 120, 3, 1),
	(105, '投诉见意', 'suggest_show', '/admin/Suggest/suggest_show/', 120, 110, 1),
	(106, '新闻分类', 'news_type_show', '/admin/NewsType/news_type_show/', 120, 50, 1),
	(107, '新闻管理', 'news_show', '/admin/News/news_show/', 120, 20, 1),
	(108, '单页管理', 'single_pages_show', '/admin/SinglePages/single_pages_show/', 120, 120, 1),
	(109, '短信记录', 'sms_log', '/sysmanage/SmsLog/sms_log_show/', 114, 2, 1),
	(110, '图片广告', 'Member', '/admin/NoticeBanner/notice_banner_show/', 120, 100, 1),
	(111, '邮件配置', 'Member', '/sysmanage/Email/email_config/', 119, 1, 1),
	(112, '地区管理', 'Area', '/sysmanage/Area/area_show/', 1, 15, 1),
	(113, '佣金记录', 'StarLevel', '/admin/MemberQuick/member_quick_show/', 121, 3, 1),
	(114, '短信配置', 'sms', 'sms', 1, 200, 1),
	(115, '短信设置', 'sms_config', '/sysmanage/Sms/sms_config/', 114, 1, 1),
	(116, '会员列表', 'shop', '/admin/Member/member_show/', 121, 1, 1),
	(117, '会员分类', 'shopType', '/admin/MemberType/member_type_show/', 121, 1, 1),
	(118, '店铺分类', 'shop_type', '/admin/ShopType/shop_type_show/', 120, 1, 1),
	(119, '邮件设置', 'email', 'email', 1, 300, 1),
	(120, '门店管理', 'email', 'users', 0, 4, 1),
	(121, '会员管理', 'member', 'member manage', 120, 4, 1);
/*!40000 ALTER TABLE `fly_sys_menu` ENABLE KEYS */;

-- 导出  表 erp_07fly_com.fly_sys_message 结构
CREATE TABLE IF NOT EXISTS `fly_sys_message` (
  `id` int(16) NOT NULL AUTO_INCREMENT,
  `msg_type` varchar(256) NOT NULL COMMENT '消息类型',
  `msg_title` varchar(256) NOT NULL COMMENT '消息主题',
  `flag` tinyint(4) NOT NULL DEFAULT '-1' COMMENT '-1=未查看，1=查看',
  `url_type` varchar(50) NOT NULL,
  `url_id` int(11) NOT NULL DEFAULT '0',
  `owner_user_id` int(2) NOT NULL DEFAULT '0' COMMENT '所属用户编号',
  `create_time` datetime NOT NULL COMMENT '创建时间',
  `remind_time` datetime NOT NULL COMMENT '提醒时间',
  PRIMARY KEY (`id`)
) ENGINE=MyISAM AUTO_INCREMENT=24 DEFAULT CHARSET=utf8 COMMENT='消息信息';

-- 正在导出表  erp_07fly_com.fly_sys_message 的数据：9 rows
DELETE FROM `fly_sys_message`;
/*!40000 ALTER TABLE `fly_sys_message` DISABLE KEYS */;
INSERT INTO `fly_sys_message` (`id`, `msg_type`, `msg_title`, `flag`, `url_type`, `url_id`, `owner_user_id`, `create_time`, `remind_time`) VALUES
	(1, '客户预约联系', '联系客户成都零起飞网络', 1, 'cst_customer', 1, 1, '2019-11-24 18:02:46', '2019-11-26 18:00:26'),
	(13, '客户预约联系', '联系客户成都零起飞网络', 1, 'cst_customer', 1, 1, '2020-05-18 13:52:42', '2020-05-18 14:33:18'),
	(17, '客户预约联系', '联系客户测试', 1, 'cst_customer', 343, 2, '2021-11-13 12:09:21', '2021-11-13 12:09:21'),
	(18, '客户预约联系', '联系客户啊啊啊', 1, 'cst_customer', 344, 2, '2021-11-20 17:44:32', '2021-11-20 17:44:30'),
	(19, '客户预约联系', '联系客户啊啊啊', 1, 'cst_customer', 344, 2, '2021-11-25 16:52:56', '2021-11-30 17:50:23'),
	(20, '客户预约联系', '联系客户FEWGW', 1, 'cst_customer', 435, 2, '2021-12-08 17:14:41', '2021-12-16 17:10:46'),
	(21, '客户预约联系', '联系客户成都零起飞网络', 1, 'cst_customer', 1, 2, '2021-12-22 10:48:36', '2021-12-22 10:50:15'),
	(22, '客户预约联系', '联系客户成都零起飞网络', 1, 'cst_customer', 1, 2, '2022-01-11 14:35:53', '2022-01-19 14:30:09'),
	(23, '客户预约联系', '联系客户123', 1, 'cst_customer', 442, 2, '2022-01-14 18:38:29', '2021-12-31 14:35:01');
/*!40000 ALTER TABLE `fly_sys_message` ENABLE KEYS */;

-- 导出  表 erp_07fly_com.fly_sys_method 结构
CREATE TABLE IF NOT EXISTS `fly_sys_method` (
  `id` int(4) unsigned NOT NULL AUTO_INCREMENT,
  `menuID` int(4) NOT NULL,
  `name` varchar(64) NOT NULL,
  `value` varchar(64) NOT NULL,
  `sort` int(4) NOT NULL,
  `visible` int(2) NOT NULL,
  PRIMARY KEY (`id`)
) ENGINE=MyISAM AUTO_INCREMENT=108 DEFAULT CHARSET=utf8 COMMENT='系统方法';

-- 正在导出表  erp_07fly_com.fly_sys_method 的数据：89 rows
DELETE FROM `fly_sys_method`;
/*!40000 ALTER TABLE `fly_sys_method` DISABLE KEYS */;
INSERT INTO `fly_sys_method` (`id`, `menuID`, `name`, `value`, `sort`, `visible`) VALUES
	(2, 21, '增加2', 'dept_add', 2, 1),
	(3, 21, '删除', 'dept_del', 3, 1),
	(4, 22, '删除', 'position_del', 3, 1),
	(5, 22, '添加', 'position_add', 1, 1),
	(8, 23, '增加', 'role_add', 2, 1),
	(9, 23, '修改', 'role_modify', 3, 1),
	(10, 23, '删除', 'role_del', 4, 1),
	(12, 24, '增加', 'user_add', 2, 1),
	(13, 24, '修改', 'user_modify', 3, 1),
	(14, 24, '删除', 'user_del', 4, 1),
	(16, 25, '增加', 'pro_dict_add', 2, 1),
	(18, 27, '增加', 'pro_type_add', 2, 1),
	(19, 27, '修改', 'pro_type_modify', 3, 1),
	(20, 27, '删除', 'pro_type_del', 4, 1),
	(21, 28, '删除', 'product_del', 4, 1),
	(23, 28, '增加', 'product_add', 2, 1),
	(24, 28, '修改', 'product_modify', 3, 1),
	(26, 37, '增加', 'cst_customer_add', 2, 1),
	(27, 37, '修改', 'cst_customer_modify', 3, 1),
	(28, 37, '删除', 'cst_customer_del', 4, 1),
	(30, 38, '增加', 'cst_linkman_add', 2, 1),
	(31, 38, '修改', 'cst_linkman_modify', 3, 1),
	(32, 38, '删除', 'cst_linkman_del', 4, 1),
	(34, 40, '增加', 'cst_service_add', 2, 1),
	(35, 40, '修改', 'cst_service_modify', 3, 1),
	(36, 40, '删除', 'cst_service_del', 4, 1),
	(38, 42, '增加', 'cst_chance_add', 2, 1),
	(39, 42, '修改', 'cst_chance_modify', 3, 1),
	(40, 42, '删除', 'cst_chance_del', 4, 1),
	(42, 43, '增加', 'cst_trace_add', 2, 1),
	(43, 43, '修改', 'cst_trace_modify', 4, 1),
	(44, 43, '删除', 'cst_trace_del', 4, 1),
	(46, 44, '增加', 'cst_quoted_add', 2, 1),
	(47, 44, '修改', 'cst_quoted_modify', 3, 1),
	(48, 44, '删除', 'cst_quoted_del', 4, 1),
	(50, 45, '增加', 'cst_filing_add', 2, 1),
	(51, 45, '修改', 'cst_filing_modify', 3, 1),
	(52, 45, '删除', 'cst_filing_del', 4, 1),
	(55, 22, '删除', 'postion_del', 4, 1),
	(56, 21, '修改', 'dept_modify', 3, 0),
	(57, 63, '资金注入抽取', '资金注入抽取', 41, 1),
	(58, 63, '财务类型', '财务类型', 42, 1),
	(59, 63, '付款管理', '付款管理', 43, 1),
	(60, 63, '回款管理', '回款管理', 44, 1),
	(61, 46, '添加', 'sal_contract_add', 1, 1),
	(62, 46, '修改', 'sal_contract_modify', 2, 1),
	(64, 46, '删除', 'sal_contract_del', 3, 1),
	(65, 88, '增加', 'cst_website_add', 1, 1),
	(66, 88, '修改', 'cst_website_modify', 2, 1),
	(67, 88, '删除', 'cst_website_del', 3, 1),
	(68, 51, '添加', 'sup_supplier_add', 1, 1),
	(69, 51, '修改', 'sup_supplier_modify', 2, 1),
	(70, 51, '删除', 'sup_supplier_del', 3, 1),
	(71, 52, '添加', 'sup_linkman_add', 1, 1),
	(72, 52, '修改', 'sup_linkman_modify', 2, 1),
	(73, 52, '删除', 'sup_linkman_del', 3, 1),
	(74, 54, '添加', 'pos_contract_add', 1, 1),
	(75, 54, '修改', 'pos_contract_modify', 2, 1),
	(77, 64, '添加', 'fin_capital_add', 1, 1),
	(78, 64, '删除', 'fin_capital_del', 2, 1),
	(79, 72, '添加', 'fin_pay_plan_add', 1, 1),
	(80, 72, '修改', 'fin_pay_plan_modify', 2, 1),
	(81, 72, '删除', 'fin_pay_plan_del', 3, 1),
	(82, 72, '付款', 'fin_pay_plan_sure', 4, 1),
	(83, 73, '添加', 'fin_pay_record_add', 1, 1),
	(84, 73, '删除', 'fin_pay_record_del', 2, 1),
	(85, 74, '添加', 'fin_invoice_rece_add', 1, 1),
	(86, 74, '删除', 'fin_invoice_rece_del', 2, 1),
	(87, 75, '添加', 'fin_rece_plan_add', 1, 1),
	(88, 75, '修改', 'fin_rece_plan_modify', 2, 1),
	(89, 75, '删除', 'fin_rece_plan_del', 3, 1),
	(90, 75, '确认', 'fin_rece_plan_add', 4, 1),
	(91, 76, '添加', 'fin_rece_record_add', 1, 1),
	(92, 76, '修改', 'fin_rece_record_modify', 2, 1),
	(93, 77, '添加', 'fin_invoice_rece_add', 1, 1),
	(94, 77, '删除', 'fin_invoice_rece_del', 2, 1),
	(95, 79, '添加', 'fin_income_record_add', 1, 1),
	(96, 79, '删除', 'fin_income_record_del', 2, 1),
	(97, 80, '添加', 'fin_expenses_record_add', 1, 1),
	(98, 80, '删除', 'fin_expenses_record_del', 2, 1),
	(99, 23, '权限维护', 'role_check_power', 5, 1),
	(100, 89, '添加', 'cst_dict_add', 1, 1),
	(101, 89, '修改', 'cst_dict_modify', 2, 1),
	(102, 89, '删除', 'cst_dict_del', 3, 1),
	(103, 29, '添加 ', 'cst_dict_type_add', 1, 1),
	(104, 29, '修改', 'cst_dict_type_modify', 1, 1),
	(105, 29, '删除', 'cst_dict_type_del', 3, 1),
	(106, 14, '', '', 0, 1),
	(107, 79, '客户', '', 1, 1);
/*!40000 ALTER TABLE `fly_sys_method` ENABLE KEYS */;

-- 导出  表 erp_07fly_com.fly_sys_position 结构
CREATE TABLE IF NOT EXISTS `fly_sys_position` (
  `id` int(16) unsigned NOT NULL AUTO_INCREMENT,
  `name` varchar(32) CHARACTER SET utf8 NOT NULL,
  `parentID` int(11) NOT NULL,
  `sort` int(11) NOT NULL,
  `visible` tinyint(2) NOT NULL DEFAULT '1',
  `intro` varchar(1024) CHARACTER SET utf8 DEFAULT NULL,
  PRIMARY KEY (`id`)
) ENGINE=MyISAM AUTO_INCREMENT=11 DEFAULT CHARSET=armscii8 COMMENT='职位表';

-- 正在导出表  erp_07fly_com.fly_sys_position 的数据：8 rows
DELETE FROM `fly_sys_position`;
/*!40000 ALTER TABLE `fly_sys_position` DISABLE KEYS */;
INSERT INTO `fly_sys_position` (`id`, `name`, `parentID`, `sort`, `visible`, `intro`) VALUES
	(1, '董事会', 0, 1, 1, '董事会，管理全公司的信息的'),
	(2, '总经理', 1, 10, 1, ''),
	(3, '财务总监', 1, 20, 1, ''),
	(4, '人事总监', 1, 21, 0, ''),
	(5, '技术总监', 1, 31, 1, ''),
	(6, '王从', 4, 1, 1, ''),
	(7, '技术经理', 5, 1, 1, ''),
	(10, '销售总监', 1, 0, 0, '');
/*!40000 ALTER TABLE `fly_sys_position` ENABLE KEYS */;

-- 导出  表 erp_07fly_com.fly_sys_power 结构
CREATE TABLE IF NOT EXISTS `fly_sys_power` (
  `id` int(16) NOT NULL AUTO_INCREMENT,
  `master` varchar(64) NOT NULL COMMENT '权限类型，如role,user',
  `master_value` varchar(64) NOT NULL COMMENT '权限类型值',
  `access` varchar(64) NOT NULL COMMENT '权限属性名称 meun method',
  `access_value` text NOT NULL COMMENT '权限属性名称值',
  `operation` varchar(64) DEFAULT NULL,
  PRIMARY KEY (`id`)
) ENGINE=MyISAM AUTO_INCREMENT=37 DEFAULT CHARSET=utf8 COMMENT='权限功能关联表';

-- 正在导出表  erp_07fly_com.fly_sys_power 的数据：10 rows
DELETE FROM `fly_sys_power`;
/*!40000 ALTER TABLE `fly_sys_power` DISABLE KEYS */;
INSERT INTO `fly_sys_power` (`id`, `master`, `master_value`, `access`, `access_value`, `operation`) VALUES
	(35, 'role', '1', 'SYS_MENU', '120,118,91,104,103,102,121,117,116,113,107,106,110,105,108,2,37,50,11,38,40,42,43,46,88,12,51,52,13,54,55,14,56,57,58,59,60,3,10,47,48,63,64,66,72,73,74,67,75,76,77,68,79,80,87,92,93,94,95,96,97,98,99,82,5,21,23,22,24,7,89,29,6,25,53,27,26,28,18,65,69,70,71,30,41,1,15,16,61,112,17,8,39,19,49,20,114,115,109,119,111,101,100', NULL),
	(36, 'role', '1', 'SYS_METHOD', 'cst_customer_add,cst_customer_modify,cst_customer_del,cst_linkman_add,cst_linkman_modify,cst_linkman_del,cst_service_add,cst_service_modify,cst_service_del,cst_chance_add,cst_chance_modify,cst_chance_del,cst_trace_add,cst_trace_del,cst_trace_modify,sal_contract_add,sal_contract_modify,sal_contract_del,cst_website_add,cst_website_modify,cst_website_del,sup_supplier_add,sup_supplier_modify,sup_supplier_del,sup_linkman_add,sup_linkman_modify,sup_linkman_del,pos_contract_add,pos_contract_modify,fin_capital_add,fin_capital_del,fin_pay_plan_add,fin_pay_plan_modify,fin_pay_plan_del,fin_pay_plan_sure,fin_pay_record_add,fin_pay_record_del,fin_invoice_rece_add,fin_invoice_rece_del,fin_rece_plan_add,fin_rece_plan_modify,fin_rece_plan_del,fin_rece_record_add,fin_rece_record_modify,fin_invoice_rece_add,fin_invoice_rece_del,fin_income_record_add,fin_income_record_del,fin_expenses_record_add,fin_expenses_record_del,dept_add,dept_modify,dept_del,role_add,role_modify,role_del,role_check_power,position_add,position_del,postion_del,user_add,user_modify,user_del,cst_dict_add,cst_dict_modify,cst_dict_del,cst_dict_type_modify,cst_dict_type_add,cst_dict_type_del,pro_dict_add,pro_type_add,pro_type_modify,pro_type_del,product_add,product_modify,product_del', NULL),
	(27, 'role', '2', 'SYS_MENU', '2,37,50,11,38,40,42,43,46,12,51,52,13,54,55,14,56,57,58,59,60,3,10,47,48,63,64,66,72,73,74,67,75,76,77,68,79,80,87,92,93,94,95,96,97,98,99,1,4,15,17,20,19,8,88,5,21,23,22,24,7,89,29,6,25,53,27,26,28,18,65,69,70,71,30,39,41,49', ''),
	(28, 'role', '2', 'SYS_METHOD', 'cst_customer_add,cst_customer_modify,cst_customer_del,cst_linkman_add,cst_linkman_modify,cst_linkman_del,cst_service_add,cst_service_modify,cst_service_del,cst_chance_add,cst_chance_modify,cst_chance_del,cst_trace_add,cst_trace_del,cst_trace_modify,sal_contract_add,sal_contract_modify,sal_contract_del,sup_supplier_add,sup_supplier_modify,sup_supplier_del,sup_linkman_add,sup_linkman_modify,sup_linkman_del,pos_contract_add,pos_contract_modify,fin_capital_add,fin_capital_del,fin_pay_plan_add,fin_pay_plan_modify,fin_pay_plan_del,fin_pay_plan_sure,fin_pay_record_add,fin_pay_record_del,fin_invoice_rece_add,fin_invoice_rece_del,fin_rece_plan_add,fin_rece_plan_modify,fin_rece_plan_del,fin_rece_record_add,fin_rece_record_modify,fin_invoice_rece_add,fin_invoice_rece_del,fin_income_record_add,fin_income_record_del,fin_expenses_record_add,fin_expenses_record_del,cst_website_add,cst_website_modify,cst_website_del,dept_add,position_add,position_del,postion_del,cst_dict_add,cst_dict_modify,cst_dict_del,cst_dict_type_modify,cst_dict_type_add,cst_dict_type_del,pro_dict_add,pro_type_add,pro_type_modify,pro_type_del,product_add,product_modify,product_del', ''),
	(5, 'role', '7', 'SYS_MENU', '1,4,15,61,16,17,20,19,8,5,21,23,22,24,7,89,29,6,25,53,27,26,28,18,65,69,70,71,30,39,41,49,2,37,50,11,38,40,42,43,46,88,12,51,52,13,54,55,3,10,47,48,63,64,66,72,73,74,67,75,76,77,68,79,80,87', ''),
	(6, 'role', '7', 'SYS_METHOD', 'dept_add,dept_modify,dept_del,role_add,role_modify,role_del,role_check_power,position_add,position_del,postion_del,user_add,user_modify,user_del,cst_dict_add,cst_dict_modify,cst_dict_del,cst_dict_type_modify,cst_dict_type_add,cst_dict_type_del,pro_dict_add,pro_type_add,pro_type_modify,pro_type_del,product_add,product_modify,product_del,cst_customer_add,cst_customer_modify,cst_customer_del,cst_linkman_add,cst_linkman_modify,cst_linkman_del,cst_service_add,cst_service_modify,cst_service_del,cst_chance_add,cst_chance_modify,cst_chance_del,cst_trace_add,cst_trace_del,cst_trace_modify,sal_contract_add,sal_contract_modify,sal_contract_del,cst_website_add,cst_website_modify,cst_website_del,sup_supplier_add,sup_supplier_modify,sup_supplier_del,sup_linkman_add,sup_linkman_modify,sup_linkman_del,pos_contract_add,pos_contract_modify,pos_contract_del,fin_capital_add,fin_capital_del,fin_pay_plan_add,fin_pay_plan_modify,fin_pay_plan_del,fin_pay_plan_sure,fin_pay_record_add,fin_pay_record_del,fin_invoice_rece_add,fin_invoice_rece_del,fin_rece_plan_add,fin_rece_plan_modify,fin_rece_plan_del,fin_rece_record_add,fin_rece_record_modify,fin_invoice_rece_add,fin_invoice_rece_del,fin_income_record_add,fin_income_record_del,fin_expenses_record_add,fin_expenses_record_del', ''),
	(21, 'role', '8', 'SYS_MENU', '2,37,50,11,38,40,42,43,46,12,51,52,13,54,55,14,56,57,58,59,60,3,10,47,48,63,64,66,72,73,74,67,75,76,77,68,79,80,87,92,93,94,95,96,97,98,99,1,4,15,61,16,17,20,19,8,88,5,91,21,23,22,24,7,89,29,6,25,53,27,26,28,18,65,69,70,71,30,39,41,49', ''),
	(22, 'role', '8', 'SYS_METHOD', 'cst_customer_add,cst_customer_modify,cst_customer_del,cst_linkman_add,cst_linkman_modify,cst_linkman_del,cst_service_add,cst_service_modify,cst_service_del,cst_chance_add,cst_chance_modify,cst_chance_del,cst_trace_add,cst_trace_del,cst_trace_modify,sal_contract_add,sal_contract_modify,sal_contract_del,sup_supplier_add,sup_supplier_modify,sup_supplier_del,sup_linkman_add,sup_linkman_modify,sup_linkman_del,pos_contract_add,pos_contract_modify,fin_capital_add,fin_capital_del,fin_pay_plan_add,fin_pay_plan_modify,fin_pay_plan_del,fin_pay_plan_sure,fin_pay_record_add,fin_pay_record_del,fin_invoice_rece_add,fin_invoice_rece_del,fin_rece_plan_add,fin_rece_plan_modify,fin_rece_plan_del,fin_rece_record_add,fin_rece_record_modify,fin_invoice_rece_add,fin_invoice_rece_del,,fin_income_record_add,fin_income_record_del,fin_expenses_record_add,fin_expenses_record_del,cst_website_add,cst_website_modify,cst_website_del,dept_add,dept_modify,dept_del,role_add,role_modify,role_del,role_check_power,position_add,position_del,postion_del,user_add,user_modify,user_del,cst_dict_add,cst_dict_modify,cst_dict_del,cst_dict_type_modify,cst_dict_type_add,cst_dict_type_del,pro_dict_add,pro_type_add,pro_type_modify,pro_type_del,product_add,product_modify,product_del', ''),
	(25, 'role', '3', 'SYS_MENU', '0', ''),
	(26, 'role', '3', 'SYS_METHOD', 'sup_linkman_add', '');
/*!40000 ALTER TABLE `fly_sys_power` ENABLE KEYS */;

-- 导出  表 erp_07fly_com.fly_sys_role 结构
CREATE TABLE IF NOT EXISTS `fly_sys_role` (
  `id` int(16) NOT NULL AUTO_INCREMENT,
  `sort` int(16) NOT NULL DEFAULT '0',
  `visible` int(2) NOT NULL DEFAULT '0',
  `parentID` int(16) NOT NULL DEFAULT '0',
  `name` varchar(32) DEFAULT NULL,
  `intro` varchar(1024) DEFAULT NULL,
  PRIMARY KEY (`id`)
) ENGINE=MyISAM AUTO_INCREMENT=9 DEFAULT CHARSET=utf8 COMMENT='权限列表';

-- 正在导出表  erp_07fly_com.fly_sys_role 的数据：6 rows
DELETE FROM `fly_sys_role`;
/*!40000 ALTER TABLE `fly_sys_role` DISABLE KEYS */;
INSERT INTO `fly_sys_role` (`id`, `sort`, `visible`, `parentID`, `name`, `intro`) VALUES
	(1, 1, 1, 0, '超级管理员', '权限介绍,这是最高管理权限'),
	(2, 1, 1, 1, '高级管理员', '高级管理，一般管理'),
	(3, 0, 1, 2, '法务专员1', ''),
	(8, 1, 1, 7, '技术经理', ''),
	(6, 0, 1, 2, '法务专员2', ''),
	(7, 1, 1, 1, '技术总监', '');
/*!40000 ALTER TABLE `fly_sys_role` ENABLE KEYS */;

-- 导出  表 erp_07fly_com.fly_sys_user 结构
CREATE TABLE IF NOT EXISTS `fly_sys_user` (
  `id` int(16) NOT NULL AUTO_INCREMENT,
  `account` varchar(32) NOT NULL,
  `password` varchar(32) NOT NULL,
  `name` varchar(32) DEFAULT NULL,
  `gender` varchar(2) DEFAULT NULL,
  `tel` varchar(32) DEFAULT NULL,
  `mobile` varchar(32) DEFAULT NULL,
  `qicq` varchar(32) DEFAULT NULL,
  `address` varchar(256) DEFAULT NULL,
  `zipcode` varchar(256) DEFAULT NULL,
  `email` varchar(128) DEFAULT NULL,
  `roleID` varchar(50) NOT NULL,
  `deptID` int(16) NOT NULL,
  `positionID` int(16) NOT NULL,
  `intro` varchar(1024) NOT NULL,
  `adt` datetime DEFAULT NULL,
  `identity` varchar(50) DEFAULT NULL,
  PRIMARY KEY (`id`)
) ENGINE=MyISAM AUTO_INCREMENT=12 DEFAULT CHARSET=utf8 COMMENT='系统用户表';

-- 正在导出表  erp_07fly_com.fly_sys_user 的数据：8 rows
DELETE FROM `fly_sys_user`;
/*!40000 ALTER TABLE `fly_sys_user` DISABLE KEYS */;
INSERT INTO `fly_sys_user` (`id`, `account`, `password`, `name`, `gender`, `tel`, `mobile`, `qicq`, `address`, `zipcode`, `email`, `roleID`, `deptID`, `positionID`, `intro`, `adt`, `identity`) VALUES
	(1, '07fly', 'a7fdb8c58349c96e82d6e82ab7932700', '李先生', '1', '', '18030402705', '1871720801', '', '', 'web@07fly.com', '1', 0, 1, '这是管理员的帐号', '0000-00-00 00:00:00', ''),
	(2, 'admin', 'a66abb5684c45962d887564f08346e8d', '一般管理', '1', '', '18030402705', '1871720801', '', '', 'web@07fly.com', '2', 2, 1, '', '2019-11-24 18:01:17', ''),
	(4, 'xiaoming', 'e10adc3949ba59abbe56e057f20f883e', '123456', '1', '', '', '', '', '', '', '7', 1, 5, '', '2020-02-26 17:10:01', ''),
	(5, 'daming', 'e10adc3949ba59abbe56e057f20f883e', 'daming', '1', '', '', '', '', '', '', '8', 11, 7, '', '2020-02-26 17:10:47', ''),
	(6, 'test', 'cc03e747a6afbbcbf8be7668acfebee5', 'test213', '1', '', '', '', '', '', '', '8', 1, 7, '', '2020-03-03 20:04:01', ''),
	(7, 'liuliu', 'e10adc3949ba59abbe56e057f20f883e', '12345', '1', '', '', '', '', '', '', '3', 7, 2, '', '2020-03-22 18:56:36', ''),
	(10, 'test', '098f6bcd4621d373cade4e832627b4f6', 'test', '1', '', '', '', '', '', '', '6', 2, 4, '', '2020-03-24 11:39:51', ''),
	(11, '测试', 'e10adc3949ba59abbe56e057f20f883e', 'untest', '1', '', '', '', '', '', '', '7', 8, 2, '', '2020-03-26 16:03:27', '');
/*!40000 ALTER TABLE `fly_sys_user` ENABLE KEYS */;

-- 导出  表 erp_07fly_com.fly_sys_user_notice 结构
CREATE TABLE IF NOT EXISTS `fly_sys_user_notice` (
  `id` int(16) NOT NULL AUTO_INCREMENT,
  `title` varchar(256) NOT NULL COMMENT '标题',
  `content` text NOT NULL COMMENT '通知内容',
  `status` int(2) NOT NULL DEFAULT '-1' COMMENT '-1=未查看，1=查看',
  `owner_user_id` int(2) NOT NULL DEFAULT '0' COMMENT '接收人员编号',
  `create_user_id` int(11) NOT NULL DEFAULT '0' COMMENT '发布人员的编号',
  `create_time` datetime NOT NULL COMMENT '创建时间',
  PRIMARY KEY (`id`)
) ENGINE=MyISAM AUTO_INCREMENT=3 DEFAULT CHARSET=utf8 COMMENT='系统员工通知信息';

-- 正在导出表  erp_07fly_com.fly_sys_user_notice 的数据：2 rows
DELETE FROM `fly_sys_user_notice`;
/*!40000 ALTER TABLE `fly_sys_user_notice` DISABLE KEYS */;
INSERT INTO `fly_sys_user_notice` (`id`, `title`, `content`, `status`, `owner_user_id`, `create_user_id`, `create_time`) VALUES
	(1, '众兴教育客户管理系统', '众兴教育客户管理系统', 1, 2, 2, '2020-03-27 22:02:04'),
	(2, '1', '全体通知公告', -1, 5, 2, '2020-04-09 08:10:51');
/*!40000 ALTER TABLE `fly_sys_user_notice` ENABLE KEYS */;

-- 导出  表 erp_07fly_com.fly_sys_user_role 结构
CREATE TABLE IF NOT EXISTS `fly_sys_user_role` (
  `id` int(16) NOT NULL AUTO_INCREMENT,
  `role_id` int(16) NOT NULL DEFAULT '0',
  `user_id` int(2) NOT NULL DEFAULT '0',
  PRIMARY KEY (`id`)
) ENGINE=MyISAM DEFAULT CHARSET=utf8 COMMENT='用户权限关联列表';

-- 正在导出表  erp_07fly_com.fly_sys_user_role 的数据：0 rows
DELETE FROM `fly_sys_user_role`;
/*!40000 ALTER TABLE `fly_sys_user_role` DISABLE KEYS */;
/*!40000 ALTER TABLE `fly_sys_user_role` ENABLE KEYS */;

-- 导出  表 erp_07fly_com.hrm_staff 结构
CREATE TABLE IF NOT EXISTS `hrm_staff` (
  `id` int(16) unsigned NOT NULL AUTO_INCREMENT,
  `staff_no` varchar(50) NOT NULL DEFAULT '' COMMENT '员工编号',
  `name` varchar(256) NOT NULL,
  `gender` smallint(1) NOT NULL COMMENT '姓别1=男，0=女',
  `idcard` varchar(50) NOT NULL DEFAULT '' COMMENT '身份证号',
  `age` smallint(4) NOT NULL COMMENT '年龄',
  `dept_id` varchar(256) NOT NULL COMMENT '部门',
  `position_id` varchar(256) NOT NULL COMMENT '职务',
  `marriage` varchar(256) NOT NULL COMMENT '婚姻情况',
  `politics` varchar(256) NOT NULL COMMENT '政治面貌',
  `degree` varchar(256) NOT NULL COMMENT '最高学历',
  `major` varchar(256) NOT NULL COMMENT '就读专业',
  `qualification` varchar(256) NOT NULL COMMENT '职业资格',
  `position` varchar(256) NOT NULL COMMENT '工作职务',
  `social` varchar(256) NOT NULL COMMENT '社会职',
  `mobile` varchar(256) NOT NULL,
  `qicq` varchar(256) NOT NULL,
  `email` varchar(256) NOT NULL,
  `zipcode` varchar(256) NOT NULL,
  `address` varchar(1024) NOT NULL,
  `intro` text NOT NULL,
  `create_user_id` int(16) NOT NULL DEFAULT '0',
  `create_time` datetime NOT NULL,
  PRIMARY KEY (`id`)
) ENGINE=MyISAM AUTO_INCREMENT=181 DEFAULT CHARSET=utf8 COMMENT='员工档案';

-- 正在导出表  erp_07fly_com.hrm_staff 的数据：3 rows
DELETE FROM `hrm_staff`;
/*!40000 ALTER TABLE `hrm_staff` DISABLE KEYS */;
INSERT INTO `hrm_staff` (`id`, `staff_no`, `name`, `gender`, `idcard`, `age`, `dept_id`, `position_id`, `marriage`, `politics`, `degree`, `major`, `qualification`, `position`, `social`, `mobile`, `qicq`, `email`, `zipcode`, `address`, `intro`, `create_user_id`, `create_time`) VALUES
	(179, '2021122401', '', 1, '', 32, '8', '10', '', '', '', '', '', '', '', '', '', '', '', '', '', 0, '2021-12-25 00:33:01'),
	(180, '20220119', '', 1, '', 0, '8', '10', '', '', '', '', '', '', '', '', '', '', '', '', '', 0, '2022-01-17 22:18:02'),
	(178, '20202111', '', 1, '', 0, '', '', '', '', '', '', '', '', '', '', '', '', '', '', '', 0, '2021-12-21 15:15:44');
/*!40000 ALTER TABLE `hrm_staff` ENABLE KEYS */;

-- 导出  表 erp_07fly_com.hrm_staff_achiev 结构
CREATE TABLE IF NOT EXISTS `hrm_staff_achiev` (
  `id` int(16) unsigned NOT NULL AUTO_INCREMENT,
  `staff_id` int(16) NOT NULL COMMENT '员工编号',
  `name` varchar(256) NOT NULL COMMENT '名称',
  `work_date` date NOT NULL COMMENT '工作时间',
  `content` text NOT NULL COMMENT '业绩内容',
  `remark` text NOT NULL COMMENT '介绍',
  `create_user_id` int(11) NOT NULL DEFAULT '0' COMMENT '创建人',
  `create_time` datetime NOT NULL COMMENT '创建时间',
  PRIMARY KEY (`id`)
) ENGINE=MyISAM AUTO_INCREMENT=156 DEFAULT CHARSET=utf8 COMMENT='员工工作业绩';

-- 正在导出表  erp_07fly_com.hrm_staff_achiev 的数据：1 rows
DELETE FROM `hrm_staff_achiev`;
/*!40000 ALTER TABLE `hrm_staff_achiev` DISABLE KEYS */;
INSERT INTO `hrm_staff_achiev` (`id`, `staff_id`, `name`, `work_date`, `content`, `remark`, `create_user_id`, `create_time`) VALUES
	(155, 164, '零起飞科技 001', '2020-03-30', '零起飞科技 零起飞科技 零起飞科技 232323', '说明输入法2323', 1, '2020-03-31 08:24:32');
/*!40000 ALTER TABLE `hrm_staff_achiev` ENABLE KEYS */;

-- 导出  表 erp_07fly_com.hrm_staff_certified 结构
CREATE TABLE IF NOT EXISTS `hrm_staff_certified` (
  `id` int(16) unsigned NOT NULL AUTO_INCREMENT,
  `staff_id` int(16) NOT NULL COMMENT '员工编号',
  `name` varchar(256) NOT NULL COMMENT '名称',
  `company` varchar(256) NOT NULL COMMENT '获取单位',
  `gettime` date NOT NULL COMMENT '获取时间',
  `remark` text NOT NULL COMMENT '备注',
  `create_user_id` int(11) NOT NULL DEFAULT '0' COMMENT '创建人',
  `create_time` datetime NOT NULL COMMENT '创建时间',
  PRIMARY KEY (`id`)
) ENGINE=MyISAM AUTO_INCREMENT=159 DEFAULT CHARSET=utf8 COMMENT='员工个人证书';

-- 正在导出表  erp_07fly_com.hrm_staff_certified 的数据：2 rows
DELETE FROM `hrm_staff_certified`;
/*!40000 ALTER TABLE `hrm_staff_certified` DISABLE KEYS */;
INSERT INTO `hrm_staff_certified` (`id`, `staff_id`, `name`, `company`, `gettime`, `remark`, `create_user_id`, `create_time`) VALUES
	(157, 164, 'offic办工软件', '零起飞', '2020-03-31', '学校去考的哟', 1, '2020-03-31 08:53:50'),
	(158, 164, '', '', '0000-00-00', '还不晓得吧', 1, '2020-03-31 09:06:54');
/*!40000 ALTER TABLE `hrm_staff_certified` ENABLE KEYS */;

-- 导出  表 erp_07fly_com.hrm_staff_contract 结构
CREATE TABLE IF NOT EXISTS `hrm_staff_contract` (
  `id` int(16) unsigned NOT NULL AUTO_INCREMENT,
  `staff_id` int(16) NOT NULL COMMENT '员工编号',
  `begin_date` date NOT NULL COMMENT '开始时间',
  `end_date` date NOT NULL COMMENT '结束时间',
  `content` text NOT NULL COMMENT '内容',
  `remark` text NOT NULL COMMENT '备注',
  `create_time` datetime NOT NULL,
  `create_user_id` int(11) NOT NULL DEFAULT '0',
  PRIMARY KEY (`id`)
) ENGINE=MyISAM AUTO_INCREMENT=159 DEFAULT CHARSET=utf8 COMMENT='员工劳动合作';

-- 正在导出表  erp_07fly_com.hrm_staff_contract 的数据：1 rows
DELETE FROM `hrm_staff_contract`;
/*!40000 ALTER TABLE `hrm_staff_contract` DISABLE KEYS */;
INSERT INTO `hrm_staff_contract` (`id`, `staff_id`, `begin_date`, `end_date`, `content`, `remark`, `create_time`, `create_user_id`) VALUES
	(158, 164, '2020-03-31', '2030-12-27', '1、要要好好保存出来哟', '这个员工好呀', '2021-11-28 01:30:09', 1);
/*!40000 ALTER TABLE `hrm_staff_contract` ENABLE KEYS */;

-- 导出  表 erp_07fly_com.hrm_staff_employ 结构
CREATE TABLE IF NOT EXISTS `hrm_staff_employ` (
  `id` int(16) unsigned NOT NULL AUTO_INCREMENT,
  `staff_id` int(16) NOT NULL COMMENT '员工编号',
  `position` varchar(256) NOT NULL COMMENT '职务',
  `work_date` date NOT NULL COMMENT '入职时间',
  `content` text NOT NULL COMMENT '工作内容',
  `remark` text NOT NULL COMMENT '备注',
  `create_user_id` int(11) NOT NULL DEFAULT '0' COMMENT '创建人',
  `create_time` datetime NOT NULL COMMENT '创建时间',
  PRIMARY KEY (`id`)
) ENGINE=MyISAM AUTO_INCREMENT=2 DEFAULT CHARSET=utf8 COMMENT='员工用工记录';

-- 正在导出表  erp_07fly_com.hrm_staff_employ 的数据：1 rows
DELETE FROM `hrm_staff_employ`;
/*!40000 ALTER TABLE `hrm_staff_employ` DISABLE KEYS */;
INSERT INTO `hrm_staff_employ` (`id`, `staff_id`, `position`, `work_date`, `content`, `remark`, `create_user_id`, `create_time`) VALUES
	(1, 179, '', '0000-00-00', '', '', 2, '2022-03-26 09:58:04');
/*!40000 ALTER TABLE `hrm_staff_employ` ENABLE KEYS */;

-- 导出  表 erp_07fly_com.hrm_staff_examine 结构
CREATE TABLE IF NOT EXISTS `hrm_staff_examine` (
  `id` int(16) unsigned NOT NULL AUTO_INCREMENT,
  `staff_id` int(16) NOT NULL COMMENT '员工编号',
  `exa_time` date NOT NULL COMMENT '考核时间',
  `score` varchar(50) NOT NULL DEFAULT '' COMMENT '考核分数',
  `results` varchar(50) NOT NULL DEFAULT '' COMMENT '考核结果',
  `remark` text NOT NULL COMMENT '备注',
  `create_user_id` int(11) NOT NULL DEFAULT '0' COMMENT '创建人',
  `create_time` datetime NOT NULL COMMENT '创建时间',
  PRIMARY KEY (`id`)
) ENGINE=MyISAM AUTO_INCREMENT=163 DEFAULT CHARSET=utf8 COMMENT='员工考核记录';

-- 正在导出表  erp_07fly_com.hrm_staff_examine 的数据：5 rows
DELETE FROM `hrm_staff_examine`;
/*!40000 ALTER TABLE `hrm_staff_examine` DISABLE KEYS */;
INSERT INTO `hrm_staff_examine` (`id`, `staff_id`, `exa_time`, `score`, `results`, `remark`, `create_user_id`, `create_time`) VALUES
	(158, 164, '2020-03-31', '100', '通过', '还可以哈', 1, '2020-03-31 09:07:49'),
	(159, 176, '2021-11-11', '', '', '', 2, '2021-12-29 15:08:03'),
	(160, 179, '2026-08-13', '', '', '', 2, '2022-01-23 21:39:13'),
	(161, 179, '2026-08-13', '', '', '', 2, '2022-01-23 21:39:15'),
	(162, 179, '0000-00-00', '', '', '', 2, '2022-01-23 21:39:19');
/*!40000 ALTER TABLE `hrm_staff_examine` ENABLE KEYS */;

-- 导出  表 erp_07fly_com.hrm_staff_reward 结构
CREATE TABLE IF NOT EXISTS `hrm_staff_reward` (
  `id` int(16) unsigned NOT NULL AUTO_INCREMENT,
  `staff_id` int(16) NOT NULL COMMENT '员工编号',
  `type` varchar(256) NOT NULL COMMENT '奖励、处罚',
  `content` text NOT NULL COMMENT '内容',
  `gettime` date NOT NULL COMMENT '获取时间',
  `remark` text NOT NULL COMMENT '备注',
  `create_user_id` int(11) NOT NULL DEFAULT '0' COMMENT '创建人',
  `create_time` datetime NOT NULL COMMENT '创建时间',
  PRIMARY KEY (`id`)
) ENGINE=MyISAM AUTO_INCREMENT=159 DEFAULT CHARSET=utf8 COMMENT='员工奖罚记录';

-- 正在导出表  erp_07fly_com.hrm_staff_reward 的数据：1 rows
DELETE FROM `hrm_staff_reward`;
/*!40000 ALTER TABLE `hrm_staff_reward` DISABLE KEYS */;
INSERT INTO `hrm_staff_reward` (`id`, `staff_id`, `type`, `content`, `gettime`, `remark`, `create_user_id`, `create_time`) VALUES
	(158, 164, '奖励', '月度优秀员工', '2020-03-31', '一月一次', 1, '2020-03-31 09:26:39');
/*!40000 ALTER TABLE `hrm_staff_reward` ENABLE KEYS */;

-- 导出  表 erp_07fly_com.hrm_staff_school 结构
CREATE TABLE IF NOT EXISTS `hrm_staff_school` (
  `id` int(16) unsigned NOT NULL AUTO_INCREMENT,
  `staff_id` int(16) NOT NULL COMMENT '员工编号',
  `name` varchar(256) NOT NULL COMMENT '学校名称',
  `begin_date` date NOT NULL COMMENT '开始时间',
  `end_date` date NOT NULL COMMENT '结束时间',
  `position` varchar(50) NOT NULL DEFAULT '' COMMENT '职务',
  `intro` text NOT NULL COMMENT '介绍',
  `create_time` datetime NOT NULL,
  PRIMARY KEY (`id`)
) ENGINE=MyISAM AUTO_INCREMENT=158 DEFAULT CHARSET=utf8 COMMENT='员工学习经历';

-- 正在导出表  erp_07fly_com.hrm_staff_school 的数据：3 rows
DELETE FROM `hrm_staff_school`;
/*!40000 ALTER TABLE `hrm_staff_school` DISABLE KEYS */;
INSERT INTO `hrm_staff_school` (`id`, `staff_id`, `name`, `begin_date`, `end_date`, `position`, `intro`, `create_time`) VALUES
	(155, 164, '电子科技大学校', '2020-01-28', '2029-07-12', '学生会', '', '2020-03-30 16:41:45'),
	(156, 164, 'SIP行业解决方案', '2020-01-27', '2029-11-22', '工好的', '', '2020-03-30 16:59:08'),
	(157, 164, '东软慧鼎HCM人力资源管理平台', '2020-01-27', '2024-06-11', '学生会的哟', '', '2020-03-30 17:05:34');
/*!40000 ALTER TABLE `hrm_staff_school` ENABLE KEYS */;

-- 导出  表 erp_07fly_com.hrm_staff_talk 结构
CREATE TABLE IF NOT EXISTS `hrm_staff_talk` (
  `id` int(16) unsigned NOT NULL AUTO_INCREMENT,
  `staff_id` int(16) NOT NULL COMMENT '员工编号',
  `name` varchar(256) NOT NULL COMMENT '谈话人',
  `content` text NOT NULL COMMENT '内容',
  `gettime` date NOT NULL COMMENT '时间',
  `remark` text NOT NULL COMMENT '备注',
  `create_user_id` int(11) NOT NULL DEFAULT '0' COMMENT '创建人',
  `create_time` datetime NOT NULL COMMENT '创建时间',
  PRIMARY KEY (`id`)
) ENGINE=MyISAM AUTO_INCREMENT=160 DEFAULT CHARSET=utf8 COMMENT='员工谈话记录';

-- 正在导出表  erp_07fly_com.hrm_staff_talk 的数据：2 rows
DELETE FROM `hrm_staff_talk`;
/*!40000 ALTER TABLE `hrm_staff_talk` DISABLE KEYS */;
INSERT INTO `hrm_staff_talk` (`id`, `staff_id`, `name`, `content`, `gettime`, `remark`, `create_user_id`, `create_time`) VALUES
	(158, 164, '老板', '谈工资的事', '2020-03-31', '还是可以吧', 1, '2020-03-31 09:35:32'),
	(159, 167, '1', '1', '2020-01-28', '1', 2, '2020-05-26 17:15:06');
/*!40000 ALTER TABLE `hrm_staff_talk` ENABLE KEYS */;

-- 导出  表 erp_07fly_com.hrm_staff_work 结构
CREATE TABLE IF NOT EXISTS `hrm_staff_work` (
  `id` int(16) unsigned NOT NULL AUTO_INCREMENT,
  `staff_id` int(16) NOT NULL COMMENT '员工编号',
  `name` varchar(256) NOT NULL COMMENT '工作单位',
  `begin_date` date NOT NULL COMMENT '开始时间',
  `end_date` date NOT NULL COMMENT '结束时间',
  `position` varchar(50) NOT NULL DEFAULT '' COMMENT '职务',
  `intro` text NOT NULL COMMENT '介绍',
  `create_time` datetime NOT NULL,
  PRIMARY KEY (`id`)
) ENGINE=MyISAM AUTO_INCREMENT=160 DEFAULT CHARSET=utf8 COMMENT='员工工作经历';

-- 正在导出表  erp_07fly_com.hrm_staff_work 的数据：5 rows
DELETE FROM `hrm_staff_work`;
/*!40000 ALTER TABLE `hrm_staff_work` DISABLE KEYS */;
INSERT INTO `hrm_staff_work` (`id`, `staff_id`, `name`, `begin_date`, `end_date`, `position`, `intro`, `create_time`) VALUES
	(156, 0, 'SIP行业解决方案', '2020-03-30', '2030-11-06', '总经理', '', '2020-03-30 16:54:10'),
	(155, 0, '成都零起飞', '2009-11-12', '2020-03-03', '当官的2224444', '', '2020-03-30 16:31:50'),
	(157, 164, '医疗系统', '2020-01-28', '2024-06-11', '城55546', '', '2020-03-31 09:52:50'),
	(158, 164, '公司资质', '2020-01-28', '2025-07-10', '铃声 ', '', '2020-03-30 16:58:47'),
	(159, 164, '公司资质', '2020-01-28', '2025-07-10', '铃声 ', '', '2020-03-30 16:58:48');
/*!40000 ALTER TABLE `hrm_staff_work` ENABLE KEYS */;

-- 导出  表 erp_07fly_com.pos_contract 结构
CREATE TABLE IF NOT EXISTS `pos_contract` (
  `contract_id` int(16) unsigned NOT NULL AUTO_INCREMENT,
  `contract_no` varchar(50) NOT NULL COMMENT '合同编号',
  `supplier_id` int(16) NOT NULL,
  `linkman_id` int(16) NOT NULL,
  `chance_id` int(16) NOT NULL,
  `website_id` int(16) NOT NULL COMMENT '关联网站',
  `start_date` date NOT NULL COMMENT '采购时间',
  `end_date` date NOT NULL COMMENT '预订到货时间',
  `our_user_id` int(16) NOT NULL COMMENT '我方联系人',
  `money` decimal(10,2) NOT NULL COMMENT '合同金额',
  `goods_money` decimal(10,2) NOT NULL COMMENT '商品金额',
  `zero_money` decimal(10,2) NOT NULL COMMENT '去零金额',
  `back_money` decimal(10,2) NOT NULL COMMENT '回款金额',
  `owe_money` decimal(10,2) NOT NULL COMMENT '欠款金额',
  `pay_money` decimal(10,2) NOT NULL COMMENT '支付金额',
  `unpaid_money` decimal(10,2) NOT NULL COMMENT '未支付金额',
  `invoice_money` decimal(10,2) NOT NULL COMMENT '开票金额',
  `title` varchar(256) NOT NULL COMMENT '订单主题',
  `intro` text NOT NULL COMMENT '订单介绍',
  `status` smallint(1) NOT NULL DEFAULT '1' COMMENT '1=临时单，2=执行，3=完成，4=撤消',
  `back_status` smallint(1) NOT NULL DEFAULT '1' COMMENT '回款状态，1=未付，2=部分，3=全部',
  `pay_status` smallint(1) NOT NULL DEFAULT '1' COMMENT '支付状态，1=未付，2=部分，3=全部',
  `deliver_status` smallint(1) NOT NULL DEFAULT '1' COMMENT '交付状态，-1=不需要，1=需要，2=录入明细，3=待入库，4=部分，5=全部',
  `invoice_status` smallint(1) NOT NULL DEFAULT '1' COMMENT '开票状态 0=不需要，1=需要，2=部分，3=全部',
  `rece_status` smallint(1) NOT NULL DEFAULT '1' COMMENT '收货状态，1=需要，2=录入明细，3=待入库，4=部分，5=全部',
  `create_user_id` int(16) NOT NULL,
  `create_time` datetime NOT NULL,
  PRIMARY KEY (`contract_id`)
) ENGINE=MyISAM AUTO_INCREMENT=72 DEFAULT CHARSET=utf8 COMMENT='采购合同';

-- 正在导出表  erp_07fly_com.pos_contract 的数据：64 rows
DELETE FROM `pos_contract`;
/*!40000 ALTER TABLE `pos_contract` DISABLE KEYS */;
INSERT INTO `pos_contract` (`contract_id`, `contract_no`, `supplier_id`, `linkman_id`, `chance_id`, `website_id`, `start_date`, `end_date`, `our_user_id`, `money`, `goods_money`, `zero_money`, `back_money`, `owe_money`, `pay_money`, `unpaid_money`, `invoice_money`, `title`, `intro`, `status`, `back_status`, `pay_status`, `deliver_status`, `invoice_status`, `rece_status`, `create_user_id`, `create_time`) VALUES
	(1, '2001111127', 2, 2, 0, 0, '2020-01-29', '2020-01-28', 2, 99999999.99, 0.00, 0.00, 0.00, 99999999.99, 0.00, 0.00, 0.00, '1', '11', 2, 1, 1, 1, 1, 2, 2, '2020-01-11 11:58:06'),
	(2, '2001141697', 2, 2, 0, 0, '2020-01-14', '0000-00-00', 2, 1005.00, 0.00, 0.00, 0.00, 1005.00, 0.00, 0.00, 0.00, '', '', 2, 1, 1, 1, 1, 2, 2, '2020-01-14 16:37:06'),
	(3, '2001141684', 2, 2, 0, 0, '2020-01-14', '2020-01-14', 2, 20000.00, 0.00, 0.00, 0.00, 20000.00, 0.00, 0.00, 0.00, '', '', 2, 1, 1, 1, 1, 2, 1, '2020-01-16 10:11:54'),
	(4, '2001142096', 0, 0, 0, 0, '2020-02-29', '2022-04-01', 0, 0.00, 0.00, 0.00, 0.00, 0.00, 0.00, 0.00, 0.00, '', '', 1, 1, 1, 1, 1, 1, 2, '2020-01-14 20:09:16'),
	(7, '2002082353', 2, 2, 0, 0, '2020-02-09', '2020-07-15', 2, 50000.00, 0.00, 0.00, 0.00, 99999999.99, 0.00, 0.00, 0.00, '海康摄像机采购合同', '', 2, 1, 1, 1, 1, 2, 2, '2020-02-08 23:59:32'),
	(6, '2001191073', 2, 2, 0, 0, '2020-01-19', '2020-01-19', 2, 1000.00, 0.00, 0.00, 0.00, 1000.00, 0.00, 0.00, 0.00, '', '', 2, 1, 1, 1, 1, 2, 2, '2020-02-02 21:56:45'),
	(9, '2003040951', 3, 3, 0, 0, '0000-00-00', '0000-00-00', 0, 0.00, 0.00, 0.00, 0.00, 0.00, 0.00, 0.00, 0.00, '', '', 1, 1, 1, 1, 1, 1, 2, '2020-03-04 09:39:52'),
	(10, '2003071794', 3, 3, 0, 0, '2020-03-07', '2020-03-07', 2, 50000.00, 0.00, 0.00, 0.00, 50000.00, 0.00, 0.00, 0.00, '', '', 2, 1, 1, 1, 1, 2, 2, '2020-03-07 17:03:22'),
	(11, '2003111056', 3, 3, 0, 0, '2024-06-04', '2029-07-12', 2, 1111.00, 0.00, 0.00, 0.00, 1111.00, 0.00, 0.00, 0.00, '1111111111111111111', '', 2, 1, 1, 1, 1, 2, 2, '2020-03-11 10:05:47'),
	(12, '2003131237', 3, 3, 0, 0, '2020-03-13', '2020-03-13', 3, 11110.00, 0.00, 0.00, 0.00, 11110.00, 0.00, 0.00, 0.00, '', '', 2, 1, 1, 1, 1, 2, 2, '2020-03-13 12:38:34'),
	(13, '2003191644', 3, 3, 0, 0, '2020-02-04', '2020-03-19', 2, 0.00, 0.00, 0.00, 0.00, 0.00, 0.00, 0.00, 0.00, 'wwww', '', 1, 1, 1, 1, 1, 1, 2, '2020-03-19 20:02:04'),
	(14, '2003192030', 0, 0, 0, 0, '2025-07-09', '2020-03-19', 0, 0.00, 0.00, 0.00, 0.00, 0.00, 0.00, 0.00, 0.00, 'erewwr', '', 1, 1, 1, 1, 1, 1, 2, '2020-03-19 20:01:49'),
	(15, '2003241232', 0, 0, 0, 0, '0000-00-00', '0000-00-00', 0, 0.00, 0.00, 0.00, 0.00, 0.00, 0.00, 0.00, 0.00, '', '', 1, 1, 1, 1, 1, 1, 2, '2020-03-24 12:57:38'),
	(16, '2003280961', 0, 0, 0, 0, '2020-03-28', '2020-03-28', 2, 150.00, 0.00, 0.00, 0.00, 150.00, 0.00, 0.00, 0.00, '测试采购', '', 1, 1, 1, 1, 1, 1, 2, '2020-03-28 09:45:28'),
	(17, '2003281064', 5, 5, 0, 0, '2020-03-28', '2020-03-31', 2, 1000.00, 0.00, 0.00, 0.00, 0.00, 1000.00, 0.00, 0.00, '冠福股份', '', 2, 1, 3, 1, 1, 1, 2, '2020-03-28 10:30:13'),
	(23, '2003311429', 5, 5, 0, 0, '2020-03-31', '2020-03-31', 0, 2600.00, 0.00, 0.00, 0.00, 2600.00, 0.00, 0.00, 0.00, '采购', '', 2, 1, 1, 1, 1, 5, 2, '2020-03-31 14:29:14'),
	(24, '2004071263', 7, 7, 0, 0, '0000-00-00', '0000-00-00', 5, 0.00, 0.00, 0.00, 0.00, 0.00, 0.00, 0.00, 0.00, '', '', 2, 1, 3, 1, 1, 1, 2, '2020-04-07 12:29:00'),
	(20, '2003301329', 0, 0, 0, 0, '0000-00-00', '0000-00-00', 0, 0.00, 0.00, 0.00, 0.00, 0.00, 0.00, 0.00, 0.00, '', '', 1, 1, 1, 1, 1, 1, 2, '2020-03-30 13:05:21'),
	(21, '20033021639', 5, 5, 0, 0, '2020-02-04', '2020-02-11', 2, 2000.00, 0.00, 0.00, 0.00, 2000.00, 0.00, 0.00, 0.00, '9999999999', '', 2, 1, 1, 1, 1, 2, 2, '2020-03-30 21:56:15'),
	(22, '2003311454', 5, 5, 0, 0, '2020-03-31', '2020-03-31', 2, 300.00, 0.00, 0.00, 0.00, 300.00, 0.00, 0.00, 0.00, '2-1', '', 2, 1, 1, 1, 1, 2, 2, '2020-03-31 14:07:43'),
	(25, '2004071481', 5, 5, 0, 0, '2020-04-07', '2020-04-07', 5, 0.00, 0.00, 0.00, 0.00, 0.00, 0.00, 0.00, 0.00, '', '', 2, 1, 1, 1, 1, 3, 2, '2020-04-07 14:07:53'),
	(26, '2004090911', 7, 7, 0, 0, '0000-00-00', '0000-00-00', 2, 0.00, 0.00, 0.00, 0.00, 0.00, 0.00, 0.00, 0.00, '', '', 1, 1, 1, 1, 1, 1, 2, '2020-04-09 09:32:22'),
	(27, '2004090926', 5, 5, 0, 0, '0000-00-00', '0000-00-00', 0, 10000000.00, 0.00, 0.00, 0.00, 0.00, 2000.00, 0.00, 0.00, 'aaaabbbb', '', 2, 1, 3, 1, 1, 4, 2, '2020-04-09 09:34:22'),
	(28, 'sadasDSADASd', 5, 5, 0, 0, '0000-00-00', '0000-00-00', 2, 0.00, 0.00, 0.00, 0.00, 0.00, 0.00, 0.00, 0.00, 'sdfasdf', '', 2, 1, 1, 1, 1, 2, 2, '2020-04-09 10:34:54'),
	(29, '2004091072', 7, 7, 0, 0, '0000-00-00', '0000-00-00', 2, 0.00, 0.00, 0.00, 0.00, 0.00, 0.00, 0.00, 0.00, '', '', 1, 1, 1, 1, 1, 1, 2, '2020-04-09 10:52:21'),
	(30, '2005231496', 7, 7, 0, 0, '2020-05-23', '2020-07-01', 2, 1234123.00, 0.00, 0.00, 0.00, 1234123.00, 0.00, 0.00, 0.00, '测试', '', 2, 1, 1, 1, 1, 2, 2, '2020-05-23 14:54:37'),
	(31, '2005232045', 7, 7, 0, 0, '2020-01-28', '2022-04-02', 2, 1111.00, 0.00, 0.00, 0.00, 1111.00, 0.00, 0.00, 0.00, 'dd', '11111', 2, 1, 1, 1, 1, 2, 2, '2020-05-23 20:20:58'),
	(32, '2005240897', 5, 5, 0, 0, '2020-05-24', '2020-05-24', 6, 10000.00, 0.00, 0.00, 0.00, 10000.00, 0.00, 0.00, 0.00, '', '', 2, 1, 1, 1, 1, 5, 2, '2020-05-24 08:34:18'),
	(33, '2005241723', 7, 7, 0, 0, '0000-00-00', '0000-00-00', 2, 44440.00, 0.00, 0.00, 0.00, 44440.00, 0.00, 0.00, 0.00, '', '', 2, 1, 1, 1, 1, 2, 2, '2020-05-24 17:18:51'),
	(34, '2005261671', 11, 11, 0, 0, '2020-05-26', '2020-05-30', 0, 11111.00, 0.00, 0.00, 0.00, 11111.00, 0.00, 0.00, 0.00, '1', '1', 2, 1, 1, 1, 1, 2, 2, '2020-05-26 16:49:16'),
	(35, '2005261694', 10, 10, 0, 0, '2020-05-26', '0000-00-00', 2, 99999999.99, 0.00, 0.00, 0.00, 0.00, 99999999.99, 0.00, 0.00, '1', '1', 2, 1, 3, 1, 1, 5, 2, '2020-05-26 16:49:40'),
	(36, '2005262251', 0, 0, 0, 0, '2020-01-28', '2020-02-04', 0, 0.00, 0.00, 0.00, 0.00, 0.00, 0.00, 0.00, 0.00, '', '', 1, 1, 1, 1, 1, 1, 2, '2020-05-26 22:36:09'),
	(37, '2005281171', 0, 0, 0, 0, '0000-00-00', '0000-00-00', 0, 0.00, 0.00, 0.00, 0.00, 0.00, 0.00, 0.00, 0.00, '', '', 1, 1, 1, 1, 1, 1, 2, '2020-05-28 11:01:45'),
	(38, '2005281166', 11, 11, 0, 0, '2020-01-28', '2020-01-28', 3, 10000.00, 0.00, 0.00, 0.00, 10000.00, 0.00, 0.00, 0.00, '55555', '10', 2, 1, 1, 1, 1, 2, 2, '2020-05-28 11:02:06'),
	(39, '2005281198', 11, 11, 0, 0, '2020-01-28', '2020-05-28', 0, 10000.00, 0.00, 0.00, 0.00, 10000.00, 0.00, 0.00, 0.00, 'a', '', 2, 1, 1, 1, 1, 2, 2, '2020-05-28 11:18:03'),
	(40, '2005281332', 0, 0, 0, 0, '0000-00-00', '0000-00-00', 0, 0.00, 0.00, 0.00, 0.00, 0.00, 0.00, 0.00, 0.00, '', '', 1, 1, 1, 1, 1, 1, 2, '2020-05-28 13:54:42'),
	(41, '2005281310', 0, 0, 0, 0, '0000-00-00', '0000-00-00', 0, 0.00, 0.00, 0.00, 0.00, 0.00, 0.00, 0.00, 0.00, '11111111111', '', 1, 1, 1, 1, 1, 1, 2, '2020-05-28 13:54:48'),
	(42, '2005281346', 11, 11, 0, 0, '2020-06-09', '0000-00-00', 0, 0.00, 0.00, 0.00, 0.00, 0.00, 0.00, 0.00, 0.00, '123123', '', 1, 1, 1, 1, 1, 1, 2, '2020-05-28 13:54:57'),
	(43, '2005281553', 11, 11, 0, 0, '0000-00-00', '0000-00-00', 0, 0.00, 0.00, 0.00, 0.00, 0.00, 0.00, 0.00, 0.00, '55550050505', '', 2, 1, 1, 1, 1, 2, 2, '2020-05-28 15:17:28'),
	(44, '2005281784', 11, 11, 0, 0, '0000-00-00', '0000-00-00', 2, 0.00, 0.00, 0.00, 0.00, 0.00, 0.00, 0.00, 0.00, '塑料瓶', '', 1, 1, 1, 1, 1, 1, 2, '2020-05-28 17:53:08'),
	(45, '2005292311', 12, 12, 0, 0, '2020-05-29', '2020-06-01', 2, 86400.00, 0.00, 0.00, 0.00, 86400.00, 0.00, 0.00, 0.00, '采购转基因大豆500吨', '奥术大师大所多', 1, 1, 1, 1, 1, 1, 2, '2020-05-29 23:40:21'),
	(46, '2005301779', 12, 12, 0, 0, '2020-06-01', '2020-07-01', 4, 100.00, 0.00, 0.00, 0.00, 100.00, 0.00, 0.00, 0.00, 'ces', 'ces100', 2, 1, 1, 1, 1, 2, 2, '2020-05-30 17:04:56'),
	(47, '2006011089', 10, 10, 0, 0, '2020-06-01', '2020-06-10', 3, 1000.00, 0.00, 0.00, 0.00, 1000.00, 0.00, 0.00, 0.00, '', '', 2, 1, 1, 1, 1, 2, 2, '2020-06-01 10:27:53'),
	(48, '2006020835', 10, 10, 0, 0, '2020-02-04', '2020-06-02', 2, 1000.00, 0.00, 0.00, 0.00, 1000.00, 0.00, 0.00, 0.00, '123', '10', 2, 1, 1, 1, 1, 2, 2, '2020-06-02 08:10:19'),
	(49, '2006040857', 0, 0, 0, 0, '2019-12-30', '2020-06-04', 2, 123123.00, 0.00, 0.00, 0.00, 123123.00, 0.00, 0.00, 0.00, '123', '123', 1, 1, 1, 1, 1, 1, 2, '2020-06-04 08:49:02'),
	(50, '2006041169', 13, 13, 0, 0, '2020-02-05', '2020-05-13', 2, 10000.00, 0.00, 0.00, 0.00, 10000.00, 0.00, 0.00, 10000.00, '', '采购大量净水器', 2, 1, 1, 1, 3, 2, 2, '2020-06-04 11:16:11'),
	(51, '2006050995', 0, 0, 0, 0, '0000-00-00', '0000-00-00', 0, 0.00, 0.00, 0.00, 0.00, 0.00, 0.00, 0.00, 0.00, '', '', 1, 1, 1, 1, 1, 1, 2, '2020-06-05 09:10:37'),
	(52, '2006071413', 13, 13, 0, 0, '2019-06-11', '2019-06-18', 1, 23000.00, 0.00, 0.00, 0.00, 23000.00, 0.00, 0.00, 0.00, '零件合同', '', 2, 1, 1, 1, 1, 2, 2, '2020-06-07 14:42:14'),
	(53, '2111111119', 0, 0, 0, 0, '0000-00-00', '0000-00-00', 0, 0.00, 0.00, 0.00, 0.00, 0.00, 0.00, 0.00, 0.00, '2111111119', '', 1, 1, 1, 1, 1, 1, 2, '2021-11-11 11:20:48'),
	(54, '2111191318', 0, 0, 0, 0, '2021-11-19', '2021-11-19', 1, 100.00, 0.00, 0.00, 0.00, 100.00, 0.00, 0.00, 0.00, '4564', '', 1, 1, 1, 1, 1, 1, 2, '2021-11-19 13:25:13'),
	(56, '2112030854', 14, 0, 0, 0, '0000-00-00', '0000-00-00', 4, 0.00, 0.00, 0.00, 0.00, 0.00, 0.00, 0.00, 0.00, '', '', 2, 1, 1, 1, 1, 2, 2, '2021-12-04 10:50:07'),
	(58, '2112191075', 16, 18, 0, 0, '2021-12-19', '2022-01-20', 1, 10000.00, 0.00, 0.00, 0.00, 10000.00, 0.00, 0.00, 0.00, '测试', '测试', 1, 1, 1, 1, 1, 1, 2, '2021-12-19 10:32:06'),
	(59, '2112231823', 0, 0, 0, 0, '2021-12-23', '2021-12-23', 0, 0.00, 0.00, 0.00, 0.00, 0.00, 0.00, 0.00, 0.00, 'test', '', 1, 1, 1, 1, 1, 1, 2, '2021-12-23 18:54:12'),
	(60, '2112281420', 0, 0, 0, 0, '0000-00-00', '0000-00-00', 0, 0.00, 0.00, 0.00, 0.00, 0.00, 0.00, 0.00, 0.00, '', '', 1, 1, 1, 1, 1, 1, 2, '2021-12-28 14:50:29'),
	(61, '2112281435', 17, 19, 0, 0, '0000-00-00', '2021-12-28', 1, 3333.00, 0.00, 0.00, 0.00, 3333.00, 0.00, 0.00, 0.00, '333', '', 1, 1, 1, 1, 1, 1, 2, '2021-12-28 14:52:21'),
	(62, '2201081762', 17, 19, 0, 0, '2022-01-08', '2022-01-08', 1, 100000.00, 0.00, 0.00, 0.00, 100000.00, 0.00, 0.00, 0.00, '1', '', 1, 1, 1, 1, 1, 1, 2, '2022-01-08 17:20:14'),
	(63, '2201081995', 17, 19, 0, 0, '2022-01-08', '2022-01-08', 1, 0.00, 0.00, 0.00, 0.00, 0.00, 0.00, 0.00, 0.00, '', '', 2, 1, 1, 1, 1, 2, 2, '2022-01-08 19:23:36'),
	(64, '2201171726', 17, 19, 0, 0, '2022-01-17', '2022-01-17', 1, 10000.00, 0.00, 0.00, 0.00, 2000.00, 8000.00, 0.00, 0.00, 'aaaa', '', 2, 1, 2, 1, 1, 5, 2, '2022-01-17 17:55:44'),
	(65, '2202081331', 17, 19, 0, 0, '2022-02-08', '2022-02-08', 1, 111.00, 0.00, 0.00, 0.00, 111.00, 0.00, 0.00, 0.00, 'qqqq', '', 2, 1, 1, 1, 1, 5, 2, '2022-02-08 13:59:07'),
	(66, '2202091122', 17, 19, 0, 0, '2022-04-01', '0000-00-00', 4, 0.00, 0.00, 0.00, 0.00, 0.00, 0.00, 0.00, 0.00, '', '', 1, 1, 1, 1, 1, 1, 2, '2022-02-09 11:30:44'),
	(70, '2203230252', 0, 0, 0, 0, '0000-00-00', '0000-00-00', 0, 0.00, 0.00, 0.00, 0.00, 0.00, 0.00, 0.00, 0.00, '', '', 1, 1, 1, 1, 1, 1, 2, '2022-03-23 02:33:25'),
	(68, '2202181583', 17, 19, 0, 0, '0000-00-00', '0000-00-00', 0, 0.00, 0.00, 0.00, 0.00, 0.00, 0.00, 0.00, 0.00, '', '', 2, 1, 1, 1, 1, 2, 2, '2022-02-18 15:17:24'),
	(69, '1231231', 17, 19, 0, 0, '2020-02-05', '2022-02-22', 1, 10000.00, 0.00, 0.00, 0.00, 10000.00, 0.00, 0.00, 0.00, '11111', '', 2, 1, 1, 1, 1, 5, 2, '2022-02-22 15:56:46'),
	(71, '2203240959', 0, 0, 0, 0, '0000-00-00', '0000-00-00', 0, 0.00, 0.00, 0.00, 0.00, 0.00, 0.00, 0.00, 0.00, '', '', 1, 1, 1, 1, 1, 1, 2, '2022-03-24 09:28:53');
/*!40000 ALTER TABLE `pos_contract` ENABLE KEYS */;

-- 导出  表 erp_07fly_com.pos_contract_list 结构
CREATE TABLE IF NOT EXISTS `pos_contract_list` (
  `list_id` int(11) unsigned NOT NULL AUTO_INCREMENT COMMENT '订单项ID',
  `contract_id` int(11) NOT NULL COMMENT '合同ID',
  `goods_id` int(11) NOT NULL COMMENT '商品ID',
  `goods_name` varchar(100) NOT NULL COMMENT '商品名称',
  `sku_id` int(11) NOT NULL COMMENT 'skuID',
  `sku_name` varchar(50) NOT NULL COMMENT 'sku名称',
  `sale_price` decimal(19,2) NOT NULL DEFAULT '0.00' COMMENT '商品价格',
  `cost_price` decimal(19,2) NOT NULL DEFAULT '0.00' COMMENT '商品成本价',
  `num` varchar(255) NOT NULL DEFAULT '0' COMMENT '购买数量',
  `into_num` varchar(255) NOT NULL DEFAULT '0' COMMENT '入库数据',
  `owe_num` varchar(255) NOT NULL DEFAULT '0' COMMENT '未入库数量',
  `owe_money` decimal(10,2) NOT NULL DEFAULT '0.00' COMMENT '未入库金额',
  `adjust_money` decimal(10,2) NOT NULL DEFAULT '0.00' COMMENT '调整金额',
  `goods_money` decimal(10,2) NOT NULL DEFAULT '0.00' COMMENT '商品总价',
  `goods_picture` int(11) NOT NULL DEFAULT '0' COMMENT '商品图片',
  `remarks` varchar(255) NOT NULL DEFAULT '' COMMENT '备注',
  `create_user_id` int(11) DEFAULT '0',
  `create_time` datetime NOT NULL,
  PRIMARY KEY (`list_id`),
  KEY `UK_ns_order_goods_goods_id` (`goods_id`),
  KEY `UK_ns_order_goods_order_id` (`contract_id`),
  KEY `UK_ns_order_goods_sku_id` (`sku_id`)
) ENGINE=MyISAM AUTO_INCREMENT=128 DEFAULT CHARSET=utf8 AVG_ROW_LENGTH=289 COMMENT='采购订单商品表';

-- 正在导出表  erp_07fly_com.pos_contract_list 的数据：104 rows
DELETE FROM `pos_contract_list`;
/*!40000 ALTER TABLE `pos_contract_list` DISABLE KEYS */;
INSERT INTO `pos_contract_list` (`list_id`, `contract_id`, `goods_id`, `goods_name`, `sku_id`, `sku_name`, `sale_price`, `cost_price`, `num`, `into_num`, `owe_num`, `owe_money`, `adjust_money`, `goods_money`, `goods_picture`, `remarks`, `create_user_id`, `create_time`) VALUES
	(1, 1, 1, '零起飞网站建设', 1, '零起飞网站建设', 0.00, 1000.00, '1', '0', '1', 1000.00, 0.00, 1000.00, 0, '', 2, '2020-01-11 14:00:03'),
	(2, 3, 4, '9191', 5, '9191', 0.00, 0.00, '10', '0', '10', 0.00, 0.00, 0.00, 0, '', 1, '2020-01-16 10:12:13'),
	(3, 3, 3, '9191', 4, '9191', 0.00, 0.00, '10', '0', '10', 0.00, 0.00, 0.00, 0, '', 1, '2020-01-16 10:12:13'),
	(4, 3, 2, '1', 3, '1', 0.00, 0.00, '10', '0', '10', 0.00, 0.00, 0.00, 0, '', 1, '2020-01-16 10:12:13'),
	(5, 3, 2, '1', 2, '1', 0.00, 0.00, '10', '0', '10', 0.00, 0.00, 0.00, 0, '', 1, '2020-01-16 10:12:13'),
	(6, 3, 1, '零起飞网站建设', 1, '零起飞网站建设', 0.00, 1000.00, '10', '0', '10', 10000.00, 0.00, 10000.00, 0, '', 1, '2020-01-16 10:12:13'),
	(13, 10, 5, '海康200万像素摄像机', 7, '海康200万像素摄像机', 0.00, 280.00, '100', '0', '100', 28000.00, 0.00, 28000.00, 0, '', 2, '2020-03-07 17:04:26'),
	(12, 7, 5, '海康200万像素摄像机', 7, '海康200万像素摄像机', 0.00, 280.00, '120', '0', '120', 33600.00, 0.00, 33600.00, 0, '', 2, '2020-02-09 00:08:18'),
	(11, 6, 1, '零起飞网站建设', 1, '零起飞网站建设', 0.00, 1000.00, '1', '0', '1', 1000.00, 0.00, 1000.00, 0, '', 2, '2020-02-02 21:56:59'),
	(14, 2, 5, '海康200万像素摄像机', 8, '海康200万像素摄像机', 0.00, 280.00, '1', '0', '1', 280.00, 0.00, 280.00, 0, '', 2, '2020-03-09 09:18:04'),
	(15, 2, 5, '海康200万像素摄像机', 7, '海康200万像素摄像机', 0.00, 280.00, '1', '0', '1', 280.00, 0.00, 280.00, 0, '', 2, '2020-03-09 09:18:04'),
	(16, 2, 4, '9191', 6, '9191', 0.00, 0.00, '1', '0', '1', 0.00, 0.00, 0.00, 0, '', 2, '2020-03-09 09:18:04'),
	(17, 2, 4, '9191', 5, '9191', 0.00, 0.00, '1', '0', '1', 0.00, 0.00, 0.00, 0, '', 2, '2020-03-09 09:18:04'),
	(18, 11, 5, '海康200万像素摄像机', 8, '海康200万像素摄像机', 0.00, 280.00, '1', '0', '1', 280.00, 0.00, 280.00, 0, '', 2, '2020-03-11 10:07:04'),
	(19, 11, 5, '海康200万像素摄像机', 7, '海康200万像素摄像机', 0.00, 280.00, '1', '0', '1', 280.00, 0.00, 280.00, 0, '', 2, '2020-03-11 10:07:04'),
	(20, 12, 4, '9191', 5, '9191', 0.00, 0.00, '1', '0', '1', 0.00, 0.00, 0.00, 0, '2019-01-12', 2, '2020-03-13 12:39:15'),
	(21, 12, 3, '9191', 4, '9191', 0.00, 0.00, '1', '0', '1', 0.00, 0.00, 0.00, 0, '', 2, '2020-03-13 12:39:15'),
	(22, 12, 2, '1', 3, '1', 0.00, 0.00, '1', '0', '1', 0.00, 0.00, 0.00, 0, '', 2, '2020-03-13 12:39:15'),
	(26, 21, 9, '交换机', 16, '交换机', 0.00, 0.00, '1', '0', '1', 0.00, 0.00, 0.00, 0, '', 2, '2020-03-30 21:56:39'),
	(25, 21, 10, '电脑', 17, '电脑', 0.00, 111.00, '1', '0', '1', 111.00, 0.00, 111.00, 0, '', 2, '2020-03-30 21:56:39'),
	(27, 21, 8, '1', 15, '200万像素:', 0.00, 0.00, '1', '0', '1', 0.00, 0.00, 0.00, 0, '', 2, '2020-03-30 21:56:39'),
	(28, 22, 10, '电脑', 17, '电脑', 0.00, 111.00, '2', '0', '2', 222.00, 0.00, 222.00, 0, '', 2, '2020-03-31 14:09:39'),
	(29, 23, 5, '海康200万像素摄像机', 8, '海康200万像素摄像机', 0.00, 280.00, '5', '5', '0', 0.00, 0.00, 1400.00, 0, '', 2, '2020-03-31 14:29:47'),
	(30, 25, 9, '交换机', 18, '交换机', 0.00, 0.00, '500', '0', '500', 0.00, 0.00, 0.00, 0, '', 2, '2020-04-07 14:08:15'),
	(31, 25, 9, '交换机', 16, '交换机', 0.00, 0.00, '120', '0', '120', 0.00, 0.00, 0.00, 0, '', 2, '2020-04-07 14:08:15'),
	(32, 25, 7, 'A46', 11, 'A46', 0.00, 0.00, '111', '0', '111', 0.00, 0.00, 0.00, 0, '', 2, '2020-04-07 14:08:15'),
	(33, 27, 9, '交换机', 18, '交换机', 0.00, 0.00, '1', '0', '1', 0.00, 0.00, 0.00, 0, '', 2, '2020-04-09 09:34:32'),
	(34, 27, 10, '电脑', 17, '电脑', 0.00, 0.00, '1', '0', '1', 0.00, 0.00, 0.00, 0, '', 2, '2020-04-09 09:34:32'),
	(35, 27, 9, '交换机', 16, '交换机', 0.00, 0.00, '1', '0', '1', 0.00, 0.00, 0.00, 0, '', 2, '2020-04-09 09:34:32'),
	(36, 27, 8, '1', 15, '200万像素:', 0.00, 0.00, '1', '0', '1', 0.00, 0.00, 0.00, 0, '', 2, '2020-04-09 09:34:32'),
	(37, 27, 7, 'A46', 11, 'A46', 0.00, 0.00, '1', '0', '1', 0.00, 0.00, 0.00, 0, '', 2, '2020-04-09 09:34:32'),
	(38, 27, 5, '海康200万像素摄像机', 8, '海康200万像素摄像机', 0.00, 344.29, '1', '1', '0', 0.00, 0.00, 344.29, 0, '', 2, '2020-04-09 09:34:32'),
	(39, 27, 5, '海康200万像素摄像机', 7, '海康200万像素摄像机', 0.00, 380.00, '1', '1', '0', 0.00, 0.00, 380.00, 0, '', 2, '2020-04-09 09:34:32'),
	(40, 27, 4, '9191', 6, '9191', 0.00, 0.00, '1', '0', '1', 0.00, 0.00, 0.00, 0, '', 2, '2020-04-09 09:34:32'),
	(41, 27, 4, '9191', 5, '9191', 0.00, 0.00, '1', '0', '1', 0.00, 0.00, 0.00, 0, '', 2, '2020-04-09 09:34:32'),
	(42, 27, 3, '9191', 4, '9191', 0.00, 0.00, '1', '0', '1', 0.00, 0.00, 0.00, 0, '', 2, '2020-04-09 09:34:32'),
	(43, 28, 10, '电脑', 17, '电脑', 0.00, 0.00, '1', '0', '1', 0.00, 0.00, 0.00, 0, '', 2, '2020-04-09 10:36:03'),
	(44, 28, 9, '交换机', 16, '交换机', 0.00, 0.00, '1', '0', '1', 0.00, 0.00, 0.00, 0, '', 2, '2020-04-09 10:36:03'),
	(45, 28, 7, 'A46', 11, 'A46', 0.00, 0.00, '1', '0', '1', 0.00, 0.00, 0.00, 0, '', 2, '2020-04-09 10:36:03'),
	(46, 30, 9, '交换机', 18, '交换机', 0.00, 150.00, '2', '0', '2', 300.00, 0.00, 300.00, 0, '', 2, '2020-05-23 14:55:21'),
	(47, 30, 9, '交换机', 16, '交换机', 0.00, 250.00, '12', '0', '12', 3000.00, 0.00, 3000.00, 0, '', 2, '2020-05-23 14:55:21'),
	(48, 30, 5, '海康200万像素摄像机', 8, '海康200万像素摄像机', 0.00, 344.29, '50', '0', '50', 17214.50, 0.00, 17214.50, 0, '', 2, '2020-05-23 14:55:21'),
	(49, 30, 5, '海康200万像素摄像机', 7, '海康200万像素摄像机', 0.00, 380.00, '150', '0', '150', 57000.00, 0.00, 57000.00, 0, '', 2, '2020-05-23 14:55:21'),
	(50, 31, 9, '交换机', 18, '交换机', 0.00, 0.00, '1', '0', '1', 0.00, 0.00, 0.00, 0, '', 2, '2020-05-23 20:21:24'),
	(51, 31, 10, '电脑', 17, '电脑', 0.00, 0.00, '1', '0', '1', 0.00, 0.00, 0.00, 0, '', 2, '2020-05-23 20:21:24'),
	(52, 31, 9, '交换机', 16, '交换机', 0.00, 0.00, '1', '0', '1', 0.00, 0.00, 0.00, 0, '', 2, '2020-05-23 20:21:24'),
	(53, 31, 8, '1', 15, '200万像素:', 0.00, 0.00, '1', '0', '1', 0.00, 0.00, 0.00, 0, '', 2, '2020-05-23 20:21:24'),
	(54, 31, 7, 'A46', 11, 'A46', 0.00, 0.00, '1', '0', '1', 0.00, 0.00, 0.00, 0, '', 2, '2020-05-23 20:21:24'),
	(55, 31, 5, '海康200万像素摄像机', 8, '海康200万像素摄像机', 0.00, 344.29, '1', '0', '1', 344.29, 0.00, 344.29, 0, '', 2, '2020-05-23 20:21:24'),
	(56, 31, 5, '海康200万像素摄像机', 7, '海康200万像素摄像机', 0.00, 380.00, '1', '0', '1', 380.00, 0.00, 380.00, 0, '', 2, '2020-05-23 20:21:24'),
	(57, 31, 4, '9191', 6, '9191', 0.00, 0.00, '1', '0', '1', 0.00, 0.00, 0.00, 0, '', 2, '2020-05-23 20:21:24'),
	(58, 31, 4, '9191', 5, '9191', 0.00, 0.00, '1', '0', '1', 0.00, 0.00, 0.00, 0, '', 2, '2020-05-23 20:21:24'),
	(59, 31, 3, '9191', 4, '9191', 0.00, 0.00, '1', '0', '1', 0.00, 0.00, 0.00, 0, '', 2, '2020-05-23 20:21:24'),
	(60, 32, 9, '交换机', 16, '交换机', 0.00, 200.00, '15', '15', '0', 0.00, 0.00, 3000.00, 0, '', 2, '2020-05-24 08:34:56'),
	(61, 32, 5, '海康200万像素摄像机', 8, '海康200万像素摄像机', 0.00, 344.29, '1', '1', '0', 0.00, 0.00, 344.29, 0, '', 2, '2020-05-24 08:34:56'),
	(62, 32, 5, '海康200万像素摄像机', 7, '海康200万像素摄像机', 0.00, 380.00, '1', '1', '0', 0.00, 0.00, 380.00, 0, '', 2, '2020-05-24 08:34:56'),
	(63, 33, 9, '交换机', 18, '交换机', 0.00, 0.00, '1', '0', '1', 0.00, 0.00, 0.00, 0, '', 2, '2020-05-26 12:29:43'),
	(64, 33, 10, '电脑', 17, '电脑', 0.00, 0.00, '1', '0', '1', 0.00, 0.00, 0.00, 0, '', 2, '2020-05-26 12:29:43'),
	(65, 33, 9, '交换机', 16, '交换机', 0.00, 200.00, '1', '0', '1', 200.00, 0.00, 200.00, 0, '', 2, '2020-05-26 12:29:43'),
	(66, 33, 8, '1', 15, '200万像素:', 0.00, 0.00, '1', '0', '1', 0.00, 0.00, 0.00, 0, '', 2, '2020-05-26 12:29:43'),
	(67, 33, 7, 'A46', 11, 'A46', 0.00, 0.00, '1', '0', '1', 0.00, 0.00, 0.00, 0, '', 2, '2020-05-26 12:29:43'),
	(68, 33, 5, '海康200万像素摄像机', 8, '海康200万像素摄像机', 0.00, 344.29, '1', '0', '1', 344.29, 0.00, 344.29, 0, '', 2, '2020-05-26 12:29:43'),
	(69, 33, 5, '海康200万像素摄像机', 7, '海康200万像素摄像机', 0.00, 380.00, '1', '0', '1', 380.00, 0.00, 380.00, 0, '', 2, '2020-05-26 12:29:43'),
	(70, 33, 4, '9191', 6, '9191', 0.00, 0.00, '1', '0', '1', 0.00, 0.00, 0.00, 0, '', 2, '2020-05-26 12:29:43'),
	(71, 33, 4, '9191', 5, '9191', 0.00, 0.00, '1', '0', '1', 0.00, 0.00, 0.00, 0, '', 2, '2020-05-26 12:29:43'),
	(72, 33, 3, '9191', 4, '9191', 0.00, 0.00, '1', '0', '1', 0.00, 0.00, 0.00, 0, '', 2, '2020-05-26 12:29:43'),
	(73, 35, 8, '1', 15, '200万像素:', 0.00, 100.00, '1', '1', '0', 0.00, 0.00, 100.00, 0, '', 2, '2020-05-26 16:50:23'),
	(74, 35, 4, '9191', 6, '9191', 0.00, 100.00, '1', '1', '0', 0.00, 0.00, 100.00, 0, '', 2, '2020-05-26 16:50:23'),
	(75, 35, 4, '9191', 5, '9191', 0.00, 100000.00, '1', '1', '0', 0.00, 0.00, 100000.00, 0, '', 2, '2020-05-26 16:50:23'),
	(76, 38, 10, '电脑', 17, '电脑', 0.00, 0.00, '1', '0', '1', 0.00, 0.00, 0.00, 0, '', 2, '2020-05-28 11:03:26'),
	(77, 38, 9, '交换机', 16, '交换机', 0.00, 1352.94, '1', '0', '1', 1352.94, 0.00, 1352.94, 0, '', 2, '2020-05-28 11:03:26'),
	(78, 38, 8, '1', 15, '200万像素:', 0.00, 100.00, '1', '0', '1', 100.00, 0.00, 100.00, 0, '', 2, '2020-05-28 11:03:26'),
	(83, 39, 10, '电脑', 17, '电脑', 0.00, 0.00, '1', '0', '1', 0.00, 0.00, 0.00, 0, '', 2, '2020-05-28 12:45:16'),
	(82, 39, 9, '交换机', 18, '交换机', 0.00, 0.00, '1', '0', '1', 0.00, 0.00, 0.00, 0, '', 2, '2020-05-28 12:45:16'),
	(84, 39, 9, '交换机', 16, '交换机', 0.00, 1352.94, '1', '0', '1', 1352.94, 0.00, 1352.94, 0, '', 2, '2020-05-28 12:45:16'),
	(85, 34, 9, '交换机', 18, '交换机', 0.00, 20.00, '10', '0', '10', 200.00, 0.00, 200.00, 0, '', 2, '2020-05-28 12:48:32'),
	(90, 46, 5, '海康200万像素摄像机', 7, '海康200万像素摄像机', 0.00, 50.00, '2', '0', '2', 100.00, 0.00, 100.00, 0, '', 2, '2020-05-30 17:06:51'),
	(88, 43, 9, '交换机', 18, '交换机', 0.00, 0.00, '1', '0', '1', 0.00, 0.00, 0.00, 0, '', 2, '2020-05-28 15:26:08'),
	(89, 43, 10, '电脑', 17, '电脑', 0.00, 0.00, '1', '0', '1', 0.00, 0.00, 0.00, 0, '', 2, '2020-05-28 15:26:08'),
	(91, 47, 5, '海康200万像素摄像机', 8, '海康200万像素摄像机', 0.00, 344.29, '1', '0', '1', 344.29, 0.00, 344.29, 0, '', 2, '2020-06-01 10:28:45'),
	(92, 47, 5, '海康200万像素摄像机', 7, '海康200万像素摄像机', 0.00, 248.00, '1', '0', '1', 248.00, 0.00, 248.00, 0, '', 2, '2020-06-01 10:28:45'),
	(93, 48, 9, '交换机', 18, '交换机', 0.00, 0.00, '1', '0', '1', 0.00, 0.00, 0.00, 0, '', 2, '2020-06-02 08:12:01'),
	(94, 48, 10, '电脑', 17, '电脑', 0.00, 0.00, '1', '0', '1', 0.00, 0.00, 0.00, 0, '', 2, '2020-06-02 08:12:01'),
	(95, 48, 9, '交换机', 16, '交换机', 0.00, 12.94, '1', '0', '1', 12.94, 0.00, 12.94, 0, '', 2, '2020-06-02 08:12:01'),
	(96, 50, 9, '交换机', 18, '交换机', 0.00, 0.00, '1', '0', '1', 0.00, 0.00, 0.00, 0, '', 2, '2020-06-04 11:16:36'),
	(97, 50, 10, '电脑', 17, '电脑', 0.00, 0.00, '1', '0', '1', 0.00, 0.00, 0.00, 0, '', 2, '2020-06-04 11:16:36'),
	(98, 52, 5, '海康200万像素摄像机', 8, '海康200万像素摄像机', 0.00, 344.29, '1', '0', '1', 344.29, 0.00, 344.29, 0, '', 2, '2020-06-07 14:42:57'),
	(99, 52, 5, '海康200万像素摄像机', 7, '海康200万像素摄像机', 0.00, 380.00, '1', '0', '1', 380.00, 0.00, 380.00, 0, '', 2, '2020-06-07 14:42:57'),
	(116, 63, 5, '海康200万像素摄像机', 7, '海康200万像素摄像机', 0.00, 0.00, '1', '0', '1', 0.00, 0.00, 0.00, 0, '', 2, '2022-01-08 19:24:10'),
	(115, 63, 5, '海康200万像素摄像机', 8, '海康200万像素摄像机', 0.00, 0.00, '1', '0', '1', 0.00, 0.00, 0.00, 0, '', 2, '2022-01-08 19:24:10'),
	(114, 63, 7, 'A46', 11, 'A46', 0.00, 0.00, '1', '0', '1', 0.00, 0.00, 0.00, 0, '', 2, '2022-01-08 19:24:10'),
	(113, 63, 8, '1', 15, '200万像素:', 0.00, 0.00, '1', '0', '1', 0.00, 0.00, 0.00, 0, '', 2, '2022-01-08 19:24:10'),
	(112, 63, 9, '交换机', 16, '交换机', 0.00, 0.00, '1', '0', '1', 0.00, 0.00, 0.00, 0, '', 2, '2022-01-08 19:24:10'),
	(111, 63, 10, '电脑', 17, '电脑', 0.00, 0.00, '1', '0', '1', 0.00, 0.00, 0.00, 0, '', 2, '2022-01-08 19:24:10'),
	(110, 63, 9, '交换机', 18, '交换机', 0.00, 0.00, '1', '0', '1', 0.00, 0.00, 0.00, 0, '', 2, '2022-01-08 19:24:10'),
	(117, 63, 4, '9191', 6, '9191', 0.00, 0.00, '1', '0', '1', 0.00, 0.00, 0.00, 0, '', 2, '2022-01-08 19:24:10'),
	(118, 63, 4, '9191', 5, '9191', 0.00, 0.00, '1', '0', '1', 0.00, 0.00, 0.00, 0, '', 2, '2022-01-08 19:24:10'),
	(119, 63, 3, '9191', 4, '9191', 0.00, 0.00, '1', '0', '1', 0.00, 0.00, 0.00, 0, '', 2, '2022-01-08 19:24:10'),
	(120, 64, 9, '交换机', 18, '交换机', 0.00, 100.00, '2', '2', '0', 0.00, 0.00, 200.00, 0, '', 2, '2022-01-17 17:56:23'),
	(121, 64, 10, '电脑', 17, '电脑', 0.00, 200.00, '1', '1', '0', 0.00, 0.00, 200.00, 0, '', 2, '2022-01-17 17:56:23'),
	(122, 65, 10, '电脑', 17, '电脑', 0.00, 111.00, '1', '1', '0', 0.00, 0.00, 111.00, 0, '', 2, '2022-02-08 13:59:47'),
	(126, 69, 10, '电脑', 17, '电脑', 0.00, 117.36, '1', '1', '0', 0.00, 0.00, 117.36, 0, '', 2, '2022-02-22 15:57:42'),
	(125, 69, 9, '交换机', 18, '交换机', 0.00, 100.00, '1', '1', '0', 0.00, 0.00, 100.00, 0, '', 2, '2022-02-22 15:57:42'),
	(127, 68, 9, '交换机', 18, '交换机', 0.00, 0.00, '1', '0', '1', 0.00, 0.00, 0.00, 0, '', 2, '2022-03-24 16:52:51');
/*!40000 ALTER TABLE `pos_contract_list` ENABLE KEYS */;

-- 导出  表 erp_07fly_com.sal_contract 结构
CREATE TABLE IF NOT EXISTS `sal_contract` (
  `contract_id` int(16) unsigned NOT NULL AUTO_INCREMENT,
  `title` varchar(256) NOT NULL COMMENT '订单主题',
  `contract_no` varchar(50) NOT NULL COMMENT '合同编号',
  `customer_id` int(16) NOT NULL COMMENT '客户ID',
  `linkman_id` int(16) NOT NULL COMMENT '联系人ID',
  `chance_id` int(16) NOT NULL COMMENT '销售机会',
  `website_id` int(16) NOT NULL COMMENT '关联网站',
  `start_date` date NOT NULL COMMENT '开始时间',
  `end_date` date NOT NULL COMMENT '结束时间',
  `our_user_id` int(16) NOT NULL COMMENT '我方联系人',
  `money` decimal(10,2) NOT NULL COMMENT '合同金额',
  `goods_money` decimal(10,2) NOT NULL COMMENT '商品金额',
  `zero_money` decimal(10,2) NOT NULL COMMENT '去零金额',
  `back_money` decimal(10,2) NOT NULL COMMENT '回款金额',
  `owe_money` decimal(10,2) NOT NULL COMMENT '欠款金额',
  `deliver_money` decimal(10,2) NOT NULL COMMENT '交付金额',
  `invoice_money` decimal(10,2) NOT NULL COMMENT '开票金额',
  `intro` text NOT NULL COMMENT '订单介绍',
  `status` smallint(1) NOT NULL DEFAULT '1' COMMENT '1=临时单，2=执行，3=完成，4=撤消',
  `back_status` smallint(1) NOT NULL DEFAULT '1' COMMENT '回款状态，1=未付，2=部分，3=全部',
  `deliver_status` smallint(1) NOT NULL DEFAULT '1' COMMENT '交付状态，-1=不需要，1=需要，2=录入明细，3=待出库，4=部分，5=全部',
  `invoice_status` smallint(1) NOT NULL DEFAULT '1' COMMENT '开票状态， 0=不需要，1=需要，2=部分，3=全部',
  `renew_status` smallint(1) NOT NULL DEFAULT '1' COMMENT '订单类型，1=新增加，2=续费',
  `create_user_id` int(16) NOT NULL COMMENT '创建者',
  `create_time` datetime NOT NULL COMMENT '创建时间',
  PRIMARY KEY (`contract_id`)
) ENGINE=MyISAM AUTO_INCREMENT=88 DEFAULT CHARSET=utf8 COMMENT='销售合同';

-- 正在导出表  erp_07fly_com.sal_contract 的数据：69 rows
DELETE FROM `sal_contract`;
/*!40000 ALTER TABLE `sal_contract` DISABLE KEYS */;
INSERT INTO `sal_contract` (`contract_id`, `title`, `contract_no`, `customer_id`, `linkman_id`, `chance_id`, `website_id`, `start_date`, `end_date`, `our_user_id`, `money`, `goods_money`, `zero_money`, `back_money`, `owe_money`, `deliver_money`, `invoice_money`, `intro`, `status`, `back_status`, `deliver_status`, `invoice_status`, `renew_status`, `create_user_id`, `create_time`) VALUES
	(1, '同仁堂', '2001121524', 1, 1, 1, 0, '2020-01-12', '2020-01-22', 2, 12000.00, 0.00, 0.00, 12000.00, 0.00, 0.00, 0.00, '', 2, 3, 1, 1, 1, 2, '2020-01-12 15:49:11'),
	(41, '苏州道道新', '2003311461', 1, 1, 7, 0, '2020-03-31', '2020-03-31', 0, 1000.00, 0.00, 0.00, 0.00, 1000.00, 0.00, 0.00, '', 1, 1, 1, 1, 1, 2, '2020-03-31 14:28:14'),
	(42, '', '2004011213', 291, 37, 9, 0, '2020-04-01', '2020-04-01', 0, 10000.00, 0.00, 0.00, 0.00, 10000.00, 0.00, 0.00, '', 2, 1, 4, 1, 1, 2, '2020-04-01 12:57:23'),
	(4, '23423', '2001141451', 1, 1, 1, 0, '0000-00-00', '0000-00-00', 0, 0.00, 0.00, 0.00, 0.00, 0.00, 0.00, 0.00, '234', 2, 3, 1, 1, 1, 2, '2020-01-14 14:27:01'),
	(5, '234', '2001141469222222222222222', 1, 1, 1, 0, '0000-00-00', '0000-00-00', 0, 0.00, 0.00, 0.00, 0.00, 0.00, 0.00, 0.00, '', 2, 3, 1, 1, 1, 2, '2020-01-14 14:27:20'),
	(6, '', '2001141673', 5, 0, 0, 0, '0000-00-00', '0000-00-00', 2, 1000.00, 0.00, 0.00, 0.00, 1000.00, 0.00, 0.00, '', 1, 1, 1, 1, 1, 2, '2020-02-15 14:44:45'),
	(43, '', '2004012389', 1, 1, 7, 0, '2020-03-03', '2020-06-17', 2, 5000.00, 0.00, 0.00, 0.00, 5000.00, 0.00, 0.00, '', 1, 1, 1, 1, 1, 2, '2020-04-01 23:57:55'),
	(44, '测试新闻测试新闻4', '2004071439-1', 1, 1, 7, 0, '2020-01-29', '2021-07-15', 3, 10.00, 0.00, 0.00, 0.00, 10.00, 0.00, 0.00, '', 1, 1, 1, 1, 1, 2, '2020-04-07 14:19:12'),
	(10, '销售合同', '20200115 ghxxxx', 1, 1, 1, 0, '2019-12-31', '2020-07-08', 2, 120000.00, 0.00, 0.00, 120000.00, 0.00, 0.00, 0.00, '', 2, 3, 1, 1, 1, 2, '2020-01-15 16:33:38'),
	(11, '111', '2001151693', 1, 1, 1, 0, '2019-01-15', '2020-01-15', 2, 160000.00, 0.00, 0.00, 160000.00, 0.00, 0.00, 0.00, '', 2, 3, 4, 1, 1, 2, '2020-01-15 16:35:20'),
	(12, '', '2001191040', 0, 0, 0, 0, '0000-00-00', '0000-00-00', 0, 0.00, 0.00, 0.00, 0.00, 0.00, 0.00, 0.00, '', 1, 1, 1, 1, 1, 2, '2020-01-19 10:02:46'),
	(15, '', '2002022146', 1, 1, 1, 0, '2019-01-02', '2020-02-01', 2, 0.00, 0.00, 0.00, 0.00, 0.00, 0.00, 0.00, '', 1, 1, 1, 1, 1, 2, '2020-02-02 21:47:49'),
	(16, '住宅小区监控改造', '2002090096', 1, 1, 1, 0, '2020-02-01', '2020-07-01', 0, 200000.00, 0.00, 0.00, 0.00, 200000.00, 0.00, 0.00, '', 1, 1, 1, 1, 1, 2, '2020-02-09 00:14:36'),
	(17, '采购合同', '2002091573', 9, 15, 0, 0, '2020-02-09', '2020-03-18', 2, 12345.00, 0.00, 0.00, 0.00, 12345.00, 0.00, 0.00, '设备10套', 1, 1, 1, 1, 1, 2, '2020-02-09 16:00:32'),
	(19, '', '2002191626', 1, 1, 1, 0, '0000-00-00', '0000-00-00', 2, 0.00, 0.00, 0.00, 0.00, 0.00, 0.00, 0.00, '', 1, 1, 1, 1, 1, 2, '2020-02-19 16:38:03'),
	(20, '测试临时', '2002191618', 1, 1, 1, 0, '0000-00-00', '0000-00-00', 0, 0.00, 0.00, 0.00, 0.00, 0.00, 0.00, 0.00, '', 1, 1, 1, 1, 1, 2, '2020-02-19 16:39:26'),
	(21, '', '2002191651', 0, 0, 0, 0, '0000-00-00', '0000-00-00', 0, 0.00, 0.00, 0.00, 0.00, 0.00, 0.00, 0.00, '', 1, 1, 1, 1, 1, 2, '2020-02-19 16:39:49'),
	(22, '', '2002231061', 1, 1, 1, 0, '2020-02-04', '2025-07-10', 2, 100000.00, 0.00, 0.00, 0.00, 100000.00, 0.00, 0.00, 'dsfadsf', 1, 1, 1, 1, 1, 2, '2020-02-23 10:09:28'),
	(23, '2002231028', '2002231028', 1, 1, 1, 0, '2021-03-04', '2026-08-07', 0, 99999999.99, 0.00, 0.00, 0.00, 99999999.99, 0.00, 0.00, '2002231028', 1, 1, 1, 1, 1, 2, '2020-02-23 10:10:14'),
	(24, '测试', '2002261524', 1, 1, 1, 0, '2020-02-26', '2029-11-29', 2, 50000.00, 0.00, 0.00, 0.00, 50000.00, 0.00, 0.00, '测试', 1, 1, 1, 1, 1, 2, '2020-02-26 15:12:33'),
	(25, 'dfgdsg', '2003041357', 278, 22, 0, 0, '2022-03-10', '0000-00-00', 2, 0.00, 0.00, 0.00, 0.00, 0.00, 0.00, 0.00, 'dfgd', 2, 1, 2, 1, 1, 2, '2020-03-04 13:07:11'),
	(26, 'rgdf', '2003061621', 1, 1, 1, 0, '2020-02-25', '2025-02-26', 2, 1000000.00, 0.00, 0.00, 0.00, 1000000.00, 0.00, 0.00, 'dsfsd', 1, 1, 1, 1, 1, 2, '2020-03-06 16:27:26'),
	(29, '啊啦啦啦', '2003181082', 283, 28, 0, 0, '0000-00-00', '0000-00-00', 0, 3432423.00, 0.00, 0.00, 0.00, 3432423.00, 0.00, 0.00, '', 2, 1, 2, 1, 1, 2, '2020-03-28 21:02:44'),
	(28, '1111111111111111111', '2003110939', 1, 1, 7, 0, '2020-02-04', '2020-03-05', 4, 1111.00, 0.00, 0.00, 0.00, 1111.00, 0.00, 0.00, '213', 1, 1, 1, 1, 1, 2, '2020-03-11 09:23:05'),
	(30, '', '2003192074', 0, 0, 0, 0, '0000-00-00', '0000-00-00', 0, 0.00, 0.00, 0.00, 0.00, 0.00, 0.00, 0.00, '', 1, 1, 1, 1, 1, 2, '2020-03-19 20:19:33'),
	(31, '', '2003241411', 0, 0, 0, 0, '2020-03-04', '2021-02-16', 2, 99999999.99, 0.00, 0.00, 0.00, 99999999.99, 0.00, 0.00, '', 1, 1, 1, 1, 1, 2, '2020-03-24 14:46:11'),
	(34, '测试', '2003271517', 1, 1, 1, 0, '2020-03-27', '2021-03-07', 4, 3888.00, 0.00, 0.00, 0.00, 3888.00, 0.00, 0.00, '测试', 1, 1, 1, 1, 1, 2, '2020-03-27 15:48:29'),
	(35, '', '2003282080', 1, 1, 7, 0, '2020-03-28', '0000-00-00', 2, 0.00, 0.00, 0.00, 0.00, 0.00, 0.00, 0.00, '', 1, 1, 1, 1, 1, 2, '2020-03-28 20:50:13'),
	(45, '1321', '2005181510', 1, 1, 7, 0, '2020-01-28', '2020-01-28', 2, 0.00, 0.00, 0.00, 0.00, 0.00, 0.00, 0.00, '13213', 1, 1, 1, 1, 1, 2, '2020-05-18 15:26:18'),
	(46, '321', '2005181588', 1, 1, 7, 0, '2020-05-18', '2020-05-19', 2, 231.00, 0.00, 0.00, 0.00, 231.00, 0.00, 0.00, '1', 1, 1, 1, 1, 1, 2, '2020-05-18 15:26:58'),
	(47, '', '2005212324', 1, 1, 1, 0, '2020-01-28', '2021-03-04', 0, 0.00, 0.00, 0.00, 0.00, 0.00, 0.00, 0.00, '', 1, 1, 1, 1, 1, 2, '2020-05-21 23:38:57'),
	(48, 'test', '2005261223', 1, 1, 7, 0, '2029-06-26', '2024-06-05', 2, 10000.00, 0.00, 0.00, 0.00, 10000.00, 0.00, 0.00, 'test', 1, 1, 1, 1, 1, 2, '2020-05-26 12:28:39'),
	(49, 'test', '2005261295', 1, 1, 7, 0, '2019-12-04', '2021-02-02', 2, 12345.00, 0.00, 0.00, 0.00, 12345.00, 0.00, 0.00, 'test', 1, 1, 1, 1, 1, 2, '2020-05-26 12:29:06'),
	(50, '12', '2005261670', 310, 61, 0, 0, '2020-05-26', '0000-00-00', 0, 0.00, 0.00, 0.00, 0.00, 0.00, 0.00, 0.00, '', 2, 3, 2, 1, 1, 2, '2020-05-26 16:40:24'),
	(51, '', '2005271363', 311, 64, 0, 0, '2008-12-28', '2027-09-27', 2, 100000.00, 0.00, 0.00, 0.00, 100000.00, 0.00, 0.00, '', 2, 1, 4, 1, 1, 2, '2020-05-27 13:16:23'),
	(52, '', '2005271428', 310, 61, 0, 0, '0000-00-00', '0000-00-00', 0, 0.00, 0.00, 0.00, 0.00, 0.00, 0.00, 0.00, '', 1, 1, 1, 1, 1, 2, '2020-05-27 14:19:48'),
	(53, '', '2005271498', 13, 0, 0, 0, '0000-00-00', '0000-00-00', 0, 0.00, 0.00, 0.00, 0.00, 0.00, 0.00, 0.00, '', 1, 1, 1, 1, 1, 2, '2020-05-27 14:20:27'),
	(54, '', '2005271414', 313, 69, 0, 0, '2020-05-27', '2021-03-03', 2, 148000.00, 0.00, 0.00, 0.00, 148000.00, 0.00, 0.00, '136000+12000', 2, 1, 2, 1, 1, 2, '2020-05-27 14:27:50'),
	(55, '1', '2006030828', 322, 81, 0, 0, '2019-12-30', '2020-06-03', 0, 11212.00, 0.00, 0.00, 0.00, 11212.00, 0.00, 0.00, '', 1, 1, 1, 1, 1, 2, '2020-06-03 08:24:53'),
	(56, '抢购项目', '2006031497', 320, 79, 0, 0, '2020-06-03', '2022-04-02', 7, 260000.00, 0.00, 0.00, 0.00, 260000.00, 0.00, 0.00, '请保密', 1, 1, 1, 1, 1, 2, '2020-06-03 14:28:00'),
	(58, '计算机', '2006051093', 332, 96, 0, 0, '2020-03-05', '2021-07-14', 2, 500000.00, 0.00, 0.00, 0.00, 500000.00, 0.00, 0.00, '慎重', 2, 1, 0, 1, 1, 2, '2020-06-05 10:17:51'),
	(59, '', '2006071437', 0, 0, 0, 0, '0000-00-00', '0000-00-00', 0, 0.00, 0.00, 0.00, 0.00, 0.00, 0.00, 0.00, '', 1, 1, 1, 1, 1, 2, '2020-06-07 14:44:32'),
	(60, '', '2111100915', 1, 58, 7, 0, '2021-11-10', '2021-11-10', 4, 123.00, 0.00, 0.00, 0.00, 123.00, 0.00, 0.00, '', 1, 1, 1, 1, 1, 2, '2021-11-10 09:46:26'),
	(61, '', '2111161783', 337, 101, 0, 0, '0000-00-00', '0000-00-00', 0, 0.00, 0.00, 0.00, 0.00, 0.00, 0.00, 0.00, '', 1, 1, 1, 1, 1, 2, '2021-11-16 17:49:32'),
	(62, 'test', '2111181094', 1, 1, 7, 0, '2021-11-18', '2029-01-01', 1, 10000.00, 0.00, 0.00, 0.00, 10000.00, 0.00, 0.00, '', 1, 1, 1, 1, 1, 2, '2021-11-18 10:23:36'),
	(63, '34134', '2111181460', 1, 58, 7, 0, '2020-01-30', '2021-09-30', 1, 15.00, 0.00, 0.00, 0.00, 15.00, 0.00, 0.00, '', 1, 1, 1, 1, 1, 2, '2021-11-18 14:35:58'),
	(66, '20211119-888801', '2111191162', 332, 96, 0, 0, '2021-11-19', '2021-11-30', 2, 25000.00, 0.00, 0.00, 0.00, 25000.00, 0.00, 0.00, '', 1, 1, 1, 1, 1, 2, '2021-11-19 11:17:06'),
	(65, '', '2111181578', 323, 85, 0, 0, '2021-11-18', '2029-11-22', 1, 0.00, 0.00, 0.00, 0.00, 0.00, 0.00, 0.00, '', 1, 1, -1, 1, 1, 2, '2021-11-18 15:54:20'),
	(67, '', '2111191339', 1, 58, 7, 0, '2021-11-19', '2022-03-03', 1, 100000.00, 0.00, 0.00, 0.00, 100000.00, 0.00, 0.00, '', 1, 1, 1, 1, 1, 2, '2021-11-19 13:23:19'),
	(68, '', '2111191311', 344, 110, 0, 0, '2021-11-19', '2022-07-21', 0, 99999999.99, 0.00, 0.00, 1009998.00, 98990001.99, 0.00, 0.00, '', 2, 2, 2, 1, 1, 2, '2021-11-19 13:26:03'),
	(69, '苟富贵', '2111191357', 1, 58, 7, 0, '2021-11-19', '2029-11-29', 2, 12345.00, 0.00, 0.00, 0.00, 12345.00, 0.00, 0.00, '', 1, 1, 1, 1, 1, 2, '2021-11-19 13:29:05'),
	(70, '', '2111261020', 334, 98, 14, 0, '2021-03-11', '2022-04-08', 4, 100.00, 0.00, 0.00, 100.00, 0.00, 0.00, 0.00, '', 2, 3, 1, 1, 1, 2, '2021-11-26 10:42:00'),
	(71, '判决书', '2111291714', 1, 1, 7, 0, '2018-12-30', '2024-12-30', 1, 15000000.00, 0.00, 0.00, 0.00, 15000000.00, 0.00, 0.00, '很好', 1, 1, 1, 1, 1, 2, '2021-11-29 17:03:07'),
	(72, '1111111111111', '2112031915', 329, 93, 0, 0, '2021-12-03', '2029-11-29', 1, 111111.00, 0.00, 0.00, 0.00, 111111.00, 0.00, 0.00, '111', 2, 1, 5, 1, 1, 2, '2021-12-03 19:38:28'),
	(73, 'test', '2112032221', 337, 101, 0, 0, '2021-12-03', '2022-12-01', 1, 188000.00, 0.00, 0.00, 0.00, 188000.00, 0.00, 0.00, '', 1, 1, 1, 1, 1, 2, '2021-12-03 22:35:58'),
	(74, 'ds21213', '2112061582', 423, 189, 0, 0, '0000-00-00', '2021-12-06', 0, 123123.00, 0.00, 0.00, 0.00, 123123.00, 0.00, 0.00, '', 2, 1, 2, 1, 1, 2, '2021-12-06 15:20:52'),
	(75, '', '2112101029', 0, 0, 0, 0, '0000-00-00', '0000-00-00', 0, 0.00, 0.00, 0.00, 0.00, 0.00, 0.00, 0.00, '', 1, 1, 1, 1, 1, 2, '2021-12-10 10:17:44'),
	(76, '', '2112101067', 1, 1, 0, 0, '0000-00-00', '0000-00-00', 0, 0.00, 0.00, 0.00, 0.00, 0.00, 0.00, 0.00, '', 1, 1, 1, 1, 1, 2, '2021-12-10 10:18:44'),
	(77, '', '2112101067', 1, 1, 1, 0, '0000-00-00', '0000-00-00', 0, 0.00, 0.00, 0.00, 0.00, 0.00, 0.00, 0.00, '', 1, 1, 1, 1, 1, 2, '2021-12-10 10:18:45'),
	(78, '4', '2112201251', 1, 1, 7, 0, '2020-02-06', '2024-04-04', 0, 10000.00, 0.00, 0.00, 0.00, 10000.00, 0.00, 0.00, '', 1, 1, 1, 1, 1, 2, '2021-12-20 12:34:06'),
	(79, '购买 CRM定制开发合同', '2112250021', 440, 208, 0, 0, '2020-01-01', '2022-01-01', 2, 180000.00, 0.00, 0.00, 120000.00, 95000.00, 0.00, 0.00, '', 2, 2, 1, 1, 1, 2, '2021-12-25 00:01:37'),
	(80, '购买 CRM定制开发合同', '2112250021', 440, 208, 0, 0, '2020-01-01', '2022-01-01', 2, 180000.00, 0.00, 0.00, 0.00, 180000.00, 0.00, 0.00, '', 2, 1, 4, 1, 1, 2, '2021-12-25 00:01:38'),
	(81, '测试咯测试咯', '2201111111', 328, 0, 0, 0, '2021-06-30', '2022-11-30', 4, 50000.00, 0.00, 0.00, 0.00, 50000.00, 0.00, 0.00, '', 2, 1, 4, 1, 1, 2, '2022-01-11 11:41:12'),
	(82, 'wwww', '2202081422', 1, 58, 7, 0, '2022-02-08', '2025-07-23', 1, 1234444.00, 0.00, 0.00, 0.00, 1234444.00, 0.00, 0.00, '', 1, 1, 1, 1, 1, 2, '2022-02-08 14:06:59'),
	(83, '', '2202141423', 0, 0, 0, 0, '0000-00-00', '0000-00-00', 1, 0.00, 0.00, 0.00, 0.00, 0.00, 0.00, 0.00, '', 1, 1, 1, 1, 1, 2, '2022-02-14 14:28:53'),
	(84, '111', '2202221760', 1, 58, 20, 0, '0000-00-00', '2022-02-22', 0, 123.00, 0.00, 0.00, 0.00, 123.00, 0.00, 0.00, '33', 1, 1, 1, 1, 1, 2, '2022-02-22 17:23:13'),
	(85, 'ss', '2203191481', 1, 1, 7, 0, '0000-00-00', '0000-00-00', 1, 0.00, 0.00, 0.00, 0.00, 0.00, 0.00, 0.00, '', 1, 1, 1, 1, 1, 2, '2022-03-19 14:07:51'),
	(86, 'sssssss', '2203191411', 0, 0, 0, 0, '0000-00-00', '0000-00-00', 2, 0.00, 0.00, 0.00, 0.00, 0.00, 0.00, 0.00, '', 1, 1, 1, 1, 1, 2, '2022-03-19 14:08:27'),
	(87, '', '2203251134', 1, 1, 1, 0, '0000-00-00', '0000-00-00', 1, 0.00, 0.00, 0.00, 0.00, 0.00, 0.00, 0.00, '', 1, 1, 1, 1, 1, 2, '2022-03-25 11:11:14');
/*!40000 ALTER TABLE `sal_contract` ENABLE KEYS */;

-- 导出  表 erp_07fly_com.sal_contract_list 结构
CREATE TABLE IF NOT EXISTS `sal_contract_list` (
  `list_id` int(11) unsigned NOT NULL AUTO_INCREMENT COMMENT '订单项ID',
  `contract_id` int(11) NOT NULL COMMENT '合同ID',
  `goods_id` int(11) NOT NULL COMMENT '商品ID',
  `goods_name` varchar(100) NOT NULL COMMENT '商品名称',
  `sku_id` int(11) NOT NULL COMMENT 'skuID',
  `sku_name` varchar(50) NOT NULL COMMENT 'sku名称',
  `sale_price` decimal(19,2) NOT NULL DEFAULT '0.00' COMMENT '商品价格',
  `cost_price` decimal(19,2) NOT NULL DEFAULT '0.00' COMMENT '商品成本价',
  `num` int(11) NOT NULL DEFAULT '0' COMMENT '购买数量',
  `out_num` int(11) NOT NULL DEFAULT '0' COMMENT '出库数量',
  `owe_num` int(11) NOT NULL DEFAULT '0' COMMENT '未出库数量',
  `owe_money` decimal(10,2) NOT NULL DEFAULT '0.00' COMMENT '未出库金额',
  `adjust_money` decimal(10,2) NOT NULL DEFAULT '0.00' COMMENT '调整金额',
  `goods_money` decimal(10,2) NOT NULL DEFAULT '0.00' COMMENT '商品总价',
  `goods_picture` int(11) NOT NULL DEFAULT '0' COMMENT '商品图片',
  `remarks` varchar(255) NOT NULL DEFAULT '' COMMENT '备注',
  `create_user_id` int(11) DEFAULT '0',
  `create_time` datetime NOT NULL,
  PRIMARY KEY (`list_id`),
  KEY `UK_ns_order_goods_goods_id` (`goods_id`),
  KEY `UK_ns_order_goods_order_id` (`contract_id`),
  KEY `UK_ns_order_goods_sku_id` (`sku_id`)
) ENGINE=MyISAM AUTO_INCREMENT=61 DEFAULT CHARSET=utf8 AVG_ROW_LENGTH=289 COMMENT='销售合同明细表';

-- 正在导出表  erp_07fly_com.sal_contract_list 的数据：39 rows
DELETE FROM `sal_contract_list`;
/*!40000 ALTER TABLE `sal_contract_list` DISABLE KEYS */;
INSERT INTO `sal_contract_list` (`list_id`, `contract_id`, `goods_id`, `goods_name`, `sku_id`, `sku_name`, `sale_price`, `cost_price`, `num`, `out_num`, `owe_num`, `owe_money`, `adjust_money`, `goods_money`, `goods_picture`, `remarks`, `create_user_id`, `create_time`) VALUES
	(28, 42, 9, '交换机', 16, '交换机', 10000.00, 0.00, 1, -3, 4, 40000.00, 0.00, 10000.00, 0, '', 2, '2020-04-01 13:00:52'),
	(7, 11, 4, '9191', 5, '9191', 0.00, 0.00, 1, 0, 1, 0.00, 0.00, 0.00, 0, '', 1, '2020-01-16 09:56:17'),
	(8, 11, 3, '9191', 4, '9191', 0.00, 0.00, 1, 0, 1, 0.00, 0.00, 0.00, 0, '', 1, '2020-01-16 09:56:17'),
	(9, 11, 2, '1', 3, '1', 10.00, 0.00, 1, -1, 2, 20.00, 0.00, 10.00, 0, '', 1, '2020-01-16 09:56:17'),
	(10, 11, 2, '1', 2, '1', 0.00, 0.00, 1, 0, 1, 0.00, 0.00, 0.00, 0, '', 1, '2020-01-16 09:56:17'),
	(11, 11, 1, '零起飞网站建设', 1, '零起飞网站建设', 1000.00, 0.00, 1, -1, 2, 2000.00, 0.00, 1000.00, 0, '', 1, '2020-01-16 09:56:17'),
	(22, 29, 5, '海康200万像素摄像机', 8, '海康200万像素摄像机', 380.00, 0.00, 1, 0, 1, 380.00, 0.00, 380.00, 0, '', 2, '2020-03-28 21:03:30'),
	(29, 50, 9, '交换机', 18, '交换机', 0.00, 0.00, 1, 0, 1, 0.00, 0.00, 0.00, 0, '', 2, '2020-05-26 16:42:40'),
	(30, 51, 9, '交换机', 18, '交换机', 0.00, 0.00, 1, 0, 1, 0.00, 0.00, 0.00, 0, '', 2, '2020-05-27 14:19:18'),
	(31, 51, 10, '电脑', 17, '电脑', 111.00, 0.00, 1, -1, 2, 222.00, 0.00, 111.00, 0, '', 2, '2020-05-27 14:19:18'),
	(32, 51, 9, '交换机', 16, '交换机', 0.00, 0.00, 1, 0, 1, 0.00, 0.00, 0.00, 0, '', 2, '2020-05-27 14:19:18'),
	(33, 51, 8, '1', 15, '200万像素:', 0.00, 0.00, 1, 0, 1, 0.00, 0.00, 0.00, 0, '', 2, '2020-05-27 14:19:18'),
	(34, 51, 7, 'A46', 11, 'A46', 0.00, 0.00, 1, 0, 1, 0.00, 0.00, 0.00, 0, '', 2, '2020-05-27 14:19:18'),
	(35, 51, 5, '海康200万像素摄像机', 8, '海康200万像素摄像机', 380.00, 0.00, 1, -1, 2, 760.00, 0.00, 380.00, 0, '', 2, '2020-05-27 14:19:18'),
	(36, 51, 5, '海康200万像素摄像机', 7, '海康200万像素摄像机', 380.00, 0.00, 1, -1, 2, 760.00, 0.00, 380.00, 0, '', 2, '2020-05-27 14:19:18'),
	(37, 51, 4, '9191', 6, '9191', 0.00, 0.00, 1, 0, 1, 0.00, 0.00, 0.00, 0, '', 2, '2020-05-27 14:19:18'),
	(38, 51, 4, '9191', 5, '9191', 0.00, 0.00, 1, 0, 1, 0.00, 0.00, 0.00, 0, '', 2, '2020-05-27 14:19:18'),
	(39, 51, 3, '9191', 4, '9191', 0.00, 0.00, 1, 0, 1, 0.00, 0.00, 0.00, 0, '', 2, '2020-05-27 14:19:18'),
	(40, 54, 5, '海康200万像素摄像机', 8, '海康200万像素摄像机', 380.00, 0.00, 1, 0, 1, 380.00, 0.00, 380.00, 0, '', 2, '2020-05-27 16:05:24'),
	(41, 58, 9, '交换机', 16, '交换机', 1000.00, 0.00, 1, 17, -16, -16000.00, 0.00, 1000.00, 0, '', 2, '2020-06-05 10:28:33'),
	(42, 58, 5, '海康200万像素摄像机', 8, '海康200万像素摄像机', 380.00, 0.00, 1, 17, -16, -6080.00, 0.00, 380.00, 0, '', 2, '2020-06-05 10:28:33'),
	(43, 68, 9, '交换机', 18, '交换机', 0.00, 0.00, 1, 0, 1, 0.00, 0.00, 0.00, 0, '', 2, '2021-11-21 10:45:38'),
	(44, 68, 10, '电脑', 17, '电脑', 111.00, 0.00, 1, 0, 1, 111.00, 0.00, 111.00, 0, '', 2, '2021-11-21 10:45:38'),
	(45, 68, 9, '交换机', 16, '交换机', 0.00, 0.00, 1, 0, 1, 0.00, 0.00, 0.00, 0, '', 2, '2021-11-21 10:45:38'),
	(46, 68, 8, '1', 15, '200万像素:', 0.00, 0.00, 1, 0, 1, 0.00, 0.00, 0.00, 0, '', 2, '2021-11-21 10:45:38'),
	(47, 68, 7, 'A46', 11, 'A46', 0.00, 0.00, 1, 0, 1, 0.00, 0.00, 0.00, 0, '', 2, '2021-11-21 10:45:38'),
	(48, 68, 5, '海康200万像素摄像机', 8, '海康200万像素摄像机', 380.00, 0.00, 1, 0, 1, 380.00, 0.00, 380.00, 0, '', 2, '2021-11-21 10:45:38'),
	(49, 68, 5, '海康200万像素摄像机', 7, '海康200万像素摄像机', 380.00, 0.00, 1, 0, 1, 380.00, 0.00, 380.00, 0, '', 2, '2021-11-21 10:45:38'),
	(50, 68, 4, '9191', 6, '9191', 0.00, 0.00, 1, 0, 1, 0.00, 0.00, 0.00, 0, '', 2, '2021-11-21 10:45:38'),
	(51, 68, 4, '9191', 5, '9191', 0.00, 0.00, 1, 0, 1, 0.00, 0.00, 0.00, 0, '', 2, '2021-11-21 10:45:38'),
	(52, 68, 3, '9191', 4, '9191', 0.00, 0.00, 1, 0, 1, 0.00, 0.00, 0.00, 0, '', 2, '2021-11-21 10:45:38'),
	(53, 74, 9, '交换机', 18, '交换机', 0.00, 0.00, 1, 0, 1, 0.00, 0.00, 0.00, 0, '', 2, '2021-12-16 18:15:57'),
	(54, 72, 10, '电脑', 17, '电脑', 111.00, 0.00, 1, 1, 0, 0.00, 0.00, 111.00, 0, '', 2, '2021-12-24 23:49:28'),
	(55, 72, 5, '海康200万像素摄像机', 7, '海康200万像素摄像机', 380.00, 0.00, 1, 2, -1, -380.00, 0.00, 380.00, 0, '', 2, '2021-12-24 23:49:28'),
	(56, 80, 8, '1', 15, '200万像素:', 1000.00, 0.00, 50, -100, 150, 150000.00, 0.00, 50000.00, 0, '', 2, '2021-12-25 00:06:45'),
	(57, 80, 5, '海康200万像素摄像机', 8, '海康200万像素摄像机', 380.00, 0.00, 10, -20, 30, 11400.00, 0.00, 3800.00, 0, '', 2, '2021-12-25 00:06:45'),
	(58, 80, 4, '9191', 6, '9191', 100.00, 0.00, 20, -40, 60, 6000.00, 0.00, 2000.00, 0, '', 2, '2021-12-25 00:06:45'),
	(59, 81, 9, '交换机', 18, '交换机', 70.00, 0.00, 12, -12, 24, 1680.00, 0.00, 840.00, 0, '', 2, '2022-01-18 22:22:14'),
	(60, 81, 10, '电脑', 17, '电脑', 111.00, 0.00, 12, -12, 24, 2664.00, 0.00, 1332.00, 0, '', 2, '2022-01-18 22:22:14');
/*!40000 ALTER TABLE `sal_contract_list` ENABLE KEYS */;

-- 导出  表 erp_07fly_com.stock_goods_sku 结构
CREATE TABLE IF NOT EXISTS `stock_goods_sku` (
  `stock_goods_sku_id` int(11) NOT NULL AUTO_INCREMENT COMMENT '表序号',
  `sku_id` int(11) NOT NULL DEFAULT '0' COMMENT 'skuID',
  `store_id` int(11) NOT NULL DEFAULT '0' COMMENT '仓库编号',
  `goods_id` int(11) NOT NULL DEFAULT '0' COMMENT '商品编号',
  `goods_name` varchar(500) NOT NULL DEFAULT '' COMMENT '商品名称',
  `sku_name` varchar(500) NOT NULL DEFAULT '' COMMENT 'SKU名称',
  `sale_price` decimal(10,2) NOT NULL DEFAULT '0.00' COMMENT '销售价格',
  `cost_price` decimal(19,2) NOT NULL DEFAULT '0.00' COMMENT '成本价',
  `total_cost_money` decimal(19,2) NOT NULL DEFAULT '0.00' COMMENT '成本总金额',
  `total_sale_money` decimal(19,2) NOT NULL DEFAULT '0.00' COMMENT '销售总金额',
  `total_profit_money` decimal(19,2) NOT NULL DEFAULT '0.00' COMMENT '利润总金额',
  `stock` int(11) NOT NULL DEFAULT '0' COMMENT '库存',
  `code` varchar(255) NOT NULL DEFAULT '' COMMENT '商家编码',
  `create_time` datetime DEFAULT NULL COMMENT '创建时间',
  `update_time` datetime DEFAULT NULL COMMENT '修改时间',
  PRIMARY KEY (`stock_goods_sku_id`)
) ENGINE=MyISAM AUTO_INCREMENT=12 DEFAULT CHARSET=utf8 AVG_ROW_LENGTH=481 COMMENT='库存清单';

-- 正在导出表  erp_07fly_com.stock_goods_sku 的数据：11 rows
DELETE FROM `stock_goods_sku`;
/*!40000 ALTER TABLE `stock_goods_sku` DISABLE KEYS */;
INSERT INTO `stock_goods_sku` (`stock_goods_sku_id`, `sku_id`, `store_id`, `goods_id`, `goods_name`, `sku_name`, `sale_price`, `cost_price`, `total_cost_money`, `total_sale_money`, `total_profit_money`, `stock`, `code`, `create_time`, `update_time`) VALUES
	(1, 1, 0, 1, '零起飞网站建设', '零起飞网站建设', 1000.00, 0.00, 0.00, 0.00, 0.00, 0, '', '2020-01-14 14:25:47', '2020-03-31 14:30:54'),
	(2, 1, 1, 1, '零起飞网站建设', '零起飞网站建设', 1000.00, 1000.00, 2000.00, 2000.00, 0.00, 2, '', '2020-01-16 10:12:35', '2020-04-03 10:11:38'),
	(3, 7, 1, 5, '海康200万像素摄像机', '海康200万像素摄像机', 380.00, 0.00, 0.00, 0.00, 0.00, 0, '', '2020-02-09 00:12:43', '2020-03-31 14:30:47'),
	(4, 7, 0, 5, '海康200万像素摄像机', '海康200万像素摄像机', 380.00, 380.00, 760.00, 760.00, 0.00, 2, '', '2020-03-03 18:48:01', '2021-12-24 23:51:08'),
	(5, 8, 0, 5, '海康200万像素摄像机', '海康200万像素摄像机', 380.00, 351.43, 7028.58, 7600.00, 571.42, 20, '', '2020-03-09 09:18:21', '2022-03-24 09:27:21'),
	(6, 17, 0, 10, '电脑', '电脑', 111.00, 117.36, 1760.36, 1665.00, -95.36, 15, '', '2020-03-31 14:04:31', '2022-02-22 21:07:34'),
	(7, 16, 0, 9, '交换机', '交换机', 0.00, 0.00, 6000.00, 0.00, -6000.00, 0, '', '2020-05-24 08:37:04', '2022-01-17 17:38:36'),
	(8, 5, 0, 4, '9191', '9191', 0.00, 100000.00, 100000.00, 0.00, -100000.00, 1, '', '2020-05-26 16:50:59', '2020-05-28 10:06:05'),
	(9, 6, 0, 4, '9191', '9191', 0.00, 100.00, 4100.00, 0.00, -4100.00, 41, '', '2020-05-26 16:50:59', '2022-03-24 09:27:21'),
	(10, 15, 0, 8, '1', '200万像素:', 0.00, 991.09, 100100.00, 0.00, -100100.00, 101, '', '2020-05-26 16:50:59', '2022-03-24 09:27:21'),
	(11, 18, 0, 9, '交换机', '交换机', 0.00, 100.00, 300.00, 0.00, -300.00, 3, '', '2022-02-10 16:58:50', '2022-02-22 21:07:34');
/*!40000 ALTER TABLE `stock_goods_sku` ENABLE KEYS */;

-- 导出  表 erp_07fly_com.stock_into 结构
CREATE TABLE IF NOT EXISTS `stock_into` (
  `into_id` int(16) unsigned NOT NULL AUTO_INCREMENT,
  `store_id` int(16) unsigned NOT NULL DEFAULT '0' COMMENT '仓库编号',
  `contract_id` int(16) unsigned NOT NULL DEFAULT '0' COMMENT '采购合同编号',
  `title` varchar(256) NOT NULL COMMENT '订单主题',
  `money` decimal(10,2) NOT NULL COMMENT '金额',
  `number` int(16) NOT NULL COMMENT '数量',
  `intro` text NOT NULL COMMENT '订单介绍',
  `status` smallint(1) NOT NULL DEFAULT '-1' COMMENT '1=已经入库，-1=未入库',
  `into_user_id` int(16) NOT NULL COMMENT '入库管理员',
  `into_time` datetime NOT NULL COMMENT '入库时间',
  `into_type` varchar(50) NOT NULL COMMENT '入库类型',
  `create_user_id` int(16) NOT NULL COMMENT '创建人',
  `create_time` datetime NOT NULL COMMENT '创建时间',
  PRIMARY KEY (`into_id`)
) ENGINE=MyISAM AUTO_INCREMENT=36 DEFAULT CHARSET=utf8 COMMENT='入库单';

-- 正在导出表  erp_07fly_com.stock_into 的数据：9 rows
DELETE FROM `stock_into`;
/*!40000 ALTER TABLE `stock_into` DISABLE KEYS */;
INSERT INTO `stock_into` (`into_id`, `store_id`, `contract_id`, `title`, `money`, `number`, `intro`, `status`, `into_user_id`, `into_time`, `into_type`, `create_user_id`, `create_time`) VALUES
	(16, 0, 25, '', 0.00, 731, '', 1, 2, '2020-04-07 14:08:49', '采购入库', 2, '2020-04-07 14:08:25'),
	(17, 0, 27, 'aaaabbbb', 724.29, 10, '', 1, 2, '2020-04-09 09:34:59', '采购入库', 2, '2020-04-09 09:34:45'),
	(15, 0, 23, '采购', 1400.00, 5, '', 1, 2, '2020-04-03 21:50:17', '采购入库', 2, '2020-04-03 16:10:36'),
	(18, 0, 32, '', 3724.29, 17, '', 1, 2, '2020-05-24 08:37:04', '采购入库', 2, '2020-05-24 08:35:52'),
	(21, 0, 35, '1', 100200.00, 3, '', 1, 2, '2020-05-28 10:06:05', '采购入库', 2, '2020-05-28 10:05:19'),
	(32, 0, 63, '', 0.00, 10, '', 1, 2, '2022-01-08 19:24:43', '采购入库', 2, '2022-01-08 19:24:18'),
	(33, 0, 64, 'aaaa', 400.00, 3, '', 1, 2, '2022-02-10 16:58:50', '采购入库', 2, '2022-02-04 23:12:42'),
	(34, 0, 65, 'qqqq', 111.00, 1, '', 1, 2, '2022-02-08 14:00:39', '采购入库', 2, '2022-02-08 14:00:08'),
	(35, 0, 69, '11111', 217.36, 2, '', 1, 2, '2022-02-22 21:07:34', '采购入库', 2, '2022-02-22 21:06:29');
/*!40000 ALTER TABLE `stock_into` ENABLE KEYS */;

-- 导出  表 erp_07fly_com.stock_into_list 结构
CREATE TABLE IF NOT EXISTS `stock_into_list` (
  `list_id` int(11) unsigned NOT NULL AUTO_INCREMENT COMMENT '订单项ID',
  `into_id` int(11) NOT NULL COMMENT '入库单编号 ',
  `contract_id` int(11) NOT NULL COMMENT '合同ID',
  `contract_list_id` int(11) NOT NULL COMMENT '合同明细ID',
  `store_id` int(11) NOT NULL COMMENT '库存编号',
  `goods_id` int(11) NOT NULL COMMENT '商品ID',
  `goods_name` varchar(100) NOT NULL COMMENT '商品名称',
  `sku_id` int(11) NOT NULL COMMENT 'skuID',
  `sku_name` varchar(50) NOT NULL COMMENT 'sku名称',
  `number` varchar(255) NOT NULL DEFAULT '0' COMMENT '购买数量',
  `price` decimal(10,2) NOT NULL COMMENT '采购价格',
  `money` decimal(10,2) NOT NULL COMMENT '总金额',
  `remarks` varchar(255) NOT NULL DEFAULT '' COMMENT '备注',
  `create_user_id` int(11) DEFAULT '0',
  `create_time` datetime NOT NULL,
  `into_user_id` int(11) DEFAULT '0' COMMENT '入库人员',
  `into_time` datetime NOT NULL COMMENT '入库时间',
  PRIMARY KEY (`list_id`),
  KEY `UK_ns_order_goods_goods_id` (`goods_id`),
  KEY `UK_ns_order_goods_order_id` (`contract_id`),
  KEY `UK_ns_order_goods_sku_id` (`sku_id`)
) ENGINE=MyISAM AUTO_INCREMENT=44 DEFAULT CHARSET=utf8 AVG_ROW_LENGTH=289 COMMENT='入库单明细表';

-- 正在导出表  erp_07fly_com.stock_into_list 的数据：14 rows
DELETE FROM `stock_into_list`;
/*!40000 ALTER TABLE `stock_into_list` DISABLE KEYS */;
INSERT INTO `stock_into_list` (`list_id`, `into_id`, `contract_id`, `contract_list_id`, `store_id`, `goods_id`, `goods_name`, `sku_id`, `sku_name`, `number`, `price`, `money`, `remarks`, `create_user_id`, `create_time`, `into_user_id`, `into_time`) VALUES
	(16, 17, 27, 38, 0, 5, '海康200万像素摄像机', 8, '海康200万像素摄像机', '1', 344.29, 344.29, '', 2, '2020-04-09 09:34:45', 2, '2020-04-09 09:34:59'),
	(17, 17, 27, 39, 0, 5, '海康200万像素摄像机', 7, '海康200万像素摄像机', '1', 380.00, 380.00, '', 2, '2020-04-09 09:34:45', 2, '2020-04-09 09:34:59'),
	(15, 15, 23, 29, 0, 5, '海康200万像素摄像机', 8, '海康200万像素摄像机', '5', 280.00, 1400.00, '', 2, '2020-04-03 16:10:36', 2, '2020-04-03 21:50:17'),
	(18, 18, 32, 60, 0, 9, '交换机', 16, '交换机', '15', 200.00, 3000.00, '', 2, '2020-05-24 08:35:52', 2, '2020-05-24 08:37:04'),
	(19, 18, 32, 61, 0, 5, '海康200万像素摄像机', 8, '海康200万像素摄像机', '1', 344.29, 344.29, '', 2, '2020-05-24 08:35:52', 2, '2020-05-24 08:37:04'),
	(20, 18, 32, 62, 0, 5, '海康200万像素摄像机', 7, '海康200万像素摄像机', '1', 380.00, 380.00, '', 2, '2020-05-24 08:35:52', 2, '2020-05-24 08:37:04'),
	(29, 21, 35, 75, 0, 4, '9191', 5, '9191', '1', 100000.00, 100000.00, '', 2, '2020-05-28 10:05:19', 2, '2020-05-28 10:06:05'),
	(42, 35, 69, 126, 0, 10, '电脑', 17, '电脑', '1', 117.36, 117.36, '', 2, '2022-02-22 21:06:29', 2, '2022-02-22 21:07:34'),
	(28, 21, 35, 74, 0, 4, '9191', 6, '9191', '1', 100.00, 100.00, '', 2, '2020-05-28 10:05:19', 2, '2020-05-28 10:06:05'),
	(27, 21, 35, 73, 0, 8, '1', 15, '200万像素:', '1', 100.00, 100.00, '', 2, '2020-05-28 10:05:19', 2, '2020-05-28 10:06:05'),
	(40, 33, 64, 121, 0, 10, '电脑', 17, '电脑', '1', 200.00, 200.00, '', 2, '2022-02-04 23:12:42', 2, '2022-02-10 16:58:50'),
	(41, 34, 65, 122, 0, 10, '电脑', 17, '电脑', '1', 111.00, 111.00, '', 2, '2022-02-08 14:00:08', 2, '2022-02-08 14:00:39'),
	(39, 33, 64, 120, 0, 9, '交换机', 18, '交换机', '2', 100.00, 200.00, '', 2, '2022-02-04 23:12:42', 2, '2022-02-10 16:58:50'),
	(43, 35, 69, 125, 0, 9, '交换机', 18, '交换机', '1', 100.00, 100.00, '', 2, '2022-02-22 21:06:29', 2, '2022-02-22 21:07:34');
/*!40000 ALTER TABLE `stock_into_list` ENABLE KEYS */;

-- 导出  表 erp_07fly_com.stock_out 结构
CREATE TABLE IF NOT EXISTS `stock_out` (
  `out_id` int(16) unsigned NOT NULL AUTO_INCREMENT,
  `store_id` int(16) unsigned NOT NULL DEFAULT '0' COMMENT '仓库编号',
  `contract_id` int(16) unsigned NOT NULL DEFAULT '0' COMMENT '销售合同编号',
  `title` varchar(256) NOT NULL COMMENT '订单主题',
  `money` decimal(10,2) NOT NULL COMMENT '金额',
  `number` int(16) NOT NULL COMMENT '数量',
  `intro` text NOT NULL COMMENT '订单介绍',
  `status` smallint(1) NOT NULL DEFAULT '-1' COMMENT '1=已经出库，-1=未出库',
  `out_user_id` int(16) NOT NULL COMMENT '出库管理员',
  `out_time` datetime NOT NULL COMMENT '出库时间',
  `out_type` varchar(50) NOT NULL COMMENT '出库类型',
  `create_user_id` int(16) NOT NULL COMMENT '创建人',
  `create_time` datetime NOT NULL COMMENT '创建时间',
  PRIMARY KEY (`out_id`)
) ENGINE=MyISAM AUTO_INCREMENT=23 DEFAULT CHARSET=utf8 COMMENT='入库单';

-- 正在导出表  erp_07fly_com.stock_out 的数据：3 rows
DELETE FROM `stock_out`;
/*!40000 ALTER TABLE `stock_out` DISABLE KEYS */;
INSERT INTO `stock_out` (`out_id`, `store_id`, `contract_id`, `title`, `money`, `number`, `intro`, `status`, `out_user_id`, `out_time`, `out_type`, `create_user_id`, `create_time`) VALUES
	(19, 0, 58, '计算机', 1380.00, 2, '', 1, 2, '2021-11-11 11:23:34', '销售出库', 2, '2020-06-07 14:44:43'),
	(21, 0, 72, '1111111111111', 491.00, 2, '', 1, 2, '2021-12-24 23:51:08', '销售出库', 2, '2021-12-24 23:49:59'),
	(20, 0, 74, 'ds21213', 0.00, 1, '', 1, 2, '2021-12-22 13:31:49', '销售出库', 2, '2021-12-19 13:58:00');
/*!40000 ALTER TABLE `stock_out` ENABLE KEYS */;

-- 导出  表 erp_07fly_com.stock_out_list 结构
CREATE TABLE IF NOT EXISTS `stock_out_list` (
  `list_id` int(11) unsigned NOT NULL AUTO_INCREMENT COMMENT '订单项ID',
  `out_id` int(11) NOT NULL COMMENT '出库单编号 ',
  `contract_id` int(11) NOT NULL COMMENT '合同ID',
  `contract_list_id` int(11) NOT NULL COMMENT '合同明细ID',
  `store_id` int(11) NOT NULL COMMENT '库存编号',
  `goods_id` int(11) NOT NULL COMMENT '商品ID',
  `goods_name` varchar(100) NOT NULL COMMENT '商品名称',
  `sku_id` int(11) NOT NULL COMMENT 'skuID',
  `sku_name` varchar(50) NOT NULL COMMENT 'sku名称',
  `number` varchar(255) NOT NULL DEFAULT '0' COMMENT '购买数量',
  `price` decimal(10,2) NOT NULL COMMENT '出库价格',
  `money` decimal(10,2) NOT NULL COMMENT '总金额',
  `remarks` varchar(255) NOT NULL DEFAULT '' COMMENT '备注',
  `create_user_id` int(11) DEFAULT '0',
  `create_time` datetime NOT NULL,
  `out_user_id` int(11) DEFAULT '0' COMMENT '入库人员',
  `out_time` datetime NOT NULL COMMENT '入库时间',
  PRIMARY KEY (`list_id`),
  KEY `UK_ns_order_goods_goods_id` (`goods_id`),
  KEY `UK_ns_order_goods_order_id` (`contract_id`),
  KEY `UK_ns_order_goods_sku_id` (`sku_id`)
) ENGINE=MyISAM AUTO_INCREMENT=28 DEFAULT CHARSET=utf8 AVG_ROW_LENGTH=289 COMMENT='入库单明细表';

-- 正在导出表  erp_07fly_com.stock_out_list 的数据：4 rows
DELETE FROM `stock_out_list`;
/*!40000 ALTER TABLE `stock_out_list` DISABLE KEYS */;
INSERT INTO `stock_out_list` (`list_id`, `out_id`, `contract_id`, `contract_list_id`, `store_id`, `goods_id`, `goods_name`, `sku_id`, `sku_name`, `number`, `price`, `money`, `remarks`, `create_user_id`, `create_time`, `out_user_id`, `out_time`) VALUES
	(24, 21, 72, 55, 0, 5, '海康200万像素摄像机', 7, '海康200万像素摄像机', '1', 0.00, 380.00, '', 2, '2021-12-24 23:49:59', 2, '2021-12-24 23:51:03'),
	(23, 21, 72, 54, 0, 10, '电脑', 17, '电脑', '1', 0.00, 111.00, '', 2, '2021-12-24 23:49:59', 2, '2021-12-24 23:51:03'),
	(21, 19, 58, 41, 0, 9, '交换机', 16, '交换机', '1', 0.00, 1000.00, '', 2, '2020-06-07 14:44:43', 2, '2021-11-11 11:23:34'),
	(22, 19, 58, 42, 0, 5, '海康200万像素摄像机', 8, '海康200万像素摄像机', '1', 0.00, 380.00, '', 2, '2020-06-07 14:44:43', 2, '2021-11-11 11:23:34');
/*!40000 ALTER TABLE `stock_out_list` ENABLE KEYS */;

-- 导出  表 erp_07fly_com.stock_store 结构
CREATE TABLE IF NOT EXISTS `stock_store` (
  `store_id` int(16) unsigned NOT NULL AUTO_INCREMENT,
  `name` varchar(256) NOT NULL COMMENT '名称',
  `create_user_id` int(11) NOT NULL COMMENT '创建人员',
  `own_user_id` varchar(256) NOT NULL COMMENT '管理人员',
  `sort` smallint(2) NOT NULL,
  `visible` smallint(2) NOT NULL,
  `create_time` datetime NOT NULL COMMENT '创建时间',
  PRIMARY KEY (`store_id`)
) ENGINE=MyISAM AUTO_INCREMENT=7 DEFAULT CHARSET=utf8 COMMENT='仓库管理';

-- 正在导出表  erp_07fly_com.stock_store 的数据：1 rows
DELETE FROM `stock_store`;
/*!40000 ALTER TABLE `stock_store` DISABLE KEYS */;
INSERT INTO `stock_store` (`store_id`, `name`, `create_user_id`, `own_user_id`, `sort`, `visible`, `create_time`) VALUES
	(6, '1111', 2, '', 1, 0, '2020-03-30 16:06:39');
/*!40000 ALTER TABLE `stock_store` ENABLE KEYS */;

-- 导出  表 erp_07fly_com.sup_linkman 结构
CREATE TABLE IF NOT EXISTS `sup_linkman` (
  `linkman_id` int(16) unsigned NOT NULL AUTO_INCREMENT,
  `supplier_id` int(16) NOT NULL,
  `name` varchar(256) NOT NULL,
  `gender` smallint(1) NOT NULL,
  `postion` varchar(256) NOT NULL,
  `tel` varchar(256) NOT NULL,
  `mobile` varchar(256) NOT NULL,
  `qicq` varchar(256) NOT NULL,
  `email` varchar(256) NOT NULL,
  `zipcode` varchar(256) NOT NULL,
  `address` varchar(1024) NOT NULL,
  `intro` text NOT NULL,
  `create_time` datetime NOT NULL,
  `create_user_id` int(16) NOT NULL,
  `111` varchar(250) DEFAULT NULL COMMENT '11',
  PRIMARY KEY (`linkman_id`)
) ENGINE=MyISAM AUTO_INCREMENT=21 DEFAULT CHARSET=utf8 COMMENT='供应商联系人';

-- 正在导出表  erp_07fly_com.sup_linkman 的数据：19 rows
DELETE FROM `sup_linkman`;
/*!40000 ALTER TABLE `sup_linkman` DISABLE KEYS */;
INSERT INTO `sup_linkman` (`linkman_id`, `supplier_id`, `name`, `gender`, `postion`, `tel`, `mobile`, `qicq`, `email`, `zipcode`, `address`, `intro`, `create_time`, `create_user_id`, `111`) VALUES
	(1, 1, '11', 0, '', '11111111111', '', '', '', '', '', '', '2020-01-10 13:28:43', 2, ''),
	(2, 2, '11', 0, '', '11111111111', '', '', '', '', '', '', '2020-01-10 17:42:30', 2, ''),
	(3, 3, '123', 0, '', '123', '', '', '', '', '', '', '2020-02-27 16:31:57', 2, ''),
	(4, 4, '郭娜', 0, '', '12345678932', '', '', '', '', '', '', '2020-03-18 13:38:16', 2, ''),
	(5, 5, '刘涛', 0, '', '0512', '', '', '', '', '', '', '2020-03-28 10:28:48', 2, ''),
	(6, 6, 'aaa', 0, '', 'aaa', '', '', '', '', '', '', '2020-03-30 09:57:27', 2, ''),
	(7, 7, '123', 0, '', '12', '', '', '', '', '', '', '2020-04-03 09:59:22', 2, ''),
	(8, 8, '', 0, '', '', '', '', '', '', '', '', '2020-04-08 10:30:30', 2, ''),
	(9, 9, '', 0, '', '', '', '', '', '', '', '', '2020-04-08 10:30:35', 2, ''),
	(10, 10, '小惠', 0, '总裁', '15897521965', '13156468544', '568945657', '342456346', '', '爱上对方过后就哭了', '', '2020-05-26 16:44:03', 2, ''),
	(11, 11, '2', 0, '', '2', '', '', '', '', '', '', '2020-05-26 16:44:13', 2, ''),
	(12, 12, '张三', 0, '', '13666666666', '', '', '', '', '', '', '2020-05-29 23:39:22', 2, ''),
	(13, 13, '橘黄黄', 0, '', '13400909890', '', '', '', '', '', '', '2020-06-04 11:15:12', 2, ''),
	(14, 0, '', 1, '', '', '', '', '', '', '', '', '2021-11-25 14:58:54', 2, ''),
	(15, 0, '', 1, '', '', '', '', '', '', '', '', '2021-11-25 14:58:55', 2, ''),
	(17, 15, '张三', 0, '', '1234566', '', '', '', '', '', '', '2021-12-07 16:24:13', 2, ''),
	(18, 16, '张三', 0, '', '18215151515', '', '', '', '', '', '', '2021-12-19 10:31:07', 2, ''),
	(19, 17, '333', 0, '', '333', '', '', '', '', '', '', '2021-12-28 14:51:59', 2, ''),
	(20, 18, '聚会', 0, '', '过氧化苯', '', '', '', '', '', '', '2022-01-19 11:14:30', 2, '');
/*!40000 ALTER TABLE `sup_linkman` ENABLE KEYS */;

-- 导出  表 erp_07fly_com.sup_supplier 结构
CREATE TABLE IF NOT EXISTS `sup_supplier` (
  `supplier_id` int(16) unsigned NOT NULL AUTO_INCREMENT,
  `name` varchar(64) NOT NULL,
  `area_id` int(16) NOT NULL COMMENT '所在地区',
  `create_user_id` int(16) NOT NULL,
  `level` int(16) NOT NULL COMMENT '客户等级',
  `ecotype` int(16) NOT NULL COMMENT '经济类型',
  `trade` int(16) NOT NULL COMMENT '行业',
  `satisfy` smallint(6) NOT NULL DEFAULT '3' COMMENT '满意度（1-5），默认为3',
  `credit` smallint(2) NOT NULL DEFAULT '3' COMMENT '信用度（1-5），默认为3',
  `address` varchar(256) NOT NULL,
  `linkman` varchar(256) NOT NULL,
  `website` varchar(256) NOT NULL,
  `zipcode` varchar(64) NOT NULL,
  `tel` varchar(256) NOT NULL,
  `fax` varchar(256) NOT NULL,
  `email` varchar(256) NOT NULL,
  `intro` text NOT NULL,
  `create_time` datetime NOT NULL,
  PRIMARY KEY (`supplier_id`)
) ENGINE=MyISAM AUTO_INCREMENT=19 DEFAULT CHARSET=utf8 COMMENT='供应商';

-- 正在导出表  erp_07fly_com.sup_supplier 的数据：2 rows
DELETE FROM `sup_supplier`;
/*!40000 ALTER TABLE `sup_supplier` DISABLE KEYS */;
INSERT INTO `sup_supplier` (`supplier_id`, `name`, `area_id`, `create_user_id`, `level`, `ecotype`, `trade`, `satisfy`, `credit`, `address`, `linkman`, `website`, `zipcode`, `tel`, `fax`, `email`, `intro`, `create_time`) VALUES
	(18, '新飞', 0, 2, 0, 27, 24, 3, 3, '', '小陈', '', '', '15577879090', '', '', '', '2022-01-19 11:14:30'),
	(17, '辛菲特', 0, 2, 0, 27, 24, 3, 3, '', '小陈', '', '', '15599808978', '', '', '', '2021-12-28 14:51:59');
/*!40000 ALTER TABLE `sup_supplier` ENABLE KEYS */;

/*!40101 SET SQL_MODE=IFNULL(@OLD_SQL_MODE, '') */;
/*!40014 SET FOREIGN_KEY_CHECKS=IF(@OLD_FOREIGN_KEY_CHECKS IS NULL, 1, @OLD_FOREIGN_KEY_CHECKS) */;
/*!40101 SET CHARACTER_SET_CLIENT=@OLD_CHARACTER_SET_CLIENT */;
