
--
-- Definition of table `cst_chance`
--

DROP TABLE IF EXISTS `cst_chance`;
CREATE TABLE `cst_chance` (
  `id` int(16) unsigned NOT NULL auto_increment,
  `cusID` int(16) NOT NULL,
  `linkmanID` varchar(256) NOT NULL,
  `finddt` datetime NOT NULL COMMENT '发现时间',
  `billdt` datetime NOT NULL COMMENT '预计签单时间',
  `salestage` int(4) NOT NULL,
  `money` int(11) NOT NULL,
  `chance` int(2) NOT NULL COMMENT '预计可能性',
  `userID` int(16) NOT NULL,
  `title` varchar(256) NOT NULL,
  `intro` varchar(256) NOT NULL,
  `status` smallint(1) NOT NULL default '1',
  `create_userID` int(16) NOT NULL,
  `adt` datetime NOT NULL,
  PRIMARY KEY  (`id`)
) ENGINE=InnoDB AUTO_INCREMENT=5 DEFAULT CHARSET=utf8;

--
-- Dumping data for table `cst_chance`
--

/*!40000 ALTER TABLE `cst_chance` DISABLE KEYS */;
INSERT INTO `cst_chance` (`id`,`cusID`,`linkmanID`,`finddt`,`billdt`,`salestage`,`money`,`chance`,`userID`,`title`,`intro`,`status`,`create_userID`,`adt`) VALUES 
 (1,1,'1','2013-09-09 15:41:14','2013-10-04 15:18:39',39,1000,50,0,'这是一个很好的销售机会的叫','这是一个很好的销售机会的,客户想一个不错的计费系统',2,4,'2013-09-09 15:18:48'),
 (2,1,'2','2013-09-11 15:57:22','2013-09-11 15:57:27',41,5000,60,0,'第一次报价了的哟,还是老子样的','客户需求变更了的哟',4,4,'2013-09-09 15:58:00'),
 (3,1,'1','2013-10-30 13:51:19','2013-10-30 13:51:22',41,1000,100,0,'222','222',1,0,'2013-10-30 13:51:28'),
 (4,1,'1','2013-10-30 13:51:19','2013-10-30 13:51:22',41,1000,100,0,'222','222',1,0,'2013-10-30 13:51:28');



--
-- Definition of table `cst_customer`
--

DROP TABLE IF EXISTS `cst_customer`;
CREATE TABLE `cst_customer` (
  `id` int(16) unsigned NOT NULL auto_increment,
  `name` varchar(64) NOT NULL,
  `cst_number` varchar(64) NOT NULL,
  `region` int(16) NOT NULL,
  `source` int(16) NOT NULL,
  `ecotype` int(16) NOT NULL,
  `level` int(16) NOT NULL,
  `trade` int(16) NOT NULL,
  `satisfy` smallint(6) NOT NULL default '3' COMMENT '满意度（1-5），默认为3',
  `credit` smallint(2) NOT NULL default '3' COMMENT '信用度（1-5），默认为3',
  `address` varchar(256) NOT NULL,
  `website` varchar(256) NOT NULL,
  `zipcode` varchar(64) NOT NULL,
  `tel` varchar(256) NOT NULL,
  `fax` varchar(256) NOT NULL,
  `email` varchar(256) NOT NULL,
  `status` varchar(256) NOT NULL,
  `intro` text NOT NULL,
  `create_userID` int(16) NOT NULL,
  `adt` datetime NOT NULL,
  PRIMARY KEY  (`id`)
) ENGINE=InnoDB AUTO_INCREMENT=6 DEFAULT CHARSET=utf8;

--
-- Dumping data for table `cst_customer`
--

/*!40000 ALTER TABLE `cst_customer` DISABLE KEYS */;
INSERT INTO `cst_customer` (`id`,`name`,`cst_number`,`region`,`source`,`ecotype`,`level`,`trade`,`satisfy`,`credit`,`address`,`website`,`zipcode`,`tel`,`fax`,`email`,`status`,`intro`,`create_userID`,`adt`) VALUES 
 (1,'山西太原1','',0,36,27,23,24,3,3,'山西省太原市新桥路188号','http://www.07fly.com','620045','02987651123','02987651123','WEB@07fly.com','','这个客户还是可以呀',4,'2013-09-06 15:28:22'),
 (2,'卓迈科技','',0,36,27,1,48,3,3,'','','','02885363006','','','','',4,'2014-06-25 17:46:32'),
 (3,'测试客户','',0,34,28,1,24,3,3,'','http://www.07fly.com','','02888888','','','','',0,'2016-06-03 09:56:33'),
 (4,'零起飞建站官网','',0,34,27,1,24,3,3,'07fly','http://www.07fly.com','','18030402705','','goodmuzi@qq.com','','',4,'2016-06-07 15:29:19'),
 (5,'test','',0,34,26,1,24,3,3,'','','','18030402705','','','','',4,'2016-06-12 14:10:57');
/*!40000 ALTER TABLE `cst_customer` ENABLE KEYS */;


--
-- Definition of table `cst_dict`
--

DROP TABLE IF EXISTS `cst_dict`;
CREATE TABLE `cst_dict` (
  `id` int(16) unsigned NOT NULL auto_increment,
  `name` varchar(256) NOT NULL,
  `type` varchar(256) NOT NULL,
  `sort` smallint(8) NOT NULL,
  `visible` smallint(2) NOT NULL,
  PRIMARY KEY  (`id`)
) ENGINE=InnoDB AUTO_INCREMENT=51 DEFAULT CHARSET=utf8;

--
-- Dumping data for table `cst_dict`
--

/*!40000 ALTER TABLE `cst_dict` DISABLE KEYS */;
INSERT INTO `cst_dict` (`id`,`name`,`type`,`sort`,`visible`) VALUES 
 (1,'VIP客户','level',1,1),
 (23,'一般客户','level',4,1),
 (24,'农业部门','trade',1,1),
 (25,'国有经济','ecotype',1,1),
 (26,'集体经济','ecotype',2,1),
 (27,'私营经济','ecotype',3,1),
 (28,'个体经济','ecotype',4,1),
 (29,'联营经济','ecotype',5,1),
 (30,'股份制经济','ecotype',6,1),
 (31,'外商投资经济','ecotype',7,1),
 (32,'港澳台投资经济','ecotype',8,1),
 (33,'其它经济','ecotype',9,1),
 (34,'客户介绍','source',1,1),
 (35,'电话来访','source',2,1),
 (36,'独立开发','source',3,1),
 (37,'直销','salemode',1,1),
 (38,'初期沟通','salestage',1,0),
 (39,'立项评估','salestage',2,0),
 (40,'需求分析','salestage',3,0),
 (41,'方案制定','salestage',4,0),
 (42,'商务谈判','salestage',5,0),
 (43,'合同签订','salestage',6,0),
 (44,'失单','salestage',7,0),
 (45,'投诉','services',1,1),
 (46,'培训','services',2,1),
 (47,'升级','services',3,1),
 (48,'IT行业','trade',1,1),
 (49,'电话 ','servicesmodel',1,1),
 (50,'QQ','servicesmodel',2,1);
/*!40000 ALTER TABLE `cst_dict` ENABLE KEYS */;


--
-- Definition of table `cst_dict_type`
--

DROP TABLE IF EXISTS `cst_dict_type`;
CREATE TABLE `cst_dict_type` (
  `id` int(4) unsigned NOT NULL auto_increment,
  `name` varchar(256) character set utf8 default NULL COMMENT '字典名称',
  `value` varchar(32) character set utf8 default NULL COMMENT '字典标签',
  PRIMARY KEY  (`id`)
) ENGINE=InnoDB AUTO_INCREMENT=9 DEFAULT CHARSET=armscii8;

--
-- Dumping data for table `cst_dict_type`
--

/*!40000 ALTER TABLE `cst_dict_type` DISABLE KEYS */;
INSERT INTO `cst_dict_type` (`id`,`name`,`value`) VALUES 
 (1,'客户等级','level'),
 (2,'隶属行业','trade'),
 (3,'经济类型','ecotype'),
 (4,'客户来源','source'),
 (5,'销售方式','salemode'),
 (6,'销售阶段','salestage'),
 (7,'服务类型','services'),
 (8,'服务方式','servicesmodel');
/*!40000 ALTER TABLE `cst_dict_type` ENABLE KEYS */;


--
-- Definition of table `cst_filing`
--

DROP TABLE IF EXISTS `cst_filing`;
CREATE TABLE `cst_filing` (
  `id` int(16) unsigned NOT NULL auto_increment,
  `cusID` int(16) NOT NULL,
  `linkmanID` int(16) NOT NULL,
  `chanceID` int(16) NOT NULL,
  `userID` int(16) NOT NULL,
  `applicant_userID` int(16) NOT NULL,
  `audit_userID` int(16) NOT NULL,
  `audit_dt` datetime default NULL,
  `title` varchar(256) NOT NULL,
  `intro` text NOT NULL,
  `support` text NOT NULL COMMENT '所需支持',
  `status` smallint(1) NOT NULL default '1' COMMENT '1=未审核2=同意3=否决',
  `create_userID` int(16) NOT NULL,
  `adt` datetime NOT NULL,
  PRIMARY KEY  (`id`)
) ENGINE=InnoDB AUTO_INCREMENT=6 DEFAULT CHARSET=utf8;

--
-- Dumping data for table `cst_filing`
--

/*!40000 ALTER TABLE `cst_filing` DISABLE KEYS */;
INSERT INTO `cst_filing` (`id`,`cusID`,`linkmanID`,`chanceID`,`userID`,`applicant_userID`,`audit_userID`,`audit_dt`,`title`,`intro`,`support`,`status`,`create_userID`,`adt`) VALUES 
 (1,1,2,1,0,0,4,'2016-06-12 15:02:35','项目报价','项目介绍','',1,0,'2013-09-09 21:34:14'),
 (4,1,2,2,0,5,4,'2016-06-12 15:02:30','这是一个不错的项目的呢','','',2,4,'2013-09-23 10:34:50'),
 (5,1,2,2,0,5,4,'2016-06-12 15:02:24','这是一个不错的项目的呢','','需要技术部门和销售部门的支持和帮助的呢',1,4,'2013-09-23 10:35:16');
/*!40000 ALTER TABLE `cst_filing` ENABLE KEYS */;


--
-- Definition of table `cst_linkman`
--

DROP TABLE IF EXISTS `cst_linkman`;
CREATE TABLE `cst_linkman` (
  `id` int(16) unsigned NOT NULL auto_increment,
  `cusID` int(16) NOT NULL,
  `name` varchar(256) NOT NULL,
  `gender` smallint(1) NOT NULL,
  `postion` varchar(256) NOT NULL,
  `tel` varchar(256) NOT NULL,
  `mobile` varchar(256) NOT NULL,
  `qicq` varchar(256) NOT NULL,
  `email` varchar(256) NOT NULL,
  `zipcode` varchar(256) NOT NULL,
  `address` varchar(1024) NOT NULL,
  `intro` text NOT NULL,
  `create_userID` int(16) NOT NULL default '0',
  `adt` datetime NOT NULL,
  PRIMARY KEY  (`id`)
) ENGINE=InnoDB AUTO_INCREMENT=12 DEFAULT CHARSET=utf8;

--
-- Dumping data for table `cst_linkman`
--

/*!40000 ALTER TABLE `cst_linkman` DISABLE KEYS */;
INSERT INTO `cst_linkman` (`id`,`cusID`,`name`,`gender`,`postion`,`tel`,`mobile`,`qicq`,`email`,`zipcode`,`address`,`intro`,`create_userID`,`adt`) VALUES 
 (1,1,'张三',1,'部门主管','','02886745641','','','','','CstLinkman',4,'2013-09-06 16:35:39'),
 (2,1,'刘先生',1,'总经理','','1288876543','','','','','',4,'2013-09-06 16:36:26'),
 (3,2,'零起飞',1,'经理','','18030402705','','','','','',4,'2016-06-02 14:59:00'),
 (4,1,'零起飞',1,'经理','','18030402705','','','','','',4,'2016-06-02 14:59:42'),
 (5,4,'Mr Lee',1,'经理','18030402705','18030402705','','','','','',4,'2016-06-12 15:18:05'),
 (6,4,'222',1,'22','','22222222','','','','','',4,'2016-06-12 15:20:43'),
 (7,2,'网易163组',1,'经理','18030402705','18030402705','1871720801','goodmuzi@qq.com','610000','成都市天涯','',4,'2016-06-12 15:33:28');
/*!40000 ALTER TABLE `cst_linkman` ENABLE KEYS */;


--
-- Definition of table `cst_quoted`
--

DROP TABLE IF EXISTS `cst_quoted`;
CREATE TABLE `cst_quoted` (
  `id` int(16) unsigned NOT NULL auto_increment,
  `cusID` int(16) NOT NULL,
  `linkmanID` int(16) NOT NULL,
  `chanceID` int(16) NOT NULL,
  `userID` int(16) NOT NULL,
  `quoted_userID` int(16) NOT NULL,
  `audit_userID` int(16) NOT NULL,
  `title` varchar(256) NOT NULL,
  `intro` text NOT NULL,
  `delivery_intro` text NOT NULL,
  `payment_intro` text NOT NULL,
  `audit_dt` datetime default NULL,
  `transport_intro` text NOT NULL,
  `status` smallint(1) NOT NULL default '1' COMMENT '1=未审核2=同意3=否决',
  `create_userID` int(16) NOT NULL,
  `adt` datetime NOT NULL,
  PRIMARY KEY  (`id`)
) ENGINE=InnoDB AUTO_INCREMENT=8 DEFAULT CHARSET=utf8;

--
-- Dumping data for table `cst_quoted`
--

/*!40000 ALTER TABLE `cst_quoted` DISABLE KEYS */;
INSERT INTO `cst_quoted` (`id`,`cusID`,`linkmanID`,`chanceID`,`userID`,`quoted_userID`,`audit_userID`,`title`,`intro`,`delivery_intro`,`payment_intro`,`audit_dt`,`transport_intro`,`status`,`create_userID`,`adt`) VALUES 
 (3,1,1,2,0,0,0,'第三次报价','运输说明：','交付说明：','付款说明：',NULL,'运输说明：',2,0,'2013-09-09 17:24:44'),
 (5,1,2,2,0,0,0,'报价人111111111111','','','',NULL,'',3,0,'2013-09-09 20:43:01'),
 (6,1,2,2,0,3,4,'主要是NAs5000','','','','0000-00-00 00:00:00','',2,4,'2013-09-23 10:59:50'),
 (7,4,0,0,0,0,0,'主要针对设计网站','','苦','苦',NULL,'adf',1,4,'2016-06-12 15:01:53');
/*!40000 ALTER TABLE `cst_quoted` ENABLE KEYS */;


--
-- Definition of table `cst_quoted_detail`
--

DROP TABLE IF EXISTS `cst_quoted_detail`;
CREATE TABLE `cst_quoted_detail` (
  `id` int(16) unsigned NOT NULL auto_increment,
  `quotedID` int(16) NOT NULL,
  `pro_number` varchar(64) NOT NULL,
  `name` varchar(64) NOT NULL,
  `model` varchar(64) NOT NULL,
  `norm` varchar(64) NOT NULL,
  `price` int(16) NOT NULL,
  `rebate` int(16) NOT NULL,
  `number` int(16) NOT NULL,
  `money` int(16) NOT NULL,
  `intro` text NOT NULL,
  `userID` int(16) NOT NULL COMMENT '归属人员',
  `adt` datetime NOT NULL,
  PRIMARY KEY  (`id`)
) ENGINE=InnoDB AUTO_INCREMENT=5 DEFAULT CHARSET=utf8;

--
-- Dumping data for table `cst_quoted_detail`
--

/*!40000 ALTER TABLE `cst_quoted_detail` DISABLE KEYS */;
INSERT INTO `cst_quoted_detail` (`id`,`quotedID`,`pro_number`,`name`,`model`,`norm`,`price`,`rebate`,`number`,`money`,`intro`,`userID`,`adt`) VALUES 
 (1,1,'20880345','神舟电脑','HP660 D6','D6',10,2,10,98,'',0,'2013-09-22 09:55:32'),
 (2,1,'20880345','神舟电脑','HP660 D6','D6',10,0,5,50,'',0,'2013-09-22 09:55:32'),
 (3,1,'X807651','AAA计费产品','N8000','套',9800,0,1,9800,'',0,'2013-09-22 09:55:32'),
 (4,6,'20880345','神舟电脑','HP660 D6','D6',10,0,2,20,'',0,'2013-09-23 11:01:43');
/*!40000 ALTER TABLE `cst_quoted_detail` ENABLE KEYS */;


--
-- Definition of table `cst_service`
--

DROP TABLE IF EXISTS `cst_service`;
CREATE TABLE `cst_service` (
  `id` int(16) unsigned NOT NULL auto_increment,
  `cusID` int(16) NOT NULL,
  `linkmanID` int(16) NOT NULL,
  `services` int(4) NOT NULL,
  `servicesmodel` int(4) NOT NULL,
  `price` int(11) NOT NULL,
  `status` smallint(1) NOT NULL COMMENT '1=无需处理，2未处理，3=处理中，4处理完成',
  `bdt` datetime NOT NULL,
  `tlen` varchar(64) NOT NULL,
  `content` text NOT NULL,
  `intro` text NOT NULL,
  `create_userID` int(16) NOT NULL default '0',
  `adt` datetime NOT NULL,
  PRIMARY KEY  (`id`)
) ENGINE=InnoDB AUTO_INCREMENT=9 DEFAULT CHARSET=utf8;

--
-- Dumping data for table `cst_service`
--

/*!40000 ALTER TABLE `cst_service` DISABLE KEYS */;
INSERT INTO `cst_service` (`id`,`cusID`,`linkmanID`,`services`,`servicesmodel`,`price`,`status`,`bdt`,`tlen`,`content`,`intro`,`create_userID`,`adt`) VALUES 
 (1,1,2,46,49,0,1,'2013-09-08 11:31:59','67','这个客户已经完成了``','CstLinkman',4,'2013-09-06 17:55:03'),
 (2,1,1,46,50,0,4,'2013-09-08 11:35:19','5','alt=&quot;默认为分钟&quot;','CstLinkman',4,'2013-09-06 17:58:27'),
 (3,1,2,47,49,0,2,'2013-09-08 11:43:49','30','','',4,'2013-09-06 18:12:54'),
 (4,1,2,46,50,0,3,'2013-09-10 11:30:33','5','','要',4,'2013-09-09 11:30:39'),
 (5,1,2,46,49,0,4,'2013-09-10 11:30:33','','','要',4,'2013-09-09 11:31:28'),
 (6,1,2,46,49,0,3,'2013-09-09 18:00:15','56','','',4,'2013-09-09 18:00:22'),
 (7,4,5,46,50,0,2,'2016-06-12 15:47:35','10','','',0,'2016-06-12 15:47:48'),
 (8,1,1,46,49,0,2,'2016-06-13 15:50:22','10','','',4,'2016-06-12 15:50:33');
/*!40000 ALTER TABLE `cst_service` ENABLE KEYS */;


--
-- Definition of table `cst_trace`
--

DROP TABLE IF EXISTS `cst_trace`;
CREATE TABLE `cst_trace` (
  `id` int(16) unsigned NOT NULL auto_increment,
  `cusID` int(16) NOT NULL,
  `linkmanID` int(11) NOT NULL,
  `chanceID` int(11) NOT NULL,
  `bdt` datetime NOT NULL,
  `salestage` int(4) NOT NULL,
  `salemode` int(4) NOT NULL,
  `title` varchar(256) NOT NULL,
  `intro` varchar(256) NOT NULL,
  `status` smallint(1) NOT NULL default '1',
  `create_userID` int(16) NOT NULL,
  `adt` datetime NOT NULL,
  PRIMARY KEY  (`id`)
) ENGINE=InnoDB AUTO_INCREMENT=14 DEFAULT CHARSET=utf8;

--
-- Dumping data for table `cst_trace`
--

/*!40000 ALTER TABLE `cst_trace` DISABLE KEYS */;
INSERT INTO `cst_trace` (`id`,`cusID`,`linkmanID`,`chanceID`,`bdt`,`salestage`,`salemode`,`title`,`intro`,`status`,`create_userID`,`adt`) VALUES 
 (3,1,2,0,'2013-09-10 11:31:37',41,37,'','',1,3,'2013-09-09 11:48:39'),
 (4,1,2,0,'2013-09-10 11:31:37',41,37,'第二次沟通了,还不错','',1,3,'2013-09-09 11:48:41'),
 (5,1,2,2,'0000-00-00 00:00:00',0,0,'1111','',0,3,'2013-09-09 11:48:41'),
 (6,1,2,0,'2013-09-10 11:31:37',41,37,'','',1,3,'2013-09-09 11:48:41'),
 (7,1,2,0,'2013-09-10 11:31:37',41,37,'','',1,3,'2013-09-09 11:48:42'),
 (8,1,2,0,'2013-09-10 11:31:37',41,37,'','',1,3,'2013-09-09 11:48:42'),
 (9,1,1,0,'2013-09-10 11:31:37',41,37,'提交数据不完整，1个字段有错误，请改正后再提交!','',1,3,'2013-09-09 11:48:42'),
 (10,1,2,0,'2013-09-10 11:31:37',41,37,'','',1,3,'2013-09-09 11:48:42'),
 (11,1,2,1,'2013-09-10 11:31:37',41,37,'山西太原1','',1,3,'2013-09-09 11:48:42'),
 (12,1,1,1,'2013-09-10 11:57:23',41,37,'第一次沟通了呀','',1,3,'2013-09-09 11:57:36'),
 (13,1,2,1,'2013-09-19 16:00:45',39,37,'这是一个不错的主主题','a ',2,3,'2013-09-09 15:17:30');
/*!40000 ALTER TABLE `cst_trace` ENABLE KEYS */;


--
-- Definition of table `email_from`
--

DROP TABLE IF EXISTS `email_from`;
CREATE TABLE `email_from` (
  `id` int(16) unsigned NOT NULL auto_increment,
  `server` varchar(32) character set utf8 NOT NULL,
  `port` varchar(50) NOT NULL,
  `account` varchar(256) NOT NULL,
  `password` varchar(256) NOT NULL,
  `name` varchar(256) NOT NULL,
  `visible` tinyint(2) NOT NULL default '1',
  `cnt` int(11) NOT NULL default '1',
  `groupID` int(11) NOT NULL default '1',
  `intro` varchar(1024) character set utf8 default NULL,
  PRIMARY KEY  (`id`)
) ENGINE=InnoDB AUTO_INCREMENT=155 DEFAULT CHARSET=armscii8;

--
-- Dumping data for table `email_from`
--

/*!40000 ALTER TABLE `email_from` DISABLE KEYS */;
INSERT INTO `email_from` (`id`,`server`,`port`,`account`,`password`,`name`,`visible`,`cnt`,`groupID`,`intro`) VALUES 
 (1,'smtp.qq.com','25','1871720801@qq.com','1987,./','',1,3,4,'2'),
 (2,'smtp.qq.com','25','1585925559@qq.com','1987,./','',1,3,4,''),
 (110,'smtp.163.com','25\r','www_07fly_com0101@163.com','123456','www_07fly_com101',1,3,4,NULL),
 (111,'smtp.163.com','25\r','www_07fly_com0102@163.com','123456','www_07fly_com102',1,3,4,NULL),
 (112,'smtp.163.com','25\r','www_07fly_com0103@163.com','123456','www_07fly_com103',1,3,4,NULL),
 (113,'smtp.163.com','25\r','www_07fly_com0104@163.com','123456','www_07fly_com104',1,3,4,NULL),
 (114,'smtp.163.com','25\r','www_07fly_com105@163.com','123456','www_07fly_com105',1,3,4,NULL),
 (115,'smtp.163.com','25\r','www_07fly_com106@163.com','123456','www_07fly_com106',1,3,4,NULL),
 (116,'smtp.163.com','25\r','www_07fly_com107@163.com','123456','www_07fly_com107',1,3,4,NULL),
 (117,'smtp.163.com','25\r','www_07fly_com108@163.com','123456','www_07fly_com108',1,3,4,NULL),
 (118,'smtp.163.com','25\r','www_07fly_com109@163.com','123456','www_07fly_com109',1,3,4,NULL),
 (119,'smtp.163.com','25\r','www_07fly_com110@163.com','123456','www_07fly_com110',1,3,4,NULL),
 (120,'smtp.163.com','25\r','www_07fly_com111@163.com','123456','www_07fly_com111',1,3,4,NULL),
 (121,'smtp.163.com','25\r','www_07fly_com112@163.com','123456','www_07fly_com112',1,3,4,NULL),
 (122,'smtp.163.com','25\r','www_07fly_com113@163.com','123456','www_07fly_com113',1,3,4,NULL),
 (123,'smtp.163.com','25\r','www_07fly_com114@163.com','123456','www_07fly_com114',1,3,4,NULL),
 (124,'smtp.163.com','25\r','www_07fly_com115@163.com','123456','www_07fly_com115',1,3,4,NULL),
 (125,'smtp.163.com','25\r','www_07fly_com200@163.com','123456z','www_07fly_com200',1,3,4,NULL),
 (126,'smtp.163.com','25\r','www_07fly_com201@163.com','123456z','www_07fly_com201',1,3,4,NULL),
 (127,'smtp.163.com','25\r','www_07fly_com202@163.com','123456z','www_07fly_com202',1,3,4,NULL),
 (128,'smtp.163.com','25\r','www_07fly_com203@163.com','123456z','www_07fly_com203',1,3,4,NULL),
 (129,'smtp.163.com','25\r','www_07fly_com204@163.com','123456z','www_07fly_com204',1,3,4,NULL),
 (130,'smtp.163.com','25\r','www_07fly_com205@163.com','123456z','www_07fly_com205',1,3,4,NULL),
 (131,'smtp.163.com','25\r','www_07fly_com206@163.com','123456z','www_07fly_com206',1,3,4,NULL),
 (132,'smtp.163.com','25','www_07fly_com207@163.com','123456z','www_07fly_com207',1,3,4,NULL),
 (133,'smtp.139.com','25\r','1464823749@139.com','07fly123','lingqifei160500',1,3,4,NULL),
 (134,'smtp.139.com','25\r','586835474@139.com','07fly123','lingqifei160501',1,3,4,NULL),
 (135,'smtp.139.com','25\r','654062906@139.com','07fly123','lingqifei160502',1,3,4,NULL),
 (136,'smtp.139.com','25\r','193126257@139.com','07fly123','lingqifei160503',1,3,4,NULL),
 (137,'smtp.139.com','25\r','1783134869@139.com','07fly123','lingqifei160504',1,3,4,NULL),
 (138,'smtp.139.com','25\r','228629414@139.com','07fly123','lingqifei160505',1,3,4,NULL),
 (139,'smtp.139.com','25\r','1901639262@139.com','07fly123','lingqifei160506',1,2,4,NULL),
 (140,'smtp.139.com','25\r','822840395@139.com','07fly123','lingqifei160507',1,2,4,NULL),
 (141,'smtp.139.com','25\r','1123610743@139.com','07fly123','lingqifei160508',1,2,4,NULL),
 (142,'smtp.139.com','25\r','788489072@139.com','07fly123','lingqifei160509',1,2,4,NULL),
 (143,'smtp.139.com','25\r','984315470@139.com','07fly123','lingqifei160510',1,2,4,NULL),
 (144,'smtp.139.com','25\r','743081363@139.com','07fly123','lingqifei160511',1,2,4,NULL),
 (145,'smtp.139.com','25\r','924273127@139.com','07fly123','lingqifei160512',1,2,4,NULL),
 (146,'smtp.139.com','25\r','925757172@139.com','07fly123','lingqifei160513',1,2,4,NULL),
 (147,'smtp.139.com','25\r','1234330619@139.com','07fly123','lingqifei160514',1,2,4,NULL),
 (148,'smtp.139.com','25\r','1051788421@139.com','07fly123','lingqifei160515',1,2,4,NULL),
 (149,'smtp.139.com','25\r','835575129@139.com','07fly123','lingqifei160516',1,2,4,NULL),
 (150,'smtp.139.com','25\r','1240272661@139.com','07fly123','lingqifei160517',1,2,4,NULL),
 (151,'smtp.139.com','25\r','1061283198@139.com','07fly123','lingqifei160518',1,2,4,NULL),
 (152,'smtp.139.com','25\r','966597374@139.com','07fly123','lingqifei160519',1,2,4,NULL),
 (153,'smtp.139.com','25\r','949760131@139.com','07fly123','lingqifei160520',1,2,4,NULL),
 (154,'smtp.139.com','25','227486426@139.com','07fly123','lingqifei160521',1,2,4,NULL);
/*!40000 ALTER TABLE `email_from` ENABLE KEYS */;


--
-- Definition of table `email_from_group`
--

DROP TABLE IF EXISTS `email_from_group`;
CREATE TABLE `email_from_group` (
  `id` int(16) NOT NULL auto_increment,
  `name` varchar(256) NOT NULL,
  PRIMARY KEY  (`id`)
) ENGINE=InnoDB AUTO_INCREMENT=5 DEFAULT CHARSET=utf8;

--
-- Dumping data for table `email_from_group`
--

/*!40000 ALTER TABLE `email_from_group` DISABLE KEYS */;
INSERT INTO `email_from_group` (`id`,`name`) VALUES 
 (4,'发送地址组');
/*!40000 ALTER TABLE `email_from_group` ENABLE KEYS */;


--
-- Definition of table `email_mb`
--

DROP TABLE IF EXISTS `email_mb`;
CREATE TABLE `email_mb` (
  `id` int(16) NOT NULL auto_increment,
  `name` varchar(256) NOT NULL,
  `content` text,
  `cnt` int(11) default '1',
  `editor` varchar(32) default NULL,
  `adddatetime` datetime NOT NULL,
  PRIMARY KEY  (`id`)
) ENGINE=InnoDB AUTO_INCREMENT=8 DEFAULT CHARSET=utf8;

--
-- Dumping data for table `email_mb`
--

/*!40000 ALTER TABLE `email_mb` DISABLE KEYS */;
INSERT INTO `email_mb` (`id`,`name`,`content`,`cnt`,`editor`,`adddatetime`) VALUES 
 (1,'成都网站制作、07FLY网站建设、域名空间服务','<p><span style=\"font-family:微软雅黑;font-size:10.5000pt;\">成都零起飞网站建设是专业从事成都网站建设、网站设计、网站策划、网站推广的团队；精心推出多种科学方案,从网页制作到网站推广,让您最大限度拥有建站优势！</span></p><p><span style=\"font-family:微软雅黑;font-size:10.5000pt;\">&amp;nbsp;</span></p><p><span style=\"font-family:微软雅黑;font-size:10.5000pt;\">成都零起飞网站建设为您提供：网站建设，网站设计，网站制作，flash多媒体制作，域名空间， 优化排名，网站推广，网站维护等业务。我们是技术性团队，只用作品说话。 </span></p><p><span style=\"font-family:微软雅黑;font-size:10.5000pt;\">零起飞网络：以质量求生存，以服务谋发展，以信誉创品牌 &amp;nbsp;</span></p><p><span style=\"font-family:微软雅黑;font-size:10.5000pt;\">QQ号码：1871720801 &amp;nbsp;</span></p><p><span style=\"font-family:微软雅黑;color:rgb(0,0,255);font-size:10.5000pt;\">详细参考：</span><a href=\"http://www.07fly.com\"><u><span style=\"font-family:微软雅黑;color:rgb(0, 0, 255);\">http://www.07fly.com</span></u></a><span style=\"font-family:微软雅黑;color:rgb(0,0,255);font-size:10.5000pt;\">&amp;nbsp;</span></p>',42,NULL,'2016-04-29 15:01:20'),
 (2,'成都私人做网站;工作室接单制作;免费ICP备案','<p><span style=\"font-family:微软雅黑;font-size:10.5000pt;\">成都零起飞网站建设是专业从事成都网站建设、网站设计、网站策划、网站推广的团队；精心推出多种科学方案,从网页制作到网站推广,让您最大限度拥有建站优势！</span></p><p><span style=\"font-family:微软雅黑;font-size:10.5000pt;\">&amp;nbsp;</span></p><p><span style=\"font-family:微软雅黑;font-size:10.5000pt;\">成都零起飞网站建设为您提供：网站建设，网站设计，网站制作，flash多媒体制作，域名空间， 优化排名，网站推广，网站维护等业务。我们是技术性团队，只用作品说话。 </span></p><p><span style=\"font-family:微软雅黑;font-size:10.5000pt;\">零起飞网络：以质量求生存，以服务谋发展，以信誉创品牌 &amp;nbsp;</span></p><p><span style=\"font-family:微软雅黑;font-size:10.5000pt;\">QQ号码：1871720801 &amp;nbsp;</span></p><p><span style=\"font-family:微软雅黑;color:rgb(0,0,255);font-size:10.5000pt;\">详细参考：</span><a href=\"http://www.07fly.com\"><u><span style=\"font-family:微软雅黑;color:rgb(0, 0, 255);\">http://www.07fly.com</span></u></a><span style=\"font-family:微软雅黑;color:rgb(0,0,255);font-size:10.5000pt;\">&amp;nbsp;</span></p>',42,NULL,'2016-04-29 15:03:35'),
 (3,'网站设计与制作报价说明','<p><span style=\"font-family:微软雅黑;color:rgb(85, 85, 85);font-size:10.5pt;\">a) 网站效果设计，根据客户的具体要求（如对设计效果的质量要求，对动画的要求等）确定工期和费用。具体费用不等。</span><span style=\"font-family:微软雅黑;color:rgb(85, 85, 85);font-size:10.5pt;\"><br /></span><span style=\"font-family:微软雅黑;color:rgb(85, 85, 85);font-size:10.5pt;\">b) 根据客户行业特色分析、客户网络营销竞争分析到网站市场定位整体规划服务。提供导航策划、内容规划、搜索规划、形象策划、功能规划</span></p><p><span style=\"font-family:微软雅黑;color:rgb(98, 136, 162);font-size:10.5pt;\">承接:网站设计/重构/logo设计/平面设计/软件皮肤</span><span style=\"font-family:微软雅黑;color:rgb(98, 136, 162);font-size:10.5pt;\"><br /></span><span style=\"font-family:微软雅黑;color:rgb(98, 136, 162);font-size:10.5pt;\">赠送:赠送价值50元的/ico一个</span><span style=\"font-family:微软雅黑;color:rgb(98, 136, 162);font-size:10.5pt;\"><br /></span><span style=\"font-family:微软雅黑;color:rgb(98, 136, 162);font-size:10.5pt;\">价格:设计</span><strong><span style=\"font-family:微软雅黑;color:rgb(242, 101, 33);font-size:10.5pt;\">300元/页</span></strong><span style=\"font-family:微软雅黑;color:rgb(98, 136, 162);font-size:10.5pt;\">起(按客户提供的要求定价格)</span></p>',42,NULL,'2016-05-01 10:48:06'),
 (4,'网站优化排名07FLY报价','<p><span style=\"font-family:微软雅黑;color:rgb(85, 85, 85);font-size:10.5pt;\">网站优化排名，是通过网站结构优化及内容优化和外部推广优化，将指定的关键词排到百度首页，保证网站优化到首页，优化不上去全额退款！</span></p><p><span style=\"font-family:微软雅黑;color:rgb(98, 136, 162);font-size:10.5pt;\">承接:网站基础优化，关键词排名优</span><span style=\"font-family:微软雅黑;color:rgb(98, 136, 162);font-size:10.5pt;\"><br /></span><span style=\"font-family:微软雅黑;color:rgb(98, 136, 162);font-size:10.5pt;\">赠送:赠送价值1000元/份行业网站营销解决方案</span><span style=\"font-family:微软雅黑;color:rgb(98, 136, 162);font-size:10.5pt;\"><br /></span></p><p><span style=\"font-family:微软雅黑;color:rgb(98, 136, 162);font-size:10.5pt;\">价格:仿站</span><strong><span style=\"font-family:微软雅黑;color:rgb(242, 101, 33);font-size:10.5pt;\">800元/起</span></strong><span style=\"font-family:微软雅黑;color:rgb(98, 136, 162);font-size:10.5pt;\">(按客户提供的网站定价格)</span><span style=\"font-family:微软雅黑;color:rgb(98, 136, 162);font-size:10.5pt;\">&amp;nbsp;</span></p><p><span style=\"font-family:微软雅黑;color:rgb(98, 136, 162);font-size:10.5pt;\"></span></p><p><span style=\"font-family:微软雅黑;font-size:10.5000pt;\">零起飞网络：以质量求生存，以服务谋发展，以信誉创品牌 &amp;nbsp;</span></p><p><span style=\"font-family:微软雅黑;font-size:10.5000pt;\">QQ号码：1871720801 &amp;nbsp;</span></p><p><span style=\"font-family:微软雅黑;color:rgb(0,0,255);font-size:10.5000pt;\">详细参考：</span><a href=\"http://www.07fly.com\"><u><span style=\"font-family:微软雅黑;color:rgb(0, 0, 255);\">http://www.07fly.com</span></u></a><span style=\"font-family:微软雅黑;color:rgb(0,0,255);font-size:10.5000pt;\">&amp;nbsp;</span></p><br />',42,NULL,'2016-05-01 10:48:58'),
 (5,'零起飞提供网站运营维护服务','<p><span style=\"font-family:微软雅黑;color:rgb(85, 85, 85);font-size:10.5pt;\">网站维护托管，是指负责网站的内容、程序的日常更新维护。网站的正常运转是公司网上业务来源的重要保障，网站在运行过程中经常会碰到网站不能访问、数据库访问出错、网站被黑客入侵、空间域名到期等情况，如果没有专人来维护，往往事情已经发生很长时间您还是一无所知，专门请一个人来做这些却显得资源的浪费，所以网站维护托管是一条便捷、高效、省钱的方式。</span></p><p><span style=\"font-family:微软雅黑;color:rgb(98, 136, 162);font-size:10.5pt;\">赠送:赠送价值100元/LOGO一个</span><span style=\"font-family:微软雅黑;color:rgb(98, 136, 162);font-size:10.5pt;\"><br /></span><span style=\"font-family:微软雅黑;color:rgb(98, 136, 162);font-size:10.5pt;\">赠送:赠送价值50元的/ico一个</span><span style=\"font-family:微软雅黑;color:rgb(98, 136, 162);font-size:10.5pt;\"><br /></span><span style=\"font-family:微软雅黑;color:rgb(98, 136, 162);font-size:10.5pt;\">价格:开发商议(按客户提供的开发说明定价格)</span></p><p><span style=\"font-family:微软雅黑;color:rgb(98, 136, 162);font-size:10.5pt;\"></span></p><p><span style=\"font-family:微软雅黑;font-size:10.5000pt;\">选择我们为您提供网站建设服务的理由：</span></p><p><span style=\"font-family:微软雅黑;font-size:10.5000pt;\">1：拥有丰富的网站制作经验</span></p><p><span style=\"font-family:微软雅黑;font-size:10.5000pt;\">2：拥有超强的技术能力</span></p><p><span style=\"font-family:微软雅黑;font-size:10.5000pt;\">3：负责，诚信</span></p><p><span style=\"font-family:微软雅黑;font-size:10.5000pt;\">4：能24小时不间断工作</span></p><p><span style=\"font-family:微软雅黑;font-size:10.5000pt;\">5：网站后期服务365天24小时 </span></p><p><span style=\"font-family:微软雅黑;font-size:10.5000pt;\">QQ号码：1871720801 &amp;nbsp;</span></p><p><span style=\"font-family:微软雅黑;font-size:10.5000pt;\">案例</span><span style=\"font-family:微软雅黑;font-size:10.5000pt;\">网站：</span><a href=\"http://www.07fly.com\"><u><span style=\"font-family:微软雅黑;color:rgb(0, 0, 255);\">http://www.07fly.com</span></u></a></p><br />',42,NULL,'2016-05-01 10:49:15'),
 (6,'零起飞网站改版重建（网站重构）','<p><span style=\"font-family:微软雅黑;font-size:10.5000pt;\">选择我们为您提供网站建设服务的理由：</span></p><p><span style=\"font-family:微软雅黑;font-size:10.5000pt;\">1：拥有丰富的网站制作经验</span></p><p><span style=\"font-family:微软雅黑;font-size:10.5000pt;\">2：拥有超强的技术能力</span></p><p><span style=\"font-family:微软雅黑;font-size:10.5000pt;\">3：负责，诚信</span></p><p><span style=\"font-family:微软雅黑;font-size:10.5000pt;\">4：能24小时不间断工作</span></p><p><span style=\"font-family:微软雅黑;font-size:10.5000pt;\">5：网站后期服务365天24小时 </span></p><p><span style=\"font-family:微软雅黑;font-size:10.5000pt;\">QQ号码：1871720801 &amp;nbsp;</span></p><p><span style=\"font-family:微软雅黑;font-size:10.5000pt;\">案例</span><span style=\"font-family:微软雅黑;font-size:10.5000pt;\">网站：</span><a href=\"http://www.07fly.com\"><u><span style=\"font-family:微软雅黑;color:rgb(0, 0, 255);\">http://www.07fly.com</span></u></a></p>',41,NULL,'2016-05-01 10:50:23'),
 (7,'你好，哥，一定要好好的哟','你好，哥，一定要好好的哟',41,NULL,'2016-05-02 23:39:07');
/*!40000 ALTER TABLE `email_mb` ENABLE KEYS */;


--
-- Definition of table `email_receiver`
--

DROP TABLE IF EXISTS `email_receiver`;
CREATE TABLE `email_receiver` (
  `id` int(16) unsigned NOT NULL auto_increment,
  `account` varchar(256) NOT NULL,
  `name` varchar(256) NOT NULL,
  `visible` tinyint(2) NOT NULL default '1',
  `cnt` int(11) NOT NULL default '1',
  `groupID` int(11) NOT NULL default '1',
  `intro` varchar(1024) character set utf8 default NULL,
  PRIMARY KEY  (`id`)
) ENGINE=InnoDB AUTO_INCREMENT=4 DEFAULT CHARSET=armscii8;

--
-- Dumping data for table `email_receiver`
--

/*!40000 ALTER TABLE `email_receiver` DISABLE KEYS */;
INSERT INTO `email_receiver` (`id`,`account`,`name`,`visible`,`cnt`,`groupID`,`intro`) VALUES 
 (1,'lx_mai@163.com','1',1,30,5,''),
 (2,'lx_howlet@163.com','2',1,30,5,''),
 (3,'admin@jz21.net','3',1,30,5,'');
/*!40000 ALTER TABLE `email_receiver` ENABLE KEYS */;


--
-- Definition of table `email_receiver_group`
--

DROP TABLE IF EXISTS `email_receiver_group`;
CREATE TABLE `email_receiver_group` (
  `id` int(16) NOT NULL auto_increment,
  `name` varchar(256) NOT NULL,
  PRIMARY KEY  (`id`)
) ENGINE=InnoDB AUTO_INCREMENT=6 DEFAULT CHARSET=utf8;

--
-- Dumping data for table `email_receiver_group`
--

/*!40000 ALTER TABLE `email_receiver_group` DISABLE KEYS */;
INSERT INTO `email_receiver_group` (`id`,`name`) VALUES 
 (5,'网易163组');
/*!40000 ALTER TABLE `email_receiver_group` ENABLE KEYS */;


--
-- Definition of table `email_scheme`
--

DROP TABLE IF EXISTS `email_scheme`;
CREATE TABLE `email_scheme` (
  `id` int(16) NOT NULL auto_increment,
  `name` varchar(256) NOT NULL,
  `fromID` int(11) default NULL,
  `receiverID` int(11) default NULL,
  `contentID` varchar(50) default NULL,
  `intro` varchar(1024) default NULL,
  `adddatetime` datetime NOT NULL,
  `uptime` datetime NOT NULL,
  PRIMARY KEY  (`id`)
) ENGINE=InnoDB AUTO_INCREMENT=5 DEFAULT CHARSET=utf8;

--
-- Dumping data for table `email_scheme`
--

/*!40000 ALTER TABLE `email_scheme` DISABLE KEYS */;
INSERT INTO `email_scheme` (`id`,`name`,`fromID`,`receiverID`,`contentID`,`intro`,`adddatetime`,`uptime`) VALUES 
 (3,'1111',4,5,'1,2','111','2016-04-29 18:22:21','0000-00-00 00:00:00'),
 (4,'测试方案',4,5,'1,2,3,4,5,6,7','2222','2016-04-29 18:22:47','0000-00-00 00:00:00');
/*!40000 ALTER TABLE `email_scheme` ENABLE KEYS */;


--
-- Definition of table `email_scheme_log`
--

DROP TABLE IF EXISTS `email_scheme_log`;
CREATE TABLE `email_scheme_log` (
  `id` int(16) NOT NULL auto_increment,
  `schemeID` varchar(256) NOT NULL,
  `sendfrom` varchar(256) default NULL,
  `receiver` varchar(256) default NULL,
  `subject` varchar(256) default NULL,
  `status` varchar(50) default NULL,
  `adddatetime` datetime NOT NULL,
  PRIMARY KEY  (`id`)
) ENGINE=InnoDB AUTO_INCREMENT=299 DEFAULT CHARSET=utf8;

--
-- Dumping data for table `email_scheme_log`
--

/*!40000 ALTER TABLE `email_scheme_log` DISABLE KEYS */;
INSERT INTO `email_scheme_log` (`id`,`schemeID`,`sendfrom`,`receiver`,`subject`,`status`,`adddatetime`) VALUES 
 (262,'4','949760131@139.com','admin@jz21.net','发送邮件标题','','2016-05-06 16:00:02'),
 (263,'4','227486426@139.com','lx_mai@163.com','发送邮件标题','','2016-05-06 16:00:03'),
 (264,'4','www_07fly_com0101@163.com','lx_howlet@163.com','发送邮件标题','','2016-05-06 16:00:04'),
 (265,'4','www_07fly_com0102@163.com','admin@jz21.net','发送邮件标题','','2016-05-06 16:00:05'),
 (266,'4','www_07fly_com0103@163.com','lx_mai@163.com','发送邮件标题','','2016-05-06 16:01:11'),
 (267,'4','www_07fly_com0104@163.com','lx_howlet@163.com','发送邮件标题','','2016-05-06 16:01:12'),
 (268,'4','www_07fly_com105@163.com','admin@jz21.net','发送邮件标题','','2016-05-06 16:01:13'),
 (269,'4','www_07fly_com106@163.com','lx_mai@163.com','发送邮件标题','','2016-05-06 16:01:14'),
 (270,'4','www_07fly_com107@163.com','lx_howlet@163.com','发送邮件标题','','2016-05-06 16:01:35'),
 (271,'4','www_07fly_com108@163.com','admin@jz21.net','发送邮件标题','','2016-05-06 16:01:36'),
 (272,'4','www_07fly_com109@163.com','lx_mai@163.com','发送邮件标题','','2016-05-06 16:01:37'),
 (273,'4','www_07fly_com110@163.com','lx_howlet@163.com','发送邮件标题','','2016-05-06 16:01:38'),
 (274,'4','www_07fly_com111@163.com','admin@jz21.net','发送邮件标题','No','2016-05-06 16:04:28'),
 (275,'4','www_07fly_com112@163.com','lx_mai@163.com','发送邮件标题','No','2016-05-06 16:04:29'),
 (276,'4','www_07fly_com113@163.com','lx_howlet@163.com','发送邮件标题','No','2016-05-06 16:04:31'),
 (277,'4','www_07fly_com114@163.com','admin@jz21.net','发送邮件标题','No','2016-05-06 16:04:33'),
 (278,'4','1871720801@qq.com','lx_mai@163.com','发送邮件标题','Yes','2016-05-06 16:05:47'),
 (279,'4','1585925559@qq.com','lx_howlet@163.com','发送邮件标题','Yes','2016-05-06 16:05:51'),
 (280,'4','1871720801@qq.com','admin@jz21.net','发送邮件标题','Yes','2016-05-06 16:05:55'),
 (281,'4','1585925559@qq.com','lx_mai@163.com','发送邮件标题','Yes','2016-05-06 16:05:58'),
 (282,'4','www_07fly_com115@163.com','lx_howlet@163.com','网站设计与制作报价说明','No','2016-05-06 16:12:19'),
 (283,'4','www_07fly_com200@163.com','admin@jz21.net','网站优化排名07FLY报价','No','2016-05-06 16:12:20'),
 (284,'4','www_07fly_com201@163.com','lx_mai@163.com','零起飞提供网站运营维护服务','No','2016-05-06 16:12:22'),
 (285,'4','www_07fly_com202@163.com','lx_howlet@163.com','零起飞网站改版重建（网站重构）','No','2016-05-06 16:12:24'),
 (286,'4','www_07fly_com203@163.com','admin@jz21.net','你好，哥，一定要好好的哟','No','2016-05-06 16:14:28'),
 (287,'4','www_07fly_com204@163.com','lx_mai@163.com','成都网站制作、07FLY网站建设、域名空间服务','No','2016-05-06 16:14:31'),
 (288,'4','www_07fly_com205@163.com','lx_howlet@163.com','成都私人做网站;工作室接单制作;免费ICP备案','No','2016-05-06 16:14:32'),
 (289,'4','www_07fly_com206@163.com','admin@jz21.net','网站设计与制作报价说明','No','2016-05-06 16:14:34'),
 (290,'4','www_07fly_com207@163.com','lx_mai@163.com','网站优化排名07FLY报价','No','2016-05-06 16:14:51'),
 (291,'4','1464823749@139.com','lx_howlet@163.com','零起飞提供网站运营维护服务','Yes','2016-05-06 16:14:53'),
 (292,'4','586835474@139.com','admin@jz21.net','零起飞网站改版重建（网站重构）','Yes','2016-05-06 16:14:55'),
 (293,'4','654062906@139.com','lx_mai@163.com','你好，哥，一定要好好的哟','No','2016-05-06 16:14:56'),
 (294,'4','654062906@139.com','lx_howlet@163.com','成都网站制作、07FLY网站建设、域名空间服务','No','2016-05-06 16:19:54'),
 (295,'4','654062906@139.com','admin@jz21.net','成都私人做网站;工作室接单制作;免费ICP备案','No','2016-05-06 16:19:55'),
 (296,'4','193126257@139.com','lx_mai@163.com','网站设计与制作报价说明','Yes','2016-05-06 16:19:57'),
 (297,'4','1783134869@139.com','lx_howlet@163.com','网站优化排名07FLY报价','Yes','2016-05-06 16:19:59'),
 (298,'4','228629414@139.com','admin@jz21.net','零起飞提供网站运营维护服务','No','2016-06-13 16:10:43');
/*!40000 ALTER TABLE `email_scheme_log` ENABLE KEYS */;


--
-- Definition of table `fin_bank_account`
--

DROP TABLE IF EXISTS `fin_bank_account`;
CREATE TABLE `fin_bank_account` (
  `id` int(16) unsigned NOT NULL auto_increment,
  `name` varchar(256) NOT NULL,
  `card` varchar(256) NOT NULL,
  `address` varchar(256) NOT NULL,
  `holders` varchar(256) NOT NULL,
  `sort` smallint(2) NOT NULL,
  `visible` smallint(2) NOT NULL,
  PRIMARY KEY  (`id`)
) ENGINE=InnoDB AUTO_INCREMENT=2 DEFAULT CHARSET=utf8;

--
-- Dumping data for table `fin_bank_account`
--

/*!40000 ALTER TABLE `fin_bank_account` DISABLE KEYS */;
INSERT INTO `fin_bank_account` (`id`,`name`,`card`,`address`,`holders`,`sort`,`visible`) VALUES 
 (1,'工商银行','9855824408011','成都大天路','李先生',1,1);
/*!40000 ALTER TABLE `fin_bank_account` ENABLE KEYS */;


--
-- Definition of table `fin_expenses_record`
--

DROP TABLE IF EXISTS `fin_expenses_record`;
CREATE TABLE `fin_expenses_record` (
  `id` int(16) unsigned NOT NULL auto_increment,
  `typeID` int(16) NOT NULL COMMENT '费用类别',
  `create_userID` int(16) NOT NULL,
  `blankID` int(16) NOT NULL,
  `money` int(16) NOT NULL,
  `intro` text NOT NULL,
  `adt` datetime NOT NULL,
  `crt_date` date NOT NULL COMMENT '产生日期',
  PRIMARY KEY  (`id`)
) ENGINE=InnoDB AUTO_INCREMENT=3 DEFAULT CHARSET=utf8;

--
-- Dumping data for table `fin_expenses_record`
--

/*!40000 ALTER TABLE `fin_expenses_record` DISABLE KEYS */;
INSERT INTO `fin_expenses_record` (`id`,`typeID`,`create_userID`,`blankID`,`money`,`intro`,`adt`,`crt_date`) VALUES 
 (2,18,4,1,100,'','2016-06-02 16:46:02','2016-06-16');
/*!40000 ALTER TABLE `fin_expenses_record` ENABLE KEYS */;


--
-- Definition of table `fin_expenses_type`
--

DROP TABLE IF EXISTS `fin_expenses_type`;
CREATE TABLE `fin_expenses_type` (
  `id` int(16) unsigned NOT NULL auto_increment,
  `name` varchar(32) character set utf8 NOT NULL,
  `parentID` int(11) NOT NULL,
  `sort` int(11) NOT NULL,
  `visible` tinyint(2) NOT NULL default '1',
  `intro` varchar(1024) character set utf8 default NULL,
  PRIMARY KEY  (`id`)
) ENGINE=InnoDB AUTO_INCREMENT=19 DEFAULT CHARSET=armscii8;

--
-- Dumping data for table `fin_expenses_type`
--

/*!40000 ALTER TABLE `fin_expenses_type` DISABLE KEYS */;
INSERT INTO `fin_expenses_type` (`id`,`name`,`parentID`,`sort`,`visible`,`intro`) VALUES 
 (16,'营业费用',0,1,1,''),
 (17,'管理费用',0,2,1,''),
 (18,'办公司开支',17,1,1,'');
/*!40000 ALTER TABLE `fin_expenses_type` ENABLE KEYS */;


--
-- Definition of table `fin_flow_record`
--

DROP TABLE IF EXISTS `fin_flow_record`;
CREATE TABLE `fin_flow_record` (
  `id` int(16) unsigned NOT NULL auto_increment,
  `balance` int(16) NOT NULL COMMENT '费用类别',
  `paymoney` int(16) NOT NULL,
  `recemoney` int(16) NOT NULL,
  `blankID` int(16) NOT NULL,
  `intro` text NOT NULL,
  `adt` datetime NOT NULL,
  `create_userID` int(16) NOT NULL,
  PRIMARY KEY  (`id`)
) ENGINE=InnoDB AUTO_INCREMENT=2 DEFAULT CHARSET=utf8;

--
-- Dumping data for table `fin_flow_record`
--

/*!40000 ALTER TABLE `fin_flow_record` DISABLE KEYS */;
INSERT INTO `fin_flow_record` (`id`,`balance`,`paymoney`,`recemoney`,`blankID`,`intro`,`adt`,`create_userID`) VALUES 
 (1,0,-100,5,1,'初始金额为0','2016-04-05 11:32:00',1);
/*!40000 ALTER TABLE `fin_flow_record` ENABLE KEYS */;


--
-- Definition of table `fin_income_record`
--

DROP TABLE IF EXISTS `fin_income_record`;
CREATE TABLE `fin_income_record` (
  `id` int(16) unsigned NOT NULL auto_increment,
  `typeID` int(16) NOT NULL COMMENT '费用类别',
  `create_userID` int(16) NOT NULL,
  `blankID` int(16) NOT NULL,
  `money` int(16) NOT NULL,
  `intro` text NOT NULL,
  `adt` datetime NOT NULL,
  `crt_date` date NOT NULL,
  PRIMARY KEY  (`id`)
) ENGINE=InnoDB AUTO_INCREMENT=3 DEFAULT CHARSET=utf8;

--
-- Dumping data for table `fin_income_record`
--

/*!40000 ALTER TABLE `fin_income_record` DISABLE KEYS */;
INSERT INTO `fin_income_record` (`id`,`typeID`,`create_userID`,`blankID`,`money`,`intro`,`adt`,`crt_date`) VALUES 
 (1,16,4,1,1000,'','2016-06-02 17:25:41','2016-06-09'),
 (2,0,4,1,800,'这是一个错r选择的哟','2016-06-02 17:26:13','2016-06-24');
/*!40000 ALTER TABLE `fin_income_record` ENABLE KEYS */;


--
-- Definition of table `fin_income_type`
--

DROP TABLE IF EXISTS `fin_income_type`;
CREATE TABLE `fin_income_type` (
  `id` int(16) unsigned NOT NULL auto_increment,
  `name` varchar(32) character set utf8 NOT NULL,
  `parentID` int(11) NOT NULL,
  `sort` int(11) NOT NULL,
  `visible` tinyint(2) NOT NULL default '1',
  `intro` varchar(1024) character set utf8 default NULL,
  PRIMARY KEY  (`id`)
) ENGINE=InnoDB AUTO_INCREMENT=19 DEFAULT CHARSET=armscii8;

--
-- Dumping data for table `fin_income_type`
--

/*!40000 ALTER TABLE `fin_income_type` DISABLE KEYS */;
INSERT INTO `fin_income_type` (`id`,`name`,`parentID`,`sort`,`visible`,`intro`) VALUES 
 (16,'营业外收入',0,1,1,'这是其它之外的收入'),
 (18,'好业务收入',0,2,1,'');
/*!40000 ALTER TABLE `fin_income_type` ENABLE KEYS */;


--
-- Definition of table `fin_invoice_pay`
--

DROP TABLE IF EXISTS `fin_invoice_pay`;
CREATE TABLE `fin_invoice_pay` (
  `id` int(16) unsigned NOT NULL auto_increment,
  `salID` int(16) NOT NULL COMMENT '合同订单号',
  `cusID` int(16) NOT NULL COMMENT '客户号',
  `money` int(16) NOT NULL,
  `paydate` datetime NOT NULL COMMENT '开票时间',
  `stages` int(11) NOT NULL,
  `invo_number` varchar(256) NOT NULL default '0',
  `name` varchar(256) NOT NULL default '0',
  `intro` text NOT NULL,
  `adt` datetime NOT NULL,
  `create_userID` int(11) NOT NULL,
  PRIMARY KEY  (`id`)
) ENGINE=InnoDB AUTO_INCREMENT=4 DEFAULT CHARSET=utf8;

--
-- Dumping data for table `fin_invoice_pay`
--

/*!40000 ALTER TABLE `fin_invoice_pay` DISABLE KEYS */;
INSERT INTO `fin_invoice_pay` (`id`,`salID`,`cusID`,`money`,`paydate`,`stages`,`invo_number`,`name`,`intro`,`adt`,`create_userID`) VALUES 
 (1,9,2,500,'2016-06-02 00:00:00',1,'XXX444XX552','零起飞建站','','2016-06-02 15:21:13',4),
 (2,9,2,300,'2016-06-03 00:00:00',2,'WW422SADF22323','零起飞建站','劳而无功','2016-06-02 15:24:47',4),
 (3,8,1,50,'2016-06-03 00:00:00',1,'XXX444XX552','零起飞建站官网','','2016-06-02 15:38:36',4);
/*!40000 ALTER TABLE `fin_invoice_pay` ENABLE KEYS */;


--
-- Definition of table `fin_invoice_rece`
--

DROP TABLE IF EXISTS `fin_invoice_rece`;
CREATE TABLE `fin_invoice_rece` (
  `id` int(16) unsigned NOT NULL auto_increment,
  `posID` int(16) NOT NULL COMMENT '合同订单号',
  `supID` int(16) NOT NULL COMMENT '客户号',
  `money` int(16) NOT NULL,
  `recedate` date NOT NULL COMMENT '收票时间',
  `stages` int(11) NOT NULL,
  `create_userID` int(11) NOT NULL,
  `invo_number` varchar(256) NOT NULL default '0',
  `name` varchar(256) NOT NULL default '0',
  `intro` text NOT NULL,
  `adt` datetime NOT NULL,
  PRIMARY KEY  (`id`)
) ENGINE=InnoDB AUTO_INCREMENT=9 DEFAULT CHARSET=utf8;

--
-- Dumping data for table `fin_invoice_rece`
--

/*!40000 ALTER TABLE `fin_invoice_rece` DISABLE KEYS */;
INSERT INTO `fin_invoice_rece` (`id`,`posID`,`supID`,`money`,`recedate`,`stages`,`create_userID`,`invo_number`,`name`,`intro`,`adt`) VALUES 
 (1,7,12,212,'2016-05-06',1,4,'111124124','laoyang','','2016-05-06 17:57:33'),
 (2,7,12,212,'2016-05-06',1,4,'111124124','laoyang','','2016-05-06 18:00:25'),
 (3,7,12,200,'2016-05-06',1,4,'','laoyang','测试发票订单','2016-05-06 18:06:57'),
 (4,7,12,200,'2016-05-06',1,4,'22314134','laoyang','测试发票订单','2016-05-06 18:07:39'),
 (5,7,12,200,'2016-05-07',1213,4,'','laoyang','','2016-05-06 18:09:01'),
 (6,7,12,200,'2016-05-07',1213,4,'','laoyang','','2016-05-06 18:10:00'),
 (7,7,12,500,'2016-05-07',1213,4,'','laoyang','','2016-05-06 18:10:18'),
 (8,7,12,30,'2016-05-07',1213,4,'','laoyang','','2016-05-06 18:10:26');
/*!40000 ALTER TABLE `fin_invoice_rece` ENABLE KEYS */;


--
-- Definition of table `fin_pay_plan`
--

DROP TABLE IF EXISTS `fin_pay_plan`;
CREATE TABLE `fin_pay_plan` (
  `id` int(16) unsigned NOT NULL auto_increment,
  `posID` int(16) NOT NULL COMMENT '采购订单号',
  `supID` int(16) NOT NULL COMMENT '供应商号',
  `blankID` int(16) NOT NULL COMMENT '关联帐号',
  `money` int(16) NOT NULL,
  `plandate` date NOT NULL COMMENT '计划付款时间',
  `stages` int(11) NOT NULL,
  `ifpay` varchar(50) NOT NULL default 'NO' COMMENT 'NO/YES',
  `intro` text NOT NULL,
  `create_userID` int(16) NOT NULL,
  `adt` datetime NOT NULL,
  PRIMARY KEY  (`id`)
) ENGINE=InnoDB AUTO_INCREMENT=6 DEFAULT CHARSET=utf8;

--
-- Dumping data for table `fin_pay_plan`
--

/*!40000 ALTER TABLE `fin_pay_plan` DISABLE KEYS */;
INSERT INTO `fin_pay_plan` (`id`,`posID`,`supID`,`blankID`,`money`,`plandate`,`stages`,`ifpay`,`intro`,`create_userID`,`adt`) VALUES 
 (1,6,12,0,500,'2016-05-10',1,'YES','',0,'2016-05-03 21:10:47'),
 (2,6,12,0,1000,'2016-05-18',2,'YES','',0,'2016-05-03 21:11:26'),
 (3,6,1,0,500,'2016-05-18',4,'YES','',0,'2016-05-04 16:04:16'),
 (4,7,12,0,400,'2016-05-12',10,'YES','safsdf',4,'2016-05-04 16:09:36'),
 (5,7,12,0,100,'2016-05-06',2,'YES','adfaf',4,'2016-05-06 17:29:00');
/*!40000 ALTER TABLE `fin_pay_plan` ENABLE KEYS */;


--
-- Definition of table `fin_pay_record`
--

DROP TABLE IF EXISTS `fin_pay_record`;
CREATE TABLE `fin_pay_record` (
  `id` int(16) unsigned NOT NULL auto_increment,
  `planID` int(16) unsigned NOT NULL default '0' COMMENT '关联付款记划',
  `posID` int(16) NOT NULL COMMENT '采购订单号',
  `supID` int(16) NOT NULL COMMENT '供应商号',
  `blankID` int(16) NOT NULL COMMENT '关联帐号',
  `paydate` date NOT NULL,
  `money` int(16) NOT NULL,
  `stages` int(11) NOT NULL,
  `ifpay` smallint(6) NOT NULL default '0' COMMENT '0=未付 1=已经付',
  `intro` text NOT NULL,
  `adt` datetime NOT NULL,
  `create_userID` int(11) NOT NULL,
  PRIMARY KEY  (`id`)
) ENGINE=InnoDB AUTO_INCREMENT=16 DEFAULT CHARSET=utf8;

--
-- Dumping data for table `fin_pay_record`
--

/*!40000 ALTER TABLE `fin_pay_record` DISABLE KEYS */;
INSERT INTO `fin_pay_record` (`id`,`planID`,`posID`,`supID`,`blankID`,`paydate`,`money`,`stages`,`ifpay`,`intro`,`adt`,`create_userID`) VALUES 
 (1,4,7,12,1,'0000-00-00',400,10,0,'safsdf','2016-05-04 17:05:22',4),
 (2,4,7,12,1,'0000-00-00',400,10,0,'safsdf','2016-05-04 17:31:47',4),
 (3,4,7,12,1,'2016-05-04',400,10,0,'safsdf','2016-05-04 17:32:38',4),
 (4,3,6,1,1,'2016-05-18',500,4,0,'','2016-05-04 17:33:56',4),
 (7,0,7,12,1,'0000-00-00',1,2,0,'','2016-05-06 16:54:05',4),
 (8,0,5,12,1,'0000-00-00',200,1,0,'','2016-05-06 17:19:28',4),
 (9,0,5,12,1,'0000-00-00',400,1,0,'','2016-05-06 17:22:21',4),
 (10,0,5,12,1,'0000-00-00',600,1,0,'','2016-05-06 17:23:02',4),
 (11,1,6,12,1,'2016-05-13',500,1,0,'','2016-05-06 17:27:34',4),
 (12,4,7,12,1,'2016-05-13',400,10,0,'safsdf','2016-05-06 17:28:02',4),
 (13,4,7,12,1,'2016-05-13',400,10,0,'safsdf','2016-05-06 17:28:38',4),
 (14,5,7,12,1,'2016-05-07',100,2,0,'adfaf','2016-05-06 17:29:15',4),
 (15,5,7,12,1,'2016-05-06',100,2,0,'adfaf','2016-05-06 17:30:30',4);
/*!40000 ALTER TABLE `fin_pay_record` ENABLE KEYS */;


--
-- Definition of table `fin_rece_plan`
--

DROP TABLE IF EXISTS `fin_rece_plan`;
CREATE TABLE `fin_rece_plan` (
  `id` int(16) unsigned NOT NULL auto_increment,
  `receID` int(16) unsigned NOT NULL default '0' COMMENT '关联回款计划',
  `salID` int(16) NOT NULL COMMENT '合同订单号',
  `cusID` int(16) NOT NULL COMMENT '客户号',
  `blankID` int(16) NOT NULL COMMENT '关联帐号',
  `money` int(16) NOT NULL,
  `plandate` datetime NOT NULL COMMENT '计划回款时间',
  `stages` int(11) NOT NULL,
  `create_userID` int(11) NOT NULL,
  `ifpay` varchar(50) NOT NULL default 'NO' COMMENT 'NO=未付 YES=已经付',
  `intro` text NOT NULL,
  `adt` datetime NOT NULL,
  PRIMARY KEY  (`id`)
) ENGINE=InnoDB AUTO_INCREMENT=4 DEFAULT CHARSET=utf8;

--
-- Dumping data for table `fin_rece_plan`
--

/*!40000 ALTER TABLE `fin_rece_plan` DISABLE KEYS */;
INSERT INTO `fin_rece_plan` (`id`,`receID`,`salID`,`cusID`,`blankID`,`money`,`plandate`,`stages`,`create_userID`,`ifpay`,`intro`,`adt`) VALUES 
 (1,0,7,1,0,1000,'2016-06-24 00:00:00',1,4,'YES','','2016-06-02 11:12:33'),
 (2,0,7,1,0,1000,'2016-06-09 00:00:00',2,4,'YES','','2016-06-02 11:48:20'),
 (3,0,8,1,0,56,'2016-06-30 00:00:00',2,4,'YES','','2016-06-02 14:38:19');
/*!40000 ALTER TABLE `fin_rece_plan` ENABLE KEYS */;


--
-- Definition of table `fin_rece_record`
--

DROP TABLE IF EXISTS `fin_rece_record`;
CREATE TABLE `fin_rece_record` (
  `id` int(16) unsigned NOT NULL auto_increment,
  `salID` int(16) NOT NULL COMMENT '合同订单号',
  `planID` int(16) NOT NULL default '0',
  `cusID` int(16) NOT NULL COMMENT '客户号',
  `blankID` int(16) NOT NULL COMMENT '关联帐号',
  `money` int(16) NOT NULL,
  `paydate` datetime NOT NULL COMMENT '计划回款时间',
  `stages` int(11) NOT NULL,
  `ifpay` smallint(6) NOT NULL default '0' COMMENT '0=未付 1=已经付',
  `intro` text NOT NULL,
  `adt` datetime NOT NULL,
  `create_userID` int(11) NOT NULL,
  PRIMARY KEY  (`id`)
) ENGINE=InnoDB AUTO_INCREMENT=7 DEFAULT CHARSET=utf8;

--
-- Dumping data for table `fin_rece_record`
--

/*!40000 ALTER TABLE `fin_rece_record` DISABLE KEYS */;
INSERT INTO `fin_rece_record` (`id`,`salID`,`planID`,`cusID`,`blankID`,`money`,`paydate`,`stages`,`ifpay`,`intro`,`adt`,`create_userID`) VALUES 
 (2,1,2,7,1,1000,'2016-06-30 00:00:00',2,0,'','2016-06-02 11:48:39',4),
 (3,1,2,7,1,1000,'2016-06-30 00:00:00',2,0,'','2016-06-02 14:23:40',4),
 (4,1,3,8,1,56,'2016-06-03 00:00:00',2,0,'','2016-06-02 14:38:38',4),
 (5,2,0,9,1,100,'0000-00-00 00:00:00',1,0,'','2016-06-02 15:04:55',4),
 (6,2,0,9,1,700,'0000-00-00 00:00:00',2,0,'','2016-06-02 15:05:41',4);
/*!40000 ALTER TABLE `fin_rece_record` ENABLE KEYS */;


--
-- Definition of table `fly_sys_config`
--

DROP TABLE IF EXISTS `fly_sys_config`;
CREATE TABLE `fly_sys_config` (
  `id` int(11) NOT NULL auto_increment,
  `name` varchar(128) NOT NULL,
  `value` text NOT NULL,
  PRIMARY KEY  (`id`),
  UNIQUE KEY `name` (`name`)
) ENGINE=InnoDB AUTO_INCREMENT=35 DEFAULT CHARSET=utf8;

--
-- Dumping data for table `fly_sys_config`
--

/*!40000 ALTER TABLE `fly_sys_config` DISABLE KEYS */;
INSERT INTO `fly_sys_config` (`id`,`name`,`value`) VALUES 
 (16,'title','07FLY-CRM'),
 (17,'login_title','07FLY-CRM'),
 (18,'login_logo','/images/20160304205404780.jpg'),
 (19,'manage_logo',''),
 (20,'companyname','零起飞网络'),
 (21,'principal','零起飞'),
 (22,'tel','07fly'),
 (23,'address','07fly'),
 (24,'copyright','零起飞网络'),
 (25,'i_title','零起飞客户关系管理系统'),
 (26,'i_weibo','官方微博:http://weibo.com/u/2299441430'),
 (27,'i_note',''),
 (28,'i_web','http://widget.weibo.com/weiboshow/index.php?language=&amp;width=0&amp;height=430&amp;fansRow=1&amp;ptype=1&amp;speed=100&amp;skin=1&amp;isTitle=0&amp;noborder=1&amp;isWeibo=1&amp;isFans=0&amp;uid=2299441430&amp;verifier=c7a29d34&amp;dpc=1'),
 (29,'i_copy','<div class=\"divider\"></div>\r\n<h2>有限担保和免责声明:</h2>\r\n<pre style=\"margin:5px;line-height:1.6em\">\r\n本软件及所附带的文件是作为不提供任何明确的或隐含的赔偿或担保的形式提供的。\r\n用户出于自愿而使用本软件，您必须了解使用本软件的风险，在尚未购买产品技术服务之前，\r\n我们不承诺提供任何形式的技术支持、使用担保，也不承担任何因使用本软件而产生问题的相关责任。\r\n究相关责任的权力。\r\n</pre>'),
 (30,'i_ser','<div class=\"divider\"></div>\r\n<h2>有偿服务请联系:</h2>\r\n<pre style=\"margin:5px;line-height:1.6em;\">\r\n定制化开发，公司培训，技术支持\r\n开发团队：零起飞\r\n销售团队：四川卓迈科技\r\n技术交流：<a href=\"http://bbs.07fly.com/\">论坛交流</a>\r\n技术支持：aaanas@qq.com\r\n</pre>'),
 (33,'login_spath','/images/20160613154300573.jpg'),
 (34,'manager_spath','/images/20160613154559443.jpg');
/*!40000 ALTER TABLE `fly_sys_config` ENABLE KEYS */;


--
-- Definition of table `fly_sys_dept`
--

DROP TABLE IF EXISTS `fly_sys_dept`;
CREATE TABLE `fly_sys_dept` (
  `id` int(16) unsigned NOT NULL auto_increment,
  `name` varchar(32) character set utf8 NOT NULL,
  `parentID` int(11) NOT NULL,
  `sort` int(11) NOT NULL,
  `visible` tinyint(2) NOT NULL default '1',
  `tel` varchar(32) character set utf8 default NULL,
  `fax` varchar(32) character set utf8 NOT NULL,
  `intro` varchar(1024) character set utf8 default NULL,
  PRIMARY KEY  (`id`)
) ENGINE=InnoDB AUTO_INCREMENT=10 DEFAULT CHARSET=armscii8;

--
-- Dumping data for table `fly_sys_dept`
--

/*!40000 ALTER TABLE `fly_sys_dept` DISABLE KEYS */;
INSERT INTO `fly_sys_dept` (`id`,`name`,`parentID`,`sort`,`visible`,`tel`,`fax`,`intro`) VALUES 
 (1,'生产部门',0,1,1,'12345677','02888133145','主要是用来产的哟'),
 (2,'销售部门',0,0,1,'028 8976214','028 8976214',''),
 (4,'销售一部',2,10,1,'0281234567','028 8846575',''),
 (5,'组一部',4,1,0,'1234568','864676',''),
 (6,'董事会',0,1,1,'','',''),
 (7,'组二',5,2,1,'13688888888','1233',''),
 (8,'222',1,11,1,'111','22',''),
 (9,'222',1,11,1,'111','22','');
/*!40000 ALTER TABLE `fly_sys_dept` ENABLE KEYS */;


--
-- Definition of table `fly_sys_log`
--

DROP TABLE IF EXISTS `fly_sys_log`;
CREATE TABLE `fly_sys_log` (
  `id` int(16) NOT NULL auto_increment,
  `ipaddr` varchar(16) NOT NULL,
  `content` text,
  `editor` varchar(32) default NULL,
  `adddatetime` datetime NOT NULL,
  PRIMARY KEY  (`id`)
) ENGINE=InnoDB AUTO_INCREMENT=2415 DEFAULT CHARSET=utf8;

--
-- Dumping data for table `fly_sys_log`
--

/*!40000 ALTER TABLE `fly_sys_log` DISABLE KEYS */;
INSERT INTO `fly_sys_log` (`id`,`ipaddr`,`content`,`editor`,`adddatetime`) VALUES 
 (1042,'127.0.0.1','新增用户gggg1245,购买套餐：,缴费金额1100,初装费用,开始时间：2013-08-07 到期时间:2014-08-07','NiaoMuNiao','2013-08-07 15:30:45'),
 (1043,'127.0.0.1','新增用户gggg1246,购买套餐：,缴费金额1100,初装费用,开始时间：2013-08-07 到期时间:2014-08-07','NiaoMuNiao','2013-08-07 15:30:45'),
 (1044,'127.0.0.1','新增用户gggg1247,购买套餐：,缴费金额1100,初装费用,开始时间：2013-08-07 到期时间:2014-08-07','NiaoMuNiao','2013-08-07 15:30:45'),
 (1045,'127.0.0.1','新增用户gggg1248,购买套餐：,缴费金额1100,初装费用,开始时间：2013-08-07 到期时间:2014-08-07','NiaoMuNiao','2013-08-07 15:30:45'),
 (1046,'127.0.0.1','新增用户gggg1249,购买套餐：,缴费金额1100,初装费用,开始时间：2013-08-07 到期时间:2014-08-07','NiaoMuNiao','2013-08-07 15:30:45'),
 (1047,'127.0.0.1','新增用户gggg1250,购买套餐：,缴费金额1100,初装费用,开始时间：2013-08-07 到期时间:2014-08-07','NiaoMuNiao','2013-08-07 15:30:46'),
 (1048,'127.0.0.1','新增用户gggg1251,购买套餐：,缴费金额1100,初装费用,开始时间：2013-08-07 到期时间:2014-08-07','NiaoMuNiao','2013-08-07 15:30:46'),
 (1049,'127.0.0.1','新增用户gggg1252,购买套餐：,缴费金额1100,初装费用,开始时间：2013-08-07 到期时间:2014-08-07','NiaoMuNiao','2013-08-07 15:30:46'),
 (1050,'127.0.0.1','新增用户gggg1253,购买套餐：,缴费金额1100,初装费用,开始时间：2013-08-07 到期时间:2014-08-07','NiaoMuNiao','2013-08-07 15:30:46'),
 (1051,'127.0.0.1','新增用户gggg1254,购买套餐：,缴费金额1100,初装费用,开始时间：2013-08-07 到期时间:2014-08-07','NiaoMuNiao','2013-08-07 15:30:46'),
 (1052,'127.0.0.1','新增用户gggg1255,购买套餐：,缴费金额1100,初装费用,开始时间：2013-08-07 到期时间:2014-08-07','NiaoMuNiao','2013-08-07 15:30:47'),
 (1053,'127.0.0.1','新增用户gggg1256,购买套餐：,缴费金额1100,初装费用,开始时间：2013-08-07 到期时间:2014-08-07','NiaoMuNiao','2013-08-07 15:30:47'),
 (1054,'127.0.0.1','新增用户gggg1257,购买套餐：,缴费金额1100,初装费用,开始时间：2013-08-07 到期时间:2014-08-07','NiaoMuNiao','2013-08-07 15:30:47'),
 (1055,'127.0.0.1','新增用户gggg1258,购买套餐：,缴费金额1100,初装费用,开始时间：2013-08-07 到期时间:2014-08-07','NiaoMuNiao','2013-08-07 15:30:47'),
 (1056,'127.0.0.1','新增用户gggg1259,购买套餐：,缴费金额1100,初装费用,开始时间：2013-08-07 到期时间:2014-08-07','NiaoMuNiao','2013-08-07 15:30:47'),
 (1057,'127.0.0.1','新增用户gggg1260,购买套餐：,缴费金额1100,初装费用,开始时间：2013-08-07 到期时间:2014-08-07','NiaoMuNiao','2013-08-07 15:30:47'),
 (1058,'127.0.0.1','新增用户gggg1261,购买套餐：,缴费金额1100,初装费用,开始时间：2013-08-07 到期时间:2014-08-07','NiaoMuNiao','2013-08-07 15:30:47'),
 (1059,'127.0.0.1','新增用户gggg1262,购买套餐：,缴费金额1100,初装费用,开始时间：2013-08-07 到期时间:2014-08-07','NiaoMuNiao','2013-08-07 15:30:47'),
 (1060,'127.0.0.1','新增用户gggg1263,购买套餐：,缴费金额1100,初装费用,开始时间：2013-08-07 到期时间:2014-08-07','NiaoMuNiao','2013-08-07 15:30:47'),
 (1061,'127.0.0.1','新增用户gggg1264,购买套餐：,缴费金额1100,初装费用,开始时间：2013-08-07 到期时间:2014-08-07','NiaoMuNiao','2013-08-07 15:30:47'),
 (1062,'127.0.0.1','新增用户gggg1265,购买套餐：,缴费金额1100,初装费用,开始时间：2013-08-07 到期时间:2014-08-07','NiaoMuNiao','2013-08-07 15:30:48'),
 (1063,'127.0.0.1','新增用户gggg1266,购买套餐：,缴费金额1100,初装费用,开始时间：2013-08-07 到期时间:2014-08-07','NiaoMuNiao','2013-08-07 15:30:48'),
 (1064,'127.0.0.1','新增用户gggg1267,购买套餐：,缴费金额1100,初装费用,开始时间：2013-08-07 到期时间:2014-08-07','NiaoMuNiao','2013-08-07 15:30:48'),
 (1065,'127.0.0.1','新增用户gggg1268,购买套餐：,缴费金额1100,初装费用,开始时间：2013-08-07 到期时间:2014-08-07','NiaoMuNiao','2013-08-07 15:30:49'),
 (1066,'127.0.0.1','新增用户gggg1269,购买套餐：,缴费金额1100,初装费用,开始时间：2013-08-07 到期时间:2014-08-07','NiaoMuNiao','2013-08-07 15:30:49'),
 (1067,'127.0.0.1','新增用户gggg1270,购买套餐：,缴费金额1100,初装费用,开始时间：2013-08-07 到期时间:2014-08-07','NiaoMuNiao','2013-08-07 15:30:49'),
 (1068,'127.0.0.1','新增用户gggg1271,购买套餐：,缴费金额1100,初装费用,开始时间：2013-08-07 到期时间:2014-08-07','NiaoMuNiao','2013-08-07 15:30:49'),
 (1069,'127.0.0.1','新增用户gggg1272,购买套餐：,缴费金额1100,初装费用,开始时间：2013-08-07 到期时间:2014-08-07','NiaoMuNiao','2013-08-07 15:30:49'),
 (1070,'127.0.0.1','新增用户gggg1273,购买套餐：,缴费金额1100,初装费用,开始时间：2013-08-07 到期时间:2014-08-07','NiaoMuNiao','2013-08-07 15:30:49'),
 (1071,'127.0.0.1','新增用户gggg1274,购买套餐：,缴费金额1100,初装费用,开始时间：2013-08-07 到期时间:2014-08-07','NiaoMuNiao','2013-08-07 15:30:49'),
 (1072,'127.0.0.1','新增用户gggg1275,购买套餐：,缴费金额1100,初装费用,开始时间：2013-08-07 到期时间:2014-08-07','NiaoMuNiao','2013-08-07 15:30:50'),
 (1073,'127.0.0.1','新增用户gggg1276,购买套餐：,缴费金额1100,初装费用,开始时间：2013-08-07 到期时间:2014-08-07','NiaoMuNiao','2013-08-07 15:30:50'),
 (1074,'127.0.0.1','新增用户gggg1277,购买套餐：,缴费金额1100,初装费用,开始时间：2013-08-07 到期时间:2014-08-07','NiaoMuNiao','2013-08-07 15:30:50'),
 (1075,'127.0.0.1','新增用户gggg1278,购买套餐：,缴费金额1100,初装费用,开始时间：2013-08-07 到期时间:2014-08-07','NiaoMuNiao','2013-08-07 15:30:50'),
 (1076,'127.0.0.1','新增用户gggg1279,购买套餐：,缴费金额1100,初装费用,开始时间：2013-08-07 到期时间:2014-08-07','NiaoMuNiao','2013-08-07 15:30:51'),
 (1077,'127.0.0.1','新增用户gggg1280,购买套餐：,缴费金额1100,初装费用,开始时间：2013-08-07 到期时间:2014-08-07','NiaoMuNiao','2013-08-07 15:30:51'),
 (1078,'127.0.0.1','新增用户gggg1281,购买套餐：,缴费金额1100,初装费用,开始时间：2013-08-07 到期时间:2014-08-07','NiaoMuNiao','2013-08-07 15:30:51'),
 (1079,'127.0.0.1','新增用户gggg1282,购买套餐：,缴费金额1100,初装费用,开始时间：2013-08-07 到期时间:2014-08-07','NiaoMuNiao','2013-08-07 15:30:51'),
 (1080,'127.0.0.1','新增用户gggg1283,购买套餐：,缴费金额1100,初装费用,开始时间：2013-08-07 到期时间:2014-08-07','NiaoMuNiao','2013-08-07 15:30:51'),
 (1081,'127.0.0.1','新增用户gggg1284,购买套餐：,缴费金额1100,初装费用,开始时间：2013-08-07 到期时间:2014-08-07','NiaoMuNiao','2013-08-07 15:30:51'),
 (1082,'127.0.0.1','新增用户gggg1285,购买套餐：,缴费金额1100,初装费用,开始时间：2013-08-07 到期时间:2014-08-07','NiaoMuNiao','2013-08-07 15:30:51'),
 (1083,'127.0.0.1','新增用户gggg1286,购买套餐：,缴费金额1100,初装费用,开始时间：2013-08-07 到期时间:2014-08-07','NiaoMuNiao','2013-08-07 15:30:51'),
 (1084,'127.0.0.1','新增用户gggg1287,购买套餐：,缴费金额1100,初装费用,开始时间：2013-08-07 到期时间:2014-08-07','NiaoMuNiao','2013-08-07 15:30:51'),
 (1085,'127.0.0.1','新增用户gggg1288,购买套餐：,缴费金额1100,初装费用,开始时间：2013-08-07 到期时间:2014-08-07','NiaoMuNiao','2013-08-07 15:30:52'),
 (1086,'127.0.0.1','新增用户gggg1289,购买套餐：,缴费金额1100,初装费用,开始时间：2013-08-07 到期时间:2014-08-07','NiaoMuNiao','2013-08-07 15:30:52'),
 (1087,'127.0.0.1','新增用户gggg1290,购买套餐：,缴费金额1100,初装费用,开始时间：2013-08-07 到期时间:2014-08-07','NiaoMuNiao','2013-08-07 15:30:52'),
 (1088,'127.0.0.1','新增用户gggg1291,购买套餐：,缴费金额1100,初装费用,开始时间：2013-08-07 到期时间:2014-08-07','NiaoMuNiao','2013-08-07 15:30:53'),
 (1089,'127.0.0.1','新增用户gggg1292,购买套餐：,缴费金额1100,初装费用,开始时间：2013-08-07 到期时间:2014-08-07','NiaoMuNiao','2013-08-07 15:30:53'),
 (1090,'127.0.0.1','新增用户gggg1293,购买套餐：,缴费金额1100,初装费用,开始时间：2013-08-07 到期时间:2014-08-07','NiaoMuNiao','2013-08-07 15:30:53'),
 (1091,'127.0.0.1','新增用户gggg1294,购买套餐：,缴费金额1100,初装费用,开始时间：2013-08-07 到期时间:2014-08-07','NiaoMuNiao','2013-08-07 15:30:54'),
 (1092,'127.0.0.1','新增用户gggg1295,购买套餐：,缴费金额1100,初装费用,开始时间：2013-08-07 到期时间:2014-08-07','NiaoMuNiao','2013-08-07 15:30:54'),
 (1093,'127.0.0.1','新增用户gggg1296,购买套餐：,缴费金额1100,初装费用,开始时间：2013-08-07 到期时间:2014-08-07','NiaoMuNiao','2013-08-07 15:30:55'),
 (1094,'127.0.0.1','新增用户gggg1297,购买套餐：,缴费金额1100,初装费用,开始时间：2013-08-07 到期时间:2014-08-07','NiaoMuNiao','2013-08-07 15:30:55'),
 (1095,'127.0.0.1','新增用户gggg1298,购买套餐：,缴费金额1100,初装费用,开始时间：2013-08-07 到期时间:2014-08-07','NiaoMuNiao','2013-08-07 15:30:56'),
 (1096,'127.0.0.1','新增用户gggg1299,购买套餐：,缴费金额1100,初装费用,开始时间：2013-08-07 到期时间:2014-08-07','NiaoMuNiao','2013-08-07 15:30:56'),
 (1097,'127.0.0.1','新增用户hhh11,购买套餐：,缴费金额1100,初装费用,开始时间：2013-08-08 到期时间:2014-08-08','NiaoMuNiao','2013-08-08 16:19:08'),
 (1098,'127.0.0.1','新增用户hhh12,购买套餐：,缴费金额1100,初装费用,开始时间：2013-08-08 到期时间:2014-08-08','NiaoMuNiao','2013-08-08 16:19:08'),
 (1099,'127.0.0.1','新增用户hhh13,购买套餐：,缴费金额1100,初装费用,开始时间：2013-08-08 到期时间:2014-08-08','NiaoMuNiao','2013-08-08 16:19:08'),
 (1100,'127.0.0.1','新增用户hhh14,购买套餐：,缴费金额1100,初装费用,开始时间：2013-08-08 到期时间:2014-08-08','NiaoMuNiao','2013-08-08 16:19:08'),
 (1101,'127.0.0.1','新增用户hhh15,购买套餐：,缴费金额1100,初装费用,开始时间：2013-08-08 到期时间:2014-08-08','NiaoMuNiao','2013-08-08 16:19:08'),
 (1102,'127.0.0.1','新增用户hhh16,购买套餐：,缴费金额1100,初装费用,开始时间：2013-08-08 到期时间:2014-08-08','NiaoMuNiao','2013-08-08 16:19:08'),
 (1103,'127.0.0.1','新增用户hhh17,购买套餐：,缴费金额1100,初装费用,开始时间：2013-08-08 到期时间:2014-08-08','NiaoMuNiao','2013-08-08 16:19:08'),
 (1104,'127.0.0.1','新增用户hhh18,购买套餐：,缴费金额1100,初装费用,开始时间：2013-08-08 到期时间:2014-08-08','NiaoMuNiao','2013-08-08 16:19:08'),
 (1105,'127.0.0.1','新增用户hhh19,购买套餐：,缴费金额1100,初装费用,开始时间：2013-08-08 到期时间:2014-08-08','NiaoMuNiao','2013-08-08 16:19:08'),
 (1106,'127.0.0.1','新增用户hhh110,购买套餐：,缴费金额1100,初装费用,开始时间：2013-08-08 到期时间:2014-08-08','NiaoMuNiao','2013-08-08 16:19:08'),
 (1107,'127.0.0.1','新增用户hhh111,购买套餐：,缴费金额1100,初装费用,开始时间：2013-08-08 到期时间:2014-08-08','NiaoMuNiao','2013-08-08 16:19:08'),
 (1108,'127.0.0.1','新增用户hhh112,购买套餐：,缴费金额1100,初装费用,开始时间：2013-08-08 到期时间:2014-08-08','NiaoMuNiao','2013-08-08 16:19:09'),
 (1109,'127.0.0.1','新增用户hhh113,购买套餐：,缴费金额1100,初装费用,开始时间：2013-08-08 到期时间:2014-08-08','NiaoMuNiao','2013-08-08 16:19:09'),
 (1110,'127.0.0.1','新增用户hhh114,购买套餐：,缴费金额1100,初装费用,开始时间：2013-08-08 到期时间:2014-08-08','NiaoMuNiao','2013-08-08 16:19:09'),
 (1111,'127.0.0.1','新增用户hhh115,购买套餐：,缴费金额1100,初装费用,开始时间：2013-08-08 到期时间:2014-08-08','NiaoMuNiao','2013-08-08 16:19:09'),
 (1112,'127.0.0.1','新增用户hhh116,购买套餐：,缴费金额1100,初装费用,开始时间：2013-08-08 到期时间:2014-08-08','NiaoMuNiao','2013-08-08 16:19:09'),
 (1113,'127.0.0.1','新增用户hhh117,购买套餐：,缴费金额1100,初装费用,开始时间：2013-08-08 到期时间:2014-08-08','NiaoMuNiao','2013-08-08 16:19:09'),
 (1114,'127.0.0.1','新增用户hhh118,购买套餐：,缴费金额1100,初装费用,开始时间：2013-08-08 到期时间:2014-08-08','NiaoMuNiao','2013-08-08 16:19:09'),
 (1115,'127.0.0.1','新增用户hhh119,购买套餐：,缴费金额1100,初装费用,开始时间：2013-08-08 到期时间:2014-08-08','NiaoMuNiao','2013-08-08 16:19:09'),
 (1116,'127.0.0.1','新增用户hhh120,购买套餐：,缴费金额1100,初装费用,开始时间：2013-08-08 到期时间:2014-08-08','NiaoMuNiao','2013-08-08 16:19:09'),
 (1117,'127.0.0.1','新增用户hhh121,购买套餐：,缴费金额1100,初装费用,开始时间：2013-08-08 到期时间:2014-08-08','NiaoMuNiao','2013-08-08 16:19:09'),
 (1118,'127.0.0.1','新增用户hhh122,购买套餐：,缴费金额1100,初装费用,开始时间：2013-08-08 到期时间:2014-08-08','NiaoMuNiao','2013-08-08 16:19:09'),
 (1119,'127.0.0.1','新增用户hhh123,购买套餐：,缴费金额1100,初装费用,开始时间：2013-08-08 到期时间:2014-08-08','NiaoMuNiao','2013-08-08 16:19:09'),
 (1120,'127.0.0.1','新增用户hhh124,购买套餐：,缴费金额1100,初装费用,开始时间：2013-08-08 到期时间:2014-08-08','NiaoMuNiao','2013-08-08 16:19:09'),
 (1121,'127.0.0.1','新增用户hhh125,购买套餐：,缴费金额1100,初装费用,开始时间：2013-08-08 到期时间:2014-08-08','NiaoMuNiao','2013-08-08 16:19:09'),
 (1122,'127.0.0.1','新增用户hhh126,购买套餐：,缴费金额1100,初装费用,开始时间：2013-08-08 到期时间:2014-08-08','NiaoMuNiao','2013-08-08 16:19:09'),
 (1123,'127.0.0.1','新增用户hhh127,购买套餐：,缴费金额1100,初装费用,开始时间：2013-08-08 到期时间:2014-08-08','NiaoMuNiao','2013-08-08 16:19:09'),
 (1124,'127.0.0.1','新增用户hhh128,购买套餐：,缴费金额1100,初装费用,开始时间：2013-08-08 到期时间:2014-08-08','NiaoMuNiao','2013-08-08 16:19:09'),
 (1125,'127.0.0.1','新增用户hhh129,购买套餐：,缴费金额1100,初装费用,开始时间：2013-08-08 到期时间:2014-08-08','NiaoMuNiao','2013-08-08 16:19:09'),
 (1126,'127.0.0.1','新增用户hhh130,购买套餐：,缴费金额1100,初装费用,开始时间：2013-08-08 到期时间:2014-08-08','NiaoMuNiao','2013-08-08 16:19:09'),
 (1127,'127.0.0.1','新增用户hhh131,购买套餐：,缴费金额1100,初装费用,开始时间：2013-08-08 到期时间:2014-08-08','NiaoMuNiao','2013-08-08 16:19:09'),
 (1128,'127.0.0.1','新增用户hhh132,购买套餐：,缴费金额1100,初装费用,开始时间：2013-08-08 到期时间:2014-08-08','NiaoMuNiao','2013-08-08 16:19:09'),
 (1129,'127.0.0.1','新增用户hhh133,购买套餐：,缴费金额1100,初装费用,开始时间：2013-08-08 到期时间:2014-08-08','NiaoMuNiao','2013-08-08 16:19:10'),
 (1130,'127.0.0.1','新增用户hhh134,购买套餐：,缴费金额1100,初装费用,开始时间：2013-08-08 到期时间:2014-08-08','NiaoMuNiao','2013-08-08 16:19:10'),
 (1131,'127.0.0.1','新增用户hhh135,购买套餐：,缴费金额1100,初装费用,开始时间：2013-08-08 到期时间:2014-08-08','NiaoMuNiao','2013-08-08 16:19:10'),
 (1132,'127.0.0.1','新增用户hhh136,购买套餐：,缴费金额1100,初装费用,开始时间：2013-08-08 到期时间:2014-08-08','NiaoMuNiao','2013-08-08 16:19:10'),
 (1133,'127.0.0.1','新增用户hhh137,购买套餐：,缴费金额1100,初装费用,开始时间：2013-08-08 到期时间:2014-08-08','NiaoMuNiao','2013-08-08 16:19:10'),
 (1134,'127.0.0.1','新增用户hhh138,购买套餐：,缴费金额1100,初装费用,开始时间：2013-08-08 到期时间:2014-08-08','NiaoMuNiao','2013-08-08 16:19:10'),
 (1135,'127.0.0.1','新增用户hhh139,购买套餐：,缴费金额1100,初装费用,开始时间：2013-08-08 到期时间:2014-08-08','NiaoMuNiao','2013-08-08 16:19:10'),
 (1136,'127.0.0.1','新增用户hhh140,购买套餐：,缴费金额1100,初装费用,开始时间：2013-08-08 到期时间:2014-08-08','NiaoMuNiao','2013-08-08 16:19:10'),
 (1137,'127.0.0.1','新增用户hhh141,购买套餐：,缴费金额1100,初装费用,开始时间：2013-08-08 到期时间:2014-08-08','NiaoMuNiao','2013-08-08 16:19:10'),
 (1138,'127.0.0.1','新增用户hhh142,购买套餐：,缴费金额1100,初装费用,开始时间：2013-08-08 到期时间:2014-08-08','NiaoMuNiao','2013-08-08 16:19:10'),
 (1139,'127.0.0.1','新增用户hhh143,购买套餐：,缴费金额1100,初装费用,开始时间：2013-08-08 到期时间:2014-08-08','NiaoMuNiao','2013-08-08 16:19:10'),
 (1140,'127.0.0.1','新增用户hhh144,购买套餐：,缴费金额1100,初装费用,开始时间：2013-08-08 到期时间:2014-08-08','NiaoMuNiao','2013-08-08 16:19:10'),
 (1141,'127.0.0.1','新增用户hhh145,购买套餐：,缴费金额1100,初装费用,开始时间：2013-08-08 到期时间:2014-08-08','NiaoMuNiao','2013-08-08 16:19:10'),
 (1142,'127.0.0.1','新增用户hhh146,购买套餐：,缴费金额1100,初装费用,开始时间：2013-08-08 到期时间:2014-08-08','NiaoMuNiao','2013-08-08 16:19:10'),
 (1143,'127.0.0.1','新增用户hhh147,购买套餐：,缴费金额1100,初装费用,开始时间：2013-08-08 到期时间:2014-08-08','NiaoMuNiao','2013-08-08 16:19:10'),
 (1144,'127.0.0.1','新增用户hhh148,购买套餐：,缴费金额1100,初装费用,开始时间：2013-08-08 到期时间:2014-08-08','NiaoMuNiao','2013-08-08 16:19:10'),
 (1145,'127.0.0.1','新增用户hhh149,购买套餐：,缴费金额1100,初装费用,开始时间：2013-08-08 到期时间:2014-08-08','NiaoMuNiao','2013-08-08 16:19:10'),
 (1146,'127.0.0.1','新增用户hhh150,购买套餐：,缴费金额1100,初装费用,开始时间：2013-08-08 到期时间:2014-08-08','NiaoMuNiao','2013-08-08 16:19:10'),
 (1147,'127.0.0.1','新增用户hhh151,购买套餐：,缴费金额1100,初装费用,开始时间：2013-08-08 到期时间:2014-08-08','NiaoMuNiao','2013-08-08 16:19:11'),
 (1148,'127.0.0.1','新增用户hhh152,购买套餐：,缴费金额1100,初装费用,开始时间：2013-08-08 到期时间:2014-08-08','NiaoMuNiao','2013-08-08 16:19:11'),
 (1149,'127.0.0.1','新增用户hhh153,购买套餐：,缴费金额1100,初装费用,开始时间：2013-08-08 到期时间:2014-08-08','NiaoMuNiao','2013-08-08 16:19:11'),
 (1150,'127.0.0.1','新增用户hhh154,购买套餐：,缴费金额1100,初装费用,开始时间：2013-08-08 到期时间:2014-08-08','NiaoMuNiao','2013-08-08 16:19:11'),
 (1151,'127.0.0.1','新增用户hhh155,购买套餐：,缴费金额1100,初装费用,开始时间：2013-08-08 到期时间:2014-08-08','NiaoMuNiao','2013-08-08 16:19:11'),
 (1152,'127.0.0.1','新增用户hhh156,购买套餐：,缴费金额1100,初装费用,开始时间：2013-08-08 到期时间:2014-08-08','NiaoMuNiao','2013-08-08 16:19:11'),
 (1153,'127.0.0.1','新增用户hhh157,购买套餐：,缴费金额1100,初装费用,开始时间：2013-08-08 到期时间:2014-08-08','NiaoMuNiao','2013-08-08 16:19:11'),
 (1154,'127.0.0.1','新增用户hhh158,购买套餐：,缴费金额1100,初装费用,开始时间：2013-08-08 到期时间:2014-08-08','NiaoMuNiao','2013-08-08 16:19:11'),
 (1155,'127.0.0.1','新增用户hhh159,购买套餐：,缴费金额1100,初装费用,开始时间：2013-08-08 到期时间:2014-08-08','NiaoMuNiao','2013-08-08 16:19:11'),
 (1156,'127.0.0.1','新增用户hhh160,购买套餐：,缴费金额1100,初装费用,开始时间：2013-08-08 到期时间:2014-08-08','NiaoMuNiao','2013-08-08 16:19:11'),
 (1157,'127.0.0.1','新增用户hhh161,购买套餐：,缴费金额1100,初装费用,开始时间：2013-08-08 到期时间:2014-08-08','NiaoMuNiao','2013-08-08 16:19:11'),
 (1158,'127.0.0.1','新增用户hhh162,购买套餐：,缴费金额1100,初装费用,开始时间：2013-08-08 到期时间:2014-08-08','NiaoMuNiao','2013-08-08 16:19:11'),
 (1159,'127.0.0.1','新增用户hhh163,购买套餐：,缴费金额1100,初装费用,开始时间：2013-08-08 到期时间:2014-08-08','NiaoMuNiao','2013-08-08 16:19:11'),
 (1160,'127.0.0.1','新增用户hhh164,购买套餐：,缴费金额1100,初装费用,开始时间：2013-08-08 到期时间:2014-08-08','NiaoMuNiao','2013-08-08 16:19:11'),
 (1161,'127.0.0.1','新增用户hhh165,购买套餐：,缴费金额1100,初装费用,开始时间：2013-08-08 到期时间:2014-08-08','NiaoMuNiao','2013-08-08 16:19:11'),
 (1162,'127.0.0.1','新增用户hhh166,购买套餐：,缴费金额1100,初装费用,开始时间：2013-08-08 到期时间:2014-08-08','NiaoMuNiao','2013-08-08 16:19:11'),
 (1163,'127.0.0.1','新增用户hhh167,购买套餐：,缴费金额1100,初装费用,开始时间：2013-08-08 到期时间:2014-08-08','NiaoMuNiao','2013-08-08 16:19:11'),
 (1164,'127.0.0.1','新增用户hhh168,购买套餐：,缴费金额1100,初装费用,开始时间：2013-08-08 到期时间:2014-08-08','NiaoMuNiao','2013-08-08 16:19:11'),
 (1165,'127.0.0.1','新增用户hhh169,购买套餐：,缴费金额1100,初装费用,开始时间：2013-08-08 到期时间:2014-08-08','NiaoMuNiao','2013-08-08 16:19:11'),
 (1166,'127.0.0.1','新增用户hhh170,购买套餐：,缴费金额1100,初装费用,开始时间：2013-08-08 到期时间:2014-08-08','NiaoMuNiao','2013-08-08 16:19:11'),
 (1167,'127.0.0.1','新增用户hhh171,购买套餐：,缴费金额1100,初装费用,开始时间：2013-08-08 到期时间:2014-08-08','NiaoMuNiao','2013-08-08 16:19:11'),
 (1168,'127.0.0.1','新增用户hhh172,购买套餐：,缴费金额1100,初装费用,开始时间：2013-08-08 到期时间:2014-08-08','NiaoMuNiao','2013-08-08 16:19:12'),
 (1169,'127.0.0.1','新增用户hhh173,购买套餐：,缴费金额1100,初装费用,开始时间：2013-08-08 到期时间:2014-08-08','NiaoMuNiao','2013-08-08 16:19:12'),
 (1170,'127.0.0.1','新增用户hhh174,购买套餐：,缴费金额1100,初装费用,开始时间：2013-08-08 到期时间:2014-08-08','NiaoMuNiao','2013-08-08 16:19:12'),
 (1171,'127.0.0.1','新增用户hhh175,购买套餐：,缴费金额1100,初装费用,开始时间：2013-08-08 到期时间:2014-08-08','NiaoMuNiao','2013-08-08 16:19:12'),
 (1172,'127.0.0.1','新增用户hhh176,购买套餐：,缴费金额1100,初装费用,开始时间：2013-08-08 到期时间:2014-08-08','NiaoMuNiao','2013-08-08 16:19:12'),
 (1173,'127.0.0.1','新增用户hhh177,购买套餐：,缴费金额1100,初装费用,开始时间：2013-08-08 到期时间:2014-08-08','NiaoMuNiao','2013-08-08 16:19:12'),
 (1174,'127.0.0.1','新增用户hhh178,购买套餐：,缴费金额1100,初装费用,开始时间：2013-08-08 到期时间:2014-08-08','NiaoMuNiao','2013-08-08 16:19:12'),
 (1175,'127.0.0.1','新增用户hhh179,购买套餐：,缴费金额1100,初装费用,开始时间：2013-08-08 到期时间:2014-08-08','NiaoMuNiao','2013-08-08 16:19:12'),
 (1176,'127.0.0.1','新增用户hhh180,购买套餐：,缴费金额1100,初装费用,开始时间：2013-08-08 到期时间:2014-08-08','NiaoMuNiao','2013-08-08 16:19:12'),
 (1177,'127.0.0.1','新增用户hhh181,购买套餐：,缴费金额1100,初装费用,开始时间：2013-08-08 到期时间:2014-08-08','NiaoMuNiao','2013-08-08 16:19:12'),
 (1178,'127.0.0.1','新增用户hhh182,购买套餐：,缴费金额1100,初装费用,开始时间：2013-08-08 到期时间:2014-08-08','NiaoMuNiao','2013-08-08 16:19:12'),
 (1179,'127.0.0.1','新增用户hhh183,购买套餐：,缴费金额1100,初装费用,开始时间：2013-08-08 到期时间:2014-08-08','NiaoMuNiao','2013-08-08 16:19:12'),
 (1180,'127.0.0.1','新增用户hhh184,购买套餐：,缴费金额1100,初装费用,开始时间：2013-08-08 到期时间:2014-08-08','NiaoMuNiao','2013-08-08 16:19:12'),
 (1181,'127.0.0.1','新增用户hhh185,购买套餐：,缴费金额1100,初装费用,开始时间：2013-08-08 到期时间:2014-08-08','NiaoMuNiao','2013-08-08 16:19:12'),
 (1182,'127.0.0.1','新增用户hhh186,购买套餐：,缴费金额1100,初装费用,开始时间：2013-08-08 到期时间:2014-08-08','NiaoMuNiao','2013-08-08 16:19:12'),
 (1183,'127.0.0.1','新增用户hhh187,购买套餐：,缴费金额1100,初装费用,开始时间：2013-08-08 到期时间:2014-08-08','NiaoMuNiao','2013-08-08 16:19:12'),
 (1184,'127.0.0.1','新增用户hhh188,购买套餐：,缴费金额1100,初装费用,开始时间：2013-08-08 到期时间:2014-08-08','NiaoMuNiao','2013-08-08 16:19:12'),
 (1185,'127.0.0.1','新增用户hhh189,购买套餐：,缴费金额1100,初装费用,开始时间：2013-08-08 到期时间:2014-08-08','NiaoMuNiao','2013-08-08 16:19:12'),
 (1186,'127.0.0.1','新增用户hhh190,购买套餐：,缴费金额1100,初装费用,开始时间：2013-08-08 到期时间:2014-08-08','NiaoMuNiao','2013-08-08 16:19:12'),
 (1187,'127.0.0.1','新增用户hhh191,购买套餐：,缴费金额1100,初装费用,开始时间：2013-08-08 到期时间:2014-08-08','NiaoMuNiao','2013-08-08 16:19:13'),
 (1188,'127.0.0.1','新增用户hhh192,购买套餐：,缴费金额1100,初装费用,开始时间：2013-08-08 到期时间:2014-08-08','NiaoMuNiao','2013-08-08 16:19:13'),
 (1189,'127.0.0.1','新增用户hhh193,购买套餐：,缴费金额1100,初装费用,开始时间：2013-08-08 到期时间:2014-08-08','NiaoMuNiao','2013-08-08 16:19:13'),
 (1190,'127.0.0.1','新增用户hhh194,购买套餐：,缴费金额1100,初装费用,开始时间：2013-08-08 到期时间:2014-08-08','NiaoMuNiao','2013-08-08 16:19:13'),
 (1191,'127.0.0.1','新增用户hhh195,购买套餐：,缴费金额1100,初装费用,开始时间：2013-08-08 到期时间:2014-08-08','NiaoMuNiao','2013-08-08 16:19:13'),
 (1192,'127.0.0.1','新增用户hhh196,购买套餐：,缴费金额1100,初装费用,开始时间：2013-08-08 到期时间:2014-08-08','NiaoMuNiao','2013-08-08 16:19:13'),
 (1193,'127.0.0.1','新增用户hhh197,购买套餐：,缴费金额1100,初装费用,开始时间：2013-08-08 到期时间:2014-08-08','NiaoMuNiao','2013-08-08 16:19:13'),
 (1194,'127.0.0.1','新增用户hhh198,购买套餐：,缴费金额1100,初装费用,开始时间：2013-08-08 到期时间:2014-08-08','NiaoMuNiao','2013-08-08 16:19:13'),
 (1195,'127.0.0.1','新增用户hhh199,购买套餐：,缴费金额1100,初装费用,开始时间：2013-08-08 到期时间:2014-08-08','NiaoMuNiao','2013-08-08 16:19:13'),
 (1196,'127.0.0.1','新增用户hhh1100,购买套餐：,缴费金额1100,初装费用,开始时间：2013-08-08 到期时间:2014-08-08','NiaoMuNiao','2013-08-08 16:19:13'),
 (1197,'127.0.0.1','新增用户hhh1101,购买套餐：,缴费金额1100,初装费用,开始时间：2013-08-08 到期时间:2014-08-08','NiaoMuNiao','2013-08-08 16:19:13'),
 (1198,'127.0.0.1','新增用户hhh1102,购买套餐：,缴费金额1100,初装费用,开始时间：2013-08-08 到期时间:2014-08-08','NiaoMuNiao','2013-08-08 16:19:13'),
 (1199,'127.0.0.1','新增用户hhh1103,购买套餐：,缴费金额1100,初装费用,开始时间：2013-08-08 到期时间:2014-08-08','NiaoMuNiao','2013-08-08 16:19:13'),
 (1200,'127.0.0.1','新增用户hhh1104,购买套餐：,缴费金额1100,初装费用,开始时间：2013-08-08 到期时间:2014-08-08','NiaoMuNiao','2013-08-08 16:19:13'),
 (1201,'127.0.0.1','新增用户hhh1105,购买套餐：,缴费金额1100,初装费用,开始时间：2013-08-08 到期时间:2014-08-08','NiaoMuNiao','2013-08-08 16:19:13'),
 (1202,'127.0.0.1','新增用户hhh1106,购买套餐：,缴费金额1100,初装费用,开始时间：2013-08-08 到期时间:2014-08-08','NiaoMuNiao','2013-08-08 16:19:13'),
 (1203,'127.0.0.1','新增用户hhh1107,购买套餐：,缴费金额1100,初装费用,开始时间：2013-08-08 到期时间:2014-08-08','NiaoMuNiao','2013-08-08 16:19:13'),
 (1204,'127.0.0.1','新增用户hhh1108,购买套餐：,缴费金额1100,初装费用,开始时间：2013-08-08 到期时间:2014-08-08','NiaoMuNiao','2013-08-08 16:19:14'),
 (1205,'127.0.0.1','新增用户hhh1109,购买套餐：,缴费金额1100,初装费用,开始时间：2013-08-08 到期时间:2014-08-08','NiaoMuNiao','2013-08-08 16:19:14'),
 (1206,'127.0.0.1','新增用户hhh1110,购买套餐：,缴费金额1100,初装费用,开始时间：2013-08-08 到期时间:2014-08-08','NiaoMuNiao','2013-08-08 16:19:14'),
 (1207,'127.0.0.1','新增用户hhh1111,购买套餐：,缴费金额1100,初装费用,开始时间：2013-08-08 到期时间:2014-08-08','NiaoMuNiao','2013-08-08 16:19:14'),
 (1208,'127.0.0.1','新增用户hhh1112,购买套餐：,缴费金额1100,初装费用,开始时间：2013-08-08 到期时间:2014-08-08','NiaoMuNiao','2013-08-08 16:19:14'),
 (1209,'127.0.0.1','新增用户hhh1113,购买套餐：,缴费金额1100,初装费用,开始时间：2013-08-08 到期时间:2014-08-08','NiaoMuNiao','2013-08-08 16:19:14'),
 (1210,'127.0.0.1','新增用户hhh1114,购买套餐：,缴费金额1100,初装费用,开始时间：2013-08-08 到期时间:2014-08-08','NiaoMuNiao','2013-08-08 16:19:14'),
 (1211,'127.0.0.1','新增用户hhh1115,购买套餐：,缴费金额1100,初装费用,开始时间：2013-08-08 到期时间:2014-08-08','NiaoMuNiao','2013-08-08 16:19:14'),
 (1212,'127.0.0.1','新增用户hhh1116,购买套餐：,缴费金额1100,初装费用,开始时间：2013-08-08 到期时间:2014-08-08','NiaoMuNiao','2013-08-08 16:19:14'),
 (1213,'127.0.0.1','新增用户hhh1117,购买套餐：,缴费金额1100,初装费用,开始时间：2013-08-08 到期时间:2014-08-08','NiaoMuNiao','2013-08-08 16:19:14'),
 (1214,'127.0.0.1','新增用户hhh1118,购买套餐：,缴费金额1100,初装费用,开始时间：2013-08-08 到期时间:2014-08-08','NiaoMuNiao','2013-08-08 16:19:14'),
 (1215,'127.0.0.1','新增用户hhh1119,购买套餐：,缴费金额1100,初装费用,开始时间：2013-08-08 到期时间:2014-08-08','NiaoMuNiao','2013-08-08 16:19:15'),
 (1216,'127.0.0.1','新增用户hhh1120,购买套餐：,缴费金额1100,初装费用,开始时间：2013-08-08 到期时间:2014-08-08','NiaoMuNiao','2013-08-08 16:19:15'),
 (1217,'127.0.0.1','新增用户hhh1121,购买套餐：,缴费金额1100,初装费用,开始时间：2013-08-08 到期时间:2014-08-08','NiaoMuNiao','2013-08-08 16:19:15'),
 (1218,'127.0.0.1','新增用户hhh1122,购买套餐：,缴费金额1100,初装费用,开始时间：2013-08-08 到期时间:2014-08-08','NiaoMuNiao','2013-08-08 16:19:15'),
 (1219,'127.0.0.1','新增用户hhh1123,购买套餐：,缴费金额1100,初装费用,开始时间：2013-08-08 到期时间:2014-08-08','NiaoMuNiao','2013-08-08 16:19:15'),
 (1220,'127.0.0.1','新增用户hhh1124,购买套餐：,缴费金额1100,初装费用,开始时间：2013-08-08 到期时间:2014-08-08','NiaoMuNiao','2013-08-08 16:19:15'),
 (1221,'127.0.0.1','新增用户hhh1125,购买套餐：,缴费金额1100,初装费用,开始时间：2013-08-08 到期时间:2014-08-08','NiaoMuNiao','2013-08-08 16:19:15'),
 (1222,'127.0.0.1','新增用户hhh1126,购买套餐：,缴费金额1100,初装费用,开始时间：2013-08-08 到期时间:2014-08-08','NiaoMuNiao','2013-08-08 16:19:15'),
 (1223,'127.0.0.1','新增用户hhh1127,购买套餐：,缴费金额1100,初装费用,开始时间：2013-08-08 到期时间:2014-08-08','NiaoMuNiao','2013-08-08 16:19:15'),
 (1224,'127.0.0.1','新增用户hhh1128,购买套餐：,缴费金额1100,初装费用,开始时间：2013-08-08 到期时间:2014-08-08','NiaoMuNiao','2013-08-08 16:19:15'),
 (1225,'127.0.0.1','新增用户hhh1129,购买套餐：,缴费金额1100,初装费用,开始时间：2013-08-08 到期时间:2014-08-08','NiaoMuNiao','2013-08-08 16:19:15'),
 (1226,'127.0.0.1','新增用户hhh1130,购买套餐：,缴费金额1100,初装费用,开始时间：2013-08-08 到期时间:2014-08-08','NiaoMuNiao','2013-08-08 16:19:15'),
 (1227,'127.0.0.1','新增用户hhh1131,购买套餐：,缴费金额1100,初装费用,开始时间：2013-08-08 到期时间:2014-08-08','NiaoMuNiao','2013-08-08 16:19:15'),
 (1228,'127.0.0.1','新增用户hhh1132,购买套餐：,缴费金额1100,初装费用,开始时间：2013-08-08 到期时间:2014-08-08','NiaoMuNiao','2013-08-08 16:19:15'),
 (1229,'127.0.0.1','新增用户hhh1133,购买套餐：,缴费金额1100,初装费用,开始时间：2013-08-08 到期时间:2014-08-08','NiaoMuNiao','2013-08-08 16:19:15'),
 (1230,'127.0.0.1','新增用户hhh1134,购买套餐：,缴费金额1100,初装费用,开始时间：2013-08-08 到期时间:2014-08-08','NiaoMuNiao','2013-08-08 16:19:15'),
 (1231,'127.0.0.1','新增用户hhh1135,购买套餐：,缴费金额1100,初装费用,开始时间：2013-08-08 到期时间:2014-08-08','NiaoMuNiao','2013-08-08 16:19:15'),
 (1232,'127.0.0.1','新增用户hhh1136,购买套餐：,缴费金额1100,初装费用,开始时间：2013-08-08 到期时间:2014-08-08','NiaoMuNiao','2013-08-08 16:19:15'),
 (1233,'127.0.0.1','新增用户hhh1137,购买套餐：,缴费金额1100,初装费用,开始时间：2013-08-08 到期时间:2014-08-08','NiaoMuNiao','2013-08-08 16:19:15'),
 (1234,'127.0.0.1','新增用户hhh1138,购买套餐：,缴费金额1100,初装费用,开始时间：2013-08-08 到期时间:2014-08-08','NiaoMuNiao','2013-08-08 16:19:15'),
 (1235,'127.0.0.1','新增用户hhh1139,购买套餐：,缴费金额1100,初装费用,开始时间：2013-08-08 到期时间:2014-08-08','NiaoMuNiao','2013-08-08 16:19:15'),
 (1236,'127.0.0.1','新增用户hhh1140,购买套餐：,缴费金额1100,初装费用,开始时间：2013-08-08 到期时间:2014-08-08','NiaoMuNiao','2013-08-08 16:19:16'),
 (1237,'127.0.0.1','新增用户hhh1141,购买套餐：,缴费金额1100,初装费用,开始时间：2013-08-08 到期时间:2014-08-08','NiaoMuNiao','2013-08-08 16:19:16'),
 (1238,'127.0.0.1','新增用户hhh1142,购买套餐：,缴费金额1100,初装费用,开始时间：2013-08-08 到期时间:2014-08-08','NiaoMuNiao','2013-08-08 16:19:16'),
 (1239,'127.0.0.1','新增用户hhh1143,购买套餐：,缴费金额1100,初装费用,开始时间：2013-08-08 到期时间:2014-08-08','NiaoMuNiao','2013-08-08 16:19:16'),
 (1240,'127.0.0.1','新增用户hhh1144,购买套餐：,缴费金额1100,初装费用,开始时间：2013-08-08 到期时间:2014-08-08','NiaoMuNiao','2013-08-08 16:19:16'),
 (1241,'127.0.0.1','新增用户hhh1145,购买套餐：,缴费金额1100,初装费用,开始时间：2013-08-08 到期时间:2014-08-08','NiaoMuNiao','2013-08-08 16:19:16'),
 (1242,'127.0.0.1','新增用户hhh1146,购买套餐：,缴费金额1100,初装费用,开始时间：2013-08-08 到期时间:2014-08-08','NiaoMuNiao','2013-08-08 16:19:16'),
 (1243,'127.0.0.1','新增用户hhh1147,购买套餐：,缴费金额1100,初装费用,开始时间：2013-08-08 到期时间:2014-08-08','NiaoMuNiao','2013-08-08 16:19:16'),
 (1244,'127.0.0.1','新增用户hhh1148,购买套餐：,缴费金额1100,初装费用,开始时间：2013-08-08 到期时间:2014-08-08','NiaoMuNiao','2013-08-08 16:19:16'),
 (1245,'127.0.0.1','新增用户hhh1149,购买套餐：,缴费金额1100,初装费用,开始时间：2013-08-08 到期时间:2014-08-08','NiaoMuNiao','2013-08-08 16:19:16'),
 (1246,'127.0.0.1','新增用户hhh1150,购买套餐：,缴费金额1100,初装费用,开始时间：2013-08-08 到期时间:2014-08-08','NiaoMuNiao','2013-08-08 16:19:16'),
 (1247,'127.0.0.1','新增用户hhh1151,购买套餐：,缴费金额1100,初装费用,开始时间：2013-08-08 到期时间:2014-08-08','NiaoMuNiao','2013-08-08 16:19:16'),
 (1248,'127.0.0.1','新增用户hhh1152,购买套餐：,缴费金额1100,初装费用,开始时间：2013-08-08 到期时间:2014-08-08','NiaoMuNiao','2013-08-08 16:19:16'),
 (1249,'127.0.0.1','新增用户hhh1153,购买套餐：,缴费金额1100,初装费用,开始时间：2013-08-08 到期时间:2014-08-08','NiaoMuNiao','2013-08-08 16:19:16'),
 (1250,'127.0.0.1','新增用户hhh1154,购买套餐：,缴费金额1100,初装费用,开始时间：2013-08-08 到期时间:2014-08-08','NiaoMuNiao','2013-08-08 16:19:16'),
 (1251,'127.0.0.1','新增用户hhh1155,购买套餐：,缴费金额1100,初装费用,开始时间：2013-08-08 到期时间:2014-08-08','NiaoMuNiao','2013-08-08 16:19:16'),
 (1252,'127.0.0.1','新增用户hhh1156,购买套餐：,缴费金额1100,初装费用,开始时间：2013-08-08 到期时间:2014-08-08','NiaoMuNiao','2013-08-08 16:19:16'),
 (1253,'127.0.0.1','新增用户hhh1157,购买套餐：,缴费金额1100,初装费用,开始时间：2013-08-08 到期时间:2014-08-08','NiaoMuNiao','2013-08-08 16:19:16'),
 (1254,'127.0.0.1','新增用户hhh1158,购买套餐：,缴费金额1100,初装费用,开始时间：2013-08-08 到期时间:2014-08-08','NiaoMuNiao','2013-08-08 16:19:16'),
 (1255,'127.0.0.1','新增用户hhh1159,购买套餐：,缴费金额1100,初装费用,开始时间：2013-08-08 到期时间:2014-08-08','NiaoMuNiao','2013-08-08 16:19:16'),
 (1256,'127.0.0.1','新增用户hhh1160,购买套餐：,缴费金额1100,初装费用,开始时间：2013-08-08 到期时间:2014-08-08','NiaoMuNiao','2013-08-08 16:19:16'),
 (1257,'127.0.0.1','新增用户hhh1161,购买套餐：,缴费金额1100,初装费用,开始时间：2013-08-08 到期时间:2014-08-08','NiaoMuNiao','2013-08-08 16:19:17'),
 (1258,'127.0.0.1','新增用户hhh1162,购买套餐：,缴费金额1100,初装费用,开始时间：2013-08-08 到期时间:2014-08-08','NiaoMuNiao','2013-08-08 16:19:17'),
 (1259,'127.0.0.1','新增用户hhh1163,购买套餐：,缴费金额1100,初装费用,开始时间：2013-08-08 到期时间:2014-08-08','NiaoMuNiao','2013-08-08 16:19:17'),
 (1260,'127.0.0.1','新增用户hhh1164,购买套餐：,缴费金额1100,初装费用,开始时间：2013-08-08 到期时间:2014-08-08','NiaoMuNiao','2013-08-08 16:19:17'),
 (1261,'127.0.0.1','新增用户hhh1165,购买套餐：,缴费金额1100,初装费用,开始时间：2013-08-08 到期时间:2014-08-08','NiaoMuNiao','2013-08-08 16:19:17'),
 (1262,'127.0.0.1','新增用户hhh1166,购买套餐：,缴费金额1100,初装费用,开始时间：2013-08-08 到期时间:2014-08-08','NiaoMuNiao','2013-08-08 16:19:17'),
 (1263,'127.0.0.1','新增用户hhh1167,购买套餐：,缴费金额1100,初装费用,开始时间：2013-08-08 到期时间:2014-08-08','NiaoMuNiao','2013-08-08 16:19:17'),
 (1264,'127.0.0.1','新增用户hhh1168,购买套餐：,缴费金额1100,初装费用,开始时间：2013-08-08 到期时间:2014-08-08','NiaoMuNiao','2013-08-08 16:19:17'),
 (1265,'127.0.0.1','新增用户hhh1169,购买套餐：,缴费金额1100,初装费用,开始时间：2013-08-08 到期时间:2014-08-08','NiaoMuNiao','2013-08-08 16:19:17'),
 (1266,'127.0.0.1','新增用户hhh1170,购买套餐：,缴费金额1100,初装费用,开始时间：2013-08-08 到期时间:2014-08-08','NiaoMuNiao','2013-08-08 16:19:17'),
 (1267,'127.0.0.1','新增用户hhh1171,购买套餐：,缴费金额1100,初装费用,开始时间：2013-08-08 到期时间:2014-08-08','NiaoMuNiao','2013-08-08 16:19:17'),
 (1268,'127.0.0.1','新增用户hhh1172,购买套餐：,缴费金额1100,初装费用,开始时间：2013-08-08 到期时间:2014-08-08','NiaoMuNiao','2013-08-08 16:19:17'),
 (1269,'127.0.0.1','新增用户hhh1173,购买套餐：,缴费金额1100,初装费用,开始时间：2013-08-08 到期时间:2014-08-08','NiaoMuNiao','2013-08-08 16:19:17'),
 (1270,'127.0.0.1','新增用户hhh1174,购买套餐：,缴费金额1100,初装费用,开始时间：2013-08-08 到期时间:2014-08-08','NiaoMuNiao','2013-08-08 16:19:17'),
 (1271,'127.0.0.1','新增用户hhh1175,购买套餐：,缴费金额1100,初装费用,开始时间：2013-08-08 到期时间:2014-08-08','NiaoMuNiao','2013-08-08 16:19:17'),
 (1272,'127.0.0.1','新增用户hhh1176,购买套餐：,缴费金额1100,初装费用,开始时间：2013-08-08 到期时间:2014-08-08','NiaoMuNiao','2013-08-08 16:19:17'),
 (1273,'127.0.0.1','新增用户hhh1177,购买套餐：,缴费金额1100,初装费用,开始时间：2013-08-08 到期时间:2014-08-08','NiaoMuNiao','2013-08-08 16:19:17'),
 (1274,'127.0.0.1','新增用户hhh1178,购买套餐：,缴费金额1100,初装费用,开始时间：2013-08-08 到期时间:2014-08-08','NiaoMuNiao','2013-08-08 16:19:17'),
 (1275,'127.0.0.1','新增用户hhh1179,购买套餐：,缴费金额1100,初装费用,开始时间：2013-08-08 到期时间:2014-08-08','NiaoMuNiao','2013-08-08 16:19:17'),
 (1276,'127.0.0.1','新增用户hhh1180,购买套餐：,缴费金额1100,初装费用,开始时间：2013-08-08 到期时间:2014-08-08','NiaoMuNiao','2013-08-08 16:19:18'),
 (1277,'127.0.0.1','新增用户hhh1181,购买套餐：,缴费金额1100,初装费用,开始时间：2013-08-08 到期时间:2014-08-08','NiaoMuNiao','2013-08-08 16:19:18'),
 (1278,'127.0.0.1','新增用户hhh1182,购买套餐：,缴费金额1100,初装费用,开始时间：2013-08-08 到期时间:2014-08-08','NiaoMuNiao','2013-08-08 16:19:18'),
 (1279,'127.0.0.1','新增用户hhh1183,购买套餐：,缴费金额1100,初装费用,开始时间：2013-08-08 到期时间:2014-08-08','NiaoMuNiao','2013-08-08 16:19:18'),
 (1280,'127.0.0.1','新增用户hhh1184,购买套餐：,缴费金额1100,初装费用,开始时间：2013-08-08 到期时间:2014-08-08','NiaoMuNiao','2013-08-08 16:19:18'),
 (1281,'127.0.0.1','新增用户hhh1185,购买套餐：,缴费金额1100,初装费用,开始时间：2013-08-08 到期时间:2014-08-08','NiaoMuNiao','2013-08-08 16:19:18'),
 (1282,'127.0.0.1','新增用户hhh1186,购买套餐：,缴费金额1100,初装费用,开始时间：2013-08-08 到期时间:2014-08-08','NiaoMuNiao','2013-08-08 16:19:18'),
 (1283,'127.0.0.1','新增用户hhh1187,购买套餐：,缴费金额1100,初装费用,开始时间：2013-08-08 到期时间:2014-08-08','NiaoMuNiao','2013-08-08 16:19:18'),
 (1284,'127.0.0.1','新增用户hhh1188,购买套餐：,缴费金额1100,初装费用,开始时间：2013-08-08 到期时间:2014-08-08','NiaoMuNiao','2013-08-08 16:19:18'),
 (1285,'127.0.0.1','新增用户hhh1189,购买套餐：,缴费金额1100,初装费用,开始时间：2013-08-08 到期时间:2014-08-08','NiaoMuNiao','2013-08-08 16:19:18'),
 (1286,'127.0.0.1','新增用户hhh1190,购买套餐：,缴费金额1100,初装费用,开始时间：2013-08-08 到期时间:2014-08-08','NiaoMuNiao','2013-08-08 16:19:18'),
 (1287,'127.0.0.1','新增用户hhh1191,购买套餐：,缴费金额1100,初装费用,开始时间：2013-08-08 到期时间:2014-08-08','NiaoMuNiao','2013-08-08 16:19:18'),
 (1288,'127.0.0.1','新增用户hhh1192,购买套餐：,缴费金额1100,初装费用,开始时间：2013-08-08 到期时间:2014-08-08','NiaoMuNiao','2013-08-08 16:19:18'),
 (1289,'127.0.0.1','新增用户hhh1193,购买套餐：,缴费金额1100,初装费用,开始时间：2013-08-08 到期时间:2014-08-08','NiaoMuNiao','2013-08-08 16:19:18'),
 (1290,'127.0.0.1','新增用户hhh1194,购买套餐：,缴费金额1100,初装费用,开始时间：2013-08-08 到期时间:2014-08-08','NiaoMuNiao','2013-08-08 16:19:18'),
 (1291,'127.0.0.1','新增用户hhh1195,购买套餐：,缴费金额1100,初装费用,开始时间：2013-08-08 到期时间:2014-08-08','NiaoMuNiao','2013-08-08 16:19:18'),
 (1292,'127.0.0.1','新增用户hhh1196,购买套餐：,缴费金额1100,初装费用,开始时间：2013-08-08 到期时间:2014-08-08','NiaoMuNiao','2013-08-08 16:19:18'),
 (1293,'127.0.0.1','新增用户hhh1197,购买套餐：,缴费金额1100,初装费用,开始时间：2013-08-08 到期时间:2014-08-08','NiaoMuNiao','2013-08-08 16:19:18'),
 (1294,'127.0.0.1','新增用户hhh1198,购买套餐：,缴费金额1100,初装费用,开始时间：2013-08-08 到期时间:2014-08-08','NiaoMuNiao','2013-08-08 16:19:18'),
 (1295,'127.0.0.1','新增用户hhh1199,购买套餐：,缴费金额1100,初装费用,开始时间：2013-08-08 到期时间:2014-08-08','NiaoMuNiao','2013-08-08 16:19:19'),
 (1296,'127.0.0.1','新增用户hhh1200,购买套餐：,缴费金额1100,初装费用,开始时间：2013-08-08 到期时间:2014-08-08','NiaoMuNiao','2013-08-08 16:19:19'),
 (1297,'127.0.0.1','新增用户hhh1201,购买套餐：,缴费金额1100,初装费用,开始时间：2013-08-08 到期时间:2014-08-08','NiaoMuNiao','2013-08-08 16:19:19'),
 (1298,'127.0.0.1','新增用户hhh1202,购买套餐：,缴费金额1100,初装费用,开始时间：2013-08-08 到期时间:2014-08-08','NiaoMuNiao','2013-08-08 16:19:19'),
 (1299,'127.0.0.1','新增用户hhh1203,购买套餐：,缴费金额1100,初装费用,开始时间：2013-08-08 到期时间:2014-08-08','NiaoMuNiao','2013-08-08 16:19:19'),
 (1300,'127.0.0.1','新增用户hhh1204,购买套餐：,缴费金额1100,初装费用,开始时间：2013-08-08 到期时间:2014-08-08','NiaoMuNiao','2013-08-08 16:19:19'),
 (1301,'127.0.0.1','新增用户hhh1205,购买套餐：,缴费金额1100,初装费用,开始时间：2013-08-08 到期时间:2014-08-08','NiaoMuNiao','2013-08-08 16:19:19'),
 (1302,'127.0.0.1','新增用户hhh1206,购买套餐：,缴费金额1100,初装费用,开始时间：2013-08-08 到期时间:2014-08-08','NiaoMuNiao','2013-08-08 16:19:19'),
 (1303,'127.0.0.1','新增用户hhh1207,购买套餐：,缴费金额1100,初装费用,开始时间：2013-08-08 到期时间:2014-08-08','NiaoMuNiao','2013-08-08 16:19:19'),
 (1304,'127.0.0.1','新增用户hhh1208,购买套餐：,缴费金额1100,初装费用,开始时间：2013-08-08 到期时间:2014-08-08','NiaoMuNiao','2013-08-08 16:19:19'),
 (1305,'127.0.0.1','新增用户hhh1209,购买套餐：,缴费金额1100,初装费用,开始时间：2013-08-08 到期时间:2014-08-08','NiaoMuNiao','2013-08-08 16:19:19'),
 (1306,'127.0.0.1','新增用户hhh1210,购买套餐：,缴费金额1100,初装费用,开始时间：2013-08-08 到期时间:2014-08-08','NiaoMuNiao','2013-08-08 16:19:19'),
 (1307,'127.0.0.1','新增用户hhh1211,购买套餐：,缴费金额1100,初装费用,开始时间：2013-08-08 到期时间:2014-08-08','NiaoMuNiao','2013-08-08 16:19:19'),
 (1308,'127.0.0.1','新增用户hhh1212,购买套餐：,缴费金额1100,初装费用,开始时间：2013-08-08 到期时间:2014-08-08','NiaoMuNiao','2013-08-08 16:19:19'),
 (1309,'127.0.0.1','新增用户hhh1213,购买套餐：,缴费金额1100,初装费用,开始时间：2013-08-08 到期时间:2014-08-08','NiaoMuNiao','2013-08-08 16:19:19'),
 (1310,'127.0.0.1','新增用户hhh1214,购买套餐：,缴费金额1100,初装费用,开始时间：2013-08-08 到期时间:2014-08-08','NiaoMuNiao','2013-08-08 16:19:19'),
 (1311,'127.0.0.1','新增用户hhh1215,购买套餐：,缴费金额1100,初装费用,开始时间：2013-08-08 到期时间:2014-08-08','NiaoMuNiao','2013-08-08 16:19:19'),
 (1312,'127.0.0.1','新增用户hhh1216,购买套餐：,缴费金额1100,初装费用,开始时间：2013-08-08 到期时间:2014-08-08','NiaoMuNiao','2013-08-08 16:19:19'),
 (1313,'127.0.0.1','新增用户hhh1217,购买套餐：,缴费金额1100,初装费用,开始时间：2013-08-08 到期时间:2014-08-08','NiaoMuNiao','2013-08-08 16:19:19'),
 (1314,'127.0.0.1','新增用户hhh1218,购买套餐：,缴费金额1100,初装费用,开始时间：2013-08-08 到期时间:2014-08-08','NiaoMuNiao','2013-08-08 16:19:19'),
 (1315,'127.0.0.1','新增用户hhh1219,购买套餐：,缴费金额1100,初装费用,开始时间：2013-08-08 到期时间:2014-08-08','NiaoMuNiao','2013-08-08 16:19:19'),
 (1316,'127.0.0.1','新增用户hhh1220,购买套餐：,缴费金额1100,初装费用,开始时间：2013-08-08 到期时间:2014-08-08','NiaoMuNiao','2013-08-08 16:19:20'),
 (1317,'127.0.0.1','新增用户hhh1221,购买套餐：,缴费金额1100,初装费用,开始时间：2013-08-08 到期时间:2014-08-08','NiaoMuNiao','2013-08-08 16:19:20'),
 (1318,'127.0.0.1','新增用户hhh1222,购买套餐：,缴费金额1100,初装费用,开始时间：2013-08-08 到期时间:2014-08-08','NiaoMuNiao','2013-08-08 16:19:20'),
 (1319,'127.0.0.1','新增用户hhh1223,购买套餐：,缴费金额1100,初装费用,开始时间：2013-08-08 到期时间:2014-08-08','NiaoMuNiao','2013-08-08 16:19:20'),
 (1320,'127.0.0.1','新增用户hhh1224,购买套餐：,缴费金额1100,初装费用,开始时间：2013-08-08 到期时间:2014-08-08','NiaoMuNiao','2013-08-08 16:19:20'),
 (1321,'127.0.0.1','新增用户hhh1225,购买套餐：,缴费金额1100,初装费用,开始时间：2013-08-08 到期时间:2014-08-08','NiaoMuNiao','2013-08-08 16:19:20'),
 (1322,'127.0.0.1','新增用户hhh1226,购买套餐：,缴费金额1100,初装费用,开始时间：2013-08-08 到期时间:2014-08-08','NiaoMuNiao','2013-08-08 16:19:20'),
 (1323,'127.0.0.1','新增用户hhh1227,购买套餐：,缴费金额1100,初装费用,开始时间：2013-08-08 到期时间:2014-08-08','NiaoMuNiao','2013-08-08 16:19:20'),
 (1324,'127.0.0.1','新增用户hhh1228,购买套餐：,缴费金额1100,初装费用,开始时间：2013-08-08 到期时间:2014-08-08','NiaoMuNiao','2013-08-08 16:19:20'),
 (1325,'127.0.0.1','新增用户hhh1229,购买套餐：,缴费金额1100,初装费用,开始时间：2013-08-08 到期时间:2014-08-08','NiaoMuNiao','2013-08-08 16:19:20'),
 (1326,'127.0.0.1','新增用户hhh1230,购买套餐：,缴费金额1100,初装费用,开始时间：2013-08-08 到期时间:2014-08-08','NiaoMuNiao','2013-08-08 16:19:20'),
 (1327,'127.0.0.1','新增用户hhh1231,购买套餐：,缴费金额1100,初装费用,开始时间：2013-08-08 到期时间:2014-08-08','NiaoMuNiao','2013-08-08 16:19:20'),
 (1328,'127.0.0.1','新增用户hhh1232,购买套餐：,缴费金额1100,初装费用,开始时间：2013-08-08 到期时间:2014-08-08','NiaoMuNiao','2013-08-08 16:19:20'),
 (1329,'127.0.0.1','新增用户hhh1233,购买套餐：,缴费金额1100,初装费用,开始时间：2013-08-08 到期时间:2014-08-08','NiaoMuNiao','2013-08-08 16:19:20'),
 (1330,'127.0.0.1','新增用户hhh1234,购买套餐：,缴费金额1100,初装费用,开始时间：2013-08-08 到期时间:2014-08-08','NiaoMuNiao','2013-08-08 16:19:20'),
 (1331,'127.0.0.1','新增用户hhh1235,购买套餐：,缴费金额1100,初装费用,开始时间：2013-08-08 到期时间:2014-08-08','NiaoMuNiao','2013-08-08 16:19:20'),
 (1332,'127.0.0.1','新增用户hhh1236,购买套餐：,缴费金额1100,初装费用,开始时间：2013-08-08 到期时间:2014-08-08','NiaoMuNiao','2013-08-08 16:19:20'),
 (1333,'127.0.0.1','新增用户hhh1237,购买套餐：,缴费金额1100,初装费用,开始时间：2013-08-08 到期时间:2014-08-08','NiaoMuNiao','2013-08-08 16:19:20'),
 (1334,'127.0.0.1','新增用户hhh1238,购买套餐：,缴费金额1100,初装费用,开始时间：2013-08-08 到期时间:2014-08-08','NiaoMuNiao','2013-08-08 16:19:20'),
 (1335,'127.0.0.1','新增用户hhh1239,购买套餐：,缴费金额1100,初装费用,开始时间：2013-08-08 到期时间:2014-08-08','NiaoMuNiao','2013-08-08 16:19:20'),
 (1336,'127.0.0.1','新增用户hhh1240,购买套餐：,缴费金额1100,初装费用,开始时间：2013-08-08 到期时间:2014-08-08','NiaoMuNiao','2013-08-08 16:19:20'),
 (1337,'127.0.0.1','新增用户hhh1241,购买套餐：,缴费金额1100,初装费用,开始时间：2013-08-08 到期时间:2014-08-08','NiaoMuNiao','2013-08-08 16:19:21'),
 (1338,'127.0.0.1','新增用户hhh1242,购买套餐：,缴费金额1100,初装费用,开始时间：2013-08-08 到期时间:2014-08-08','NiaoMuNiao','2013-08-08 16:19:21'),
 (1339,'127.0.0.1','新增用户hhh1243,购买套餐：,缴费金额1100,初装费用,开始时间：2013-08-08 到期时间:2014-08-08','NiaoMuNiao','2013-08-08 16:19:21'),
 (1340,'127.0.0.1','新增用户hhh1244,购买套餐：,缴费金额1100,初装费用,开始时间：2013-08-08 到期时间:2014-08-08','NiaoMuNiao','2013-08-08 16:19:21'),
 (1341,'127.0.0.1','新增用户hhh1245,购买套餐：,缴费金额1100,初装费用,开始时间：2013-08-08 到期时间:2014-08-08','NiaoMuNiao','2013-08-08 16:19:21'),
 (1342,'127.0.0.1','新增用户hhh1246,购买套餐：,缴费金额1100,初装费用,开始时间：2013-08-08 到期时间:2014-08-08','NiaoMuNiao','2013-08-08 16:19:21'),
 (1343,'127.0.0.1','新增用户hhh1247,购买套餐：,缴费金额1100,初装费用,开始时间：2013-08-08 到期时间:2014-08-08','NiaoMuNiao','2013-08-08 16:19:21'),
 (1344,'127.0.0.1','新增用户hhh1248,购买套餐：,缴费金额1100,初装费用,开始时间：2013-08-08 到期时间:2014-08-08','NiaoMuNiao','2013-08-08 16:19:21'),
 (1345,'127.0.0.1','新增用户hhh1249,购买套餐：,缴费金额1100,初装费用,开始时间：2013-08-08 到期时间:2014-08-08','NiaoMuNiao','2013-08-08 16:19:21'),
 (1346,'127.0.0.1','新增用户hhh1250,购买套餐：,缴费金额1100,初装费用,开始时间：2013-08-08 到期时间:2014-08-08','NiaoMuNiao','2013-08-08 16:19:21'),
 (1347,'127.0.0.1','新增用户hhh1251,购买套餐：,缴费金额1100,初装费用,开始时间：2013-08-08 到期时间:2014-08-08','NiaoMuNiao','2013-08-08 16:19:21'),
 (1348,'127.0.0.1','新增用户hhh1252,购买套餐：,缴费金额1100,初装费用,开始时间：2013-08-08 到期时间:2014-08-08','NiaoMuNiao','2013-08-08 16:19:21'),
 (1349,'127.0.0.1','新增用户hhh1253,购买套餐：,缴费金额1100,初装费用,开始时间：2013-08-08 到期时间:2014-08-08','NiaoMuNiao','2013-08-08 16:19:21'),
 (1350,'127.0.0.1','新增用户hhh1254,购买套餐：,缴费金额1100,初装费用,开始时间：2013-08-08 到期时间:2014-08-08','NiaoMuNiao','2013-08-08 16:19:21'),
 (1351,'127.0.0.1','新增用户hhh1255,购买套餐：,缴费金额1100,初装费用,开始时间：2013-08-08 到期时间:2014-08-08','NiaoMuNiao','2013-08-08 16:19:21'),
 (1352,'127.0.0.1','新增用户hhh1256,购买套餐：,缴费金额1100,初装费用,开始时间：2013-08-08 到期时间:2014-08-08','NiaoMuNiao','2013-08-08 16:19:21'),
 (1353,'127.0.0.1','新增用户hhh1257,购买套餐：,缴费金额1100,初装费用,开始时间：2013-08-08 到期时间:2014-08-08','NiaoMuNiao','2013-08-08 16:19:21'),
 (1354,'127.0.0.1','新增用户hhh1258,购买套餐：,缴费金额1100,初装费用,开始时间：2013-08-08 到期时间:2014-08-08','NiaoMuNiao','2013-08-08 16:19:21'),
 (1355,'127.0.0.1','新增用户hhh1259,购买套餐：,缴费金额1100,初装费用,开始时间：2013-08-08 到期时间:2014-08-08','NiaoMuNiao','2013-08-08 16:19:21'),
 (1356,'127.0.0.1','新增用户hhh1260,购买套餐：,缴费金额1100,初装费用,开始时间：2013-08-08 到期时间:2014-08-08','NiaoMuNiao','2013-08-08 16:19:22'),
 (1357,'127.0.0.1','新增用户hhh1261,购买套餐：,缴费金额1100,初装费用,开始时间：2013-08-08 到期时间:2014-08-08','NiaoMuNiao','2013-08-08 16:19:22'),
 (1358,'127.0.0.1','新增用户hhh1262,购买套餐：,缴费金额1100,初装费用,开始时间：2013-08-08 到期时间:2014-08-08','NiaoMuNiao','2013-08-08 16:19:22'),
 (1359,'127.0.0.1','新增用户hhh1263,购买套餐：,缴费金额1100,初装费用,开始时间：2013-08-08 到期时间:2014-08-08','NiaoMuNiao','2013-08-08 16:19:22'),
 (1360,'127.0.0.1','新增用户hhh1264,购买套餐：,缴费金额1100,初装费用,开始时间：2013-08-08 到期时间:2014-08-08','NiaoMuNiao','2013-08-08 16:19:22'),
 (1361,'127.0.0.1','新增用户hhh1265,购买套餐：,缴费金额1100,初装费用,开始时间：2013-08-08 到期时间:2014-08-08','NiaoMuNiao','2013-08-08 16:19:22'),
 (1362,'127.0.0.1','新增用户hhh1266,购买套餐：,缴费金额1100,初装费用,开始时间：2013-08-08 到期时间:2014-08-08','NiaoMuNiao','2013-08-08 16:19:22'),
 (1363,'127.0.0.1','新增用户hhh1267,购买套餐：,缴费金额1100,初装费用,开始时间：2013-08-08 到期时间:2014-08-08','NiaoMuNiao','2013-08-08 16:19:22'),
 (1364,'127.0.0.1','新增用户hhh1268,购买套餐：,缴费金额1100,初装费用,开始时间：2013-08-08 到期时间:2014-08-08','NiaoMuNiao','2013-08-08 16:19:22'),
 (1365,'127.0.0.1','新增用户hhh1269,购买套餐：,缴费金额1100,初装费用,开始时间：2013-08-08 到期时间:2014-08-08','NiaoMuNiao','2013-08-08 16:19:22'),
 (1366,'127.0.0.1','新增用户hhh1270,购买套餐：,缴费金额1100,初装费用,开始时间：2013-08-08 到期时间:2014-08-08','NiaoMuNiao','2013-08-08 16:19:22'),
 (1367,'127.0.0.1','新增用户hhh1271,购买套餐：,缴费金额1100,初装费用,开始时间：2013-08-08 到期时间:2014-08-08','NiaoMuNiao','2013-08-08 16:19:22'),
 (1368,'127.0.0.1','新增用户hhh1272,购买套餐：,缴费金额1100,初装费用,开始时间：2013-08-08 到期时间:2014-08-08','NiaoMuNiao','2013-08-08 16:19:22'),
 (1369,'127.0.0.1','新增用户hhh1273,购买套餐：,缴费金额1100,初装费用,开始时间：2013-08-08 到期时间:2014-08-08','NiaoMuNiao','2013-08-08 16:19:22'),
 (1370,'127.0.0.1','新增用户hhh1274,购买套餐：,缴费金额1100,初装费用,开始时间：2013-08-08 到期时间:2014-08-08','NiaoMuNiao','2013-08-08 16:19:22'),
 (1371,'127.0.0.1','新增用户hhh1275,购买套餐：,缴费金额1100,初装费用,开始时间：2013-08-08 到期时间:2014-08-08','NiaoMuNiao','2013-08-08 16:19:22'),
 (1372,'127.0.0.1','新增用户hhh1276,购买套餐：,缴费金额1100,初装费用,开始时间：2013-08-08 到期时间:2014-08-08','NiaoMuNiao','2013-08-08 16:19:22'),
 (1373,'127.0.0.1','新增用户hhh1277,购买套餐：,缴费金额1100,初装费用,开始时间：2013-08-08 到期时间:2014-08-08','NiaoMuNiao','2013-08-08 16:19:22'),
 (1374,'127.0.0.1','新增用户hhh1278,购买套餐：,缴费金额1100,初装费用,开始时间：2013-08-08 到期时间:2014-08-08','NiaoMuNiao','2013-08-08 16:19:22'),
 (1375,'127.0.0.1','新增用户hhh1279,购买套餐：,缴费金额1100,初装费用,开始时间：2013-08-08 到期时间:2014-08-08','NiaoMuNiao','2013-08-08 16:19:22'),
 (1376,'127.0.0.1','新增用户hhh1280,购买套餐：,缴费金额1100,初装费用,开始时间：2013-08-08 到期时间:2014-08-08','NiaoMuNiao','2013-08-08 16:19:22'),
 (1377,'127.0.0.1','新增用户hhh1281,购买套餐：,缴费金额1100,初装费用,开始时间：2013-08-08 到期时间:2014-08-08','NiaoMuNiao','2013-08-08 16:19:23'),
 (1378,'127.0.0.1','新增用户hhh1282,购买套餐：,缴费金额1100,初装费用,开始时间：2013-08-08 到期时间:2014-08-08','NiaoMuNiao','2013-08-08 16:19:23'),
 (1379,'127.0.0.1','新增用户hhh1283,购买套餐：,缴费金额1100,初装费用,开始时间：2013-08-08 到期时间:2014-08-08','NiaoMuNiao','2013-08-08 16:19:23'),
 (1380,'127.0.0.1','新增用户hhh1284,购买套餐：,缴费金额1100,初装费用,开始时间：2013-08-08 到期时间:2014-08-08','NiaoMuNiao','2013-08-08 16:19:23'),
 (1381,'127.0.0.1','新增用户hhh1285,购买套餐：,缴费金额1100,初装费用,开始时间：2013-08-08 到期时间:2014-08-08','NiaoMuNiao','2013-08-08 16:19:23'),
 (1382,'127.0.0.1','新增用户hhh1286,购买套餐：,缴费金额1100,初装费用,开始时间：2013-08-08 到期时间:2014-08-08','NiaoMuNiao','2013-08-08 16:19:23'),
 (1383,'127.0.0.1','新增用户hhh1287,购买套餐：,缴费金额1100,初装费用,开始时间：2013-08-08 到期时间:2014-08-08','NiaoMuNiao','2013-08-08 16:19:23'),
 (1384,'127.0.0.1','新增用户hhh1288,购买套餐：,缴费金额1100,初装费用,开始时间：2013-08-08 到期时间:2014-08-08','NiaoMuNiao','2013-08-08 16:19:23'),
 (1385,'127.0.0.1','新增用户hhh1289,购买套餐：,缴费金额1100,初装费用,开始时间：2013-08-08 到期时间:2014-08-08','NiaoMuNiao','2013-08-08 16:19:23'),
 (1386,'127.0.0.1','新增用户hhh1290,购买套餐：,缴费金额1100,初装费用,开始时间：2013-08-08 到期时间:2014-08-08','NiaoMuNiao','2013-08-08 16:19:23'),
 (1387,'127.0.0.1','新增用户hhh1291,购买套餐：,缴费金额1100,初装费用,开始时间：2013-08-08 到期时间:2014-08-08','NiaoMuNiao','2013-08-08 16:19:23'),
 (1388,'127.0.0.1','新增用户hhh1292,购买套餐：,缴费金额1100,初装费用,开始时间：2013-08-08 到期时间:2014-08-08','NiaoMuNiao','2013-08-08 16:19:23'),
 (1389,'127.0.0.1','新增用户hhh1293,购买套餐：,缴费金额1100,初装费用,开始时间：2013-08-08 到期时间:2014-08-08','NiaoMuNiao','2013-08-08 16:19:23'),
 (1390,'127.0.0.1','新增用户hhh1294,购买套餐：,缴费金额1100,初装费用,开始时间：2013-08-08 到期时间:2014-08-08','NiaoMuNiao','2013-08-08 16:19:23'),
 (1391,'127.0.0.1','新增用户hhh1295,购买套餐：,缴费金额1100,初装费用,开始时间：2013-08-08 到期时间:2014-08-08','NiaoMuNiao','2013-08-08 16:19:23'),
 (1392,'127.0.0.1','新增用户hhh1296,购买套餐：,缴费金额1100,初装费用,开始时间：2013-08-08 到期时间:2014-08-08','NiaoMuNiao','2013-08-08 16:19:23'),
 (1393,'127.0.0.1','新增用户hhh1297,购买套餐：,缴费金额1100,初装费用,开始时间：2013-08-08 到期时间:2014-08-08','NiaoMuNiao','2013-08-08 16:19:23'),
 (1394,'127.0.0.1','新增用户hhh1298,购买套餐：,缴费金额1100,初装费用,开始时间：2013-08-08 到期时间:2014-08-08','NiaoMuNiao','2013-08-08 16:19:23'),
 (1395,'127.0.0.1','新增用户hhh1299,购买套餐：,缴费金额1100,初装费用,开始时间：2013-08-08 到期时间:2014-08-08','NiaoMuNiao','2013-08-08 16:19:23'),
 (1396,'127.0.0.1','新增用户hhh1300,购买套餐：,缴费金额1100,初装费用,开始时间：2013-08-08 到期时间:2014-08-08','NiaoMuNiao','2013-08-08 16:19:23'),
 (1397,'127.0.0.1','新增用户hhh1301,购买套餐：,缴费金额1100,初装费用,开始时间：2013-08-08 到期时间:2014-08-08','NiaoMuNiao','2013-08-08 16:19:24'),
 (1398,'127.0.0.1','新增用户hhh1302,购买套餐：,缴费金额1100,初装费用,开始时间：2013-08-08 到期时间:2014-08-08','NiaoMuNiao','2013-08-08 16:19:24'),
 (1399,'127.0.0.1','新增用户hhh1303,购买套餐：,缴费金额1100,初装费用,开始时间：2013-08-08 到期时间:2014-08-08','NiaoMuNiao','2013-08-08 16:19:24'),
 (1400,'127.0.0.1','新增用户hhh1304,购买套餐：,缴费金额1100,初装费用,开始时间：2013-08-08 到期时间:2014-08-08','NiaoMuNiao','2013-08-08 16:19:24'),
 (1401,'127.0.0.1','新增用户hhh1305,购买套餐：,缴费金额1100,初装费用,开始时间：2013-08-08 到期时间:2014-08-08','NiaoMuNiao','2013-08-08 16:19:24'),
 (1402,'127.0.0.1','新增用户hhh1306,购买套餐：,缴费金额1100,初装费用,开始时间：2013-08-08 到期时间:2014-08-08','NiaoMuNiao','2013-08-08 16:19:24'),
 (1403,'127.0.0.1','新增用户hhh1307,购买套餐：,缴费金额1100,初装费用,开始时间：2013-08-08 到期时间:2014-08-08','NiaoMuNiao','2013-08-08 16:19:24'),
 (1404,'127.0.0.1','新增用户hhh1308,购买套餐：,缴费金额1100,初装费用,开始时间：2013-08-08 到期时间:2014-08-08','NiaoMuNiao','2013-08-08 16:19:24'),
 (1405,'127.0.0.1','新增用户hhh1309,购买套餐：,缴费金额1100,初装费用,开始时间：2013-08-08 到期时间:2014-08-08','NiaoMuNiao','2013-08-08 16:19:24'),
 (1406,'127.0.0.1','新增用户hhh1310,购买套餐：,缴费金额1100,初装费用,开始时间：2013-08-08 到期时间:2014-08-08','NiaoMuNiao','2013-08-08 16:19:24'),
 (1407,'127.0.0.1','新增用户hhh1311,购买套餐：,缴费金额1100,初装费用,开始时间：2013-08-08 到期时间:2014-08-08','NiaoMuNiao','2013-08-08 16:19:24'),
 (1408,'127.0.0.1','新增用户hhh1312,购买套餐：,缴费金额1100,初装费用,开始时间：2013-08-08 到期时间:2014-08-08','NiaoMuNiao','2013-08-08 16:19:24'),
 (1409,'127.0.0.1','新增用户hhh1313,购买套餐：,缴费金额1100,初装费用,开始时间：2013-08-08 到期时间:2014-08-08','NiaoMuNiao','2013-08-08 16:19:24'),
 (1410,'127.0.0.1','新增用户hhh1314,购买套餐：,缴费金额1100,初装费用,开始时间：2013-08-08 到期时间:2014-08-08','NiaoMuNiao','2013-08-08 16:19:24');
INSERT INTO `fly_sys_log` (`id`,`ipaddr`,`content`,`editor`,`adddatetime`) VALUES 
 (1411,'127.0.0.1','新增用户hhh1315,购买套餐：,缴费金额1100,初装费用,开始时间：2013-08-08 到期时间:2014-08-08','NiaoMuNiao','2013-08-08 16:19:24'),
 (1412,'127.0.0.1','新增用户hhh1316,购买套餐：,缴费金额1100,初装费用,开始时间：2013-08-08 到期时间:2014-08-08','NiaoMuNiao','2013-08-08 16:19:24'),
 (1413,'127.0.0.1','新增用户hhh1317,购买套餐：,缴费金额1100,初装费用,开始时间：2013-08-08 到期时间:2014-08-08','NiaoMuNiao','2013-08-08 16:19:24'),
 (1414,'127.0.0.1','新增用户hhh1318,购买套餐：,缴费金额1100,初装费用,开始时间：2013-08-08 到期时间:2014-08-08','NiaoMuNiao','2013-08-08 16:19:25'),
 (1415,'127.0.0.1','新增用户hhh1319,购买套餐：,缴费金额1100,初装费用,开始时间：2013-08-08 到期时间:2014-08-08','NiaoMuNiao','2013-08-08 16:19:25'),
 (1416,'127.0.0.1','新增用户hhh1320,购买套餐：,缴费金额1100,初装费用,开始时间：2013-08-08 到期时间:2014-08-08','NiaoMuNiao','2013-08-08 16:19:25'),
 (1417,'127.0.0.1','新增用户hhh1321,购买套餐：,缴费金额1100,初装费用,开始时间：2013-08-08 到期时间:2014-08-08','NiaoMuNiao','2013-08-08 16:19:25'),
 (1418,'127.0.0.1','新增用户hhh1322,购买套餐：,缴费金额1100,初装费用,开始时间：2013-08-08 到期时间:2014-08-08','NiaoMuNiao','2013-08-08 16:19:25'),
 (1419,'127.0.0.1','新增用户hhh1323,购买套餐：,缴费金额1100,初装费用,开始时间：2013-08-08 到期时间:2014-08-08','NiaoMuNiao','2013-08-08 16:19:25'),
 (1420,'127.0.0.1','新增用户hhh1324,购买套餐：,缴费金额1100,初装费用,开始时间：2013-08-08 到期时间:2014-08-08','NiaoMuNiao','2013-08-08 16:19:25'),
 (1421,'127.0.0.1','新增用户hhh1325,购买套餐：,缴费金额1100,初装费用,开始时间：2013-08-08 到期时间:2014-08-08','NiaoMuNiao','2013-08-08 16:19:25'),
 (1422,'127.0.0.1','新增用户hhh1326,购买套餐：,缴费金额1100,初装费用,开始时间：2013-08-08 到期时间:2014-08-08','NiaoMuNiao','2013-08-08 16:19:25'),
 (1423,'127.0.0.1','新增用户hhh1327,购买套餐：,缴费金额1100,初装费用,开始时间：2013-08-08 到期时间:2014-08-08','NiaoMuNiao','2013-08-08 16:19:25'),
 (1424,'127.0.0.1','新增用户hhh1328,购买套餐：,缴费金额1100,初装费用,开始时间：2013-08-08 到期时间:2014-08-08','NiaoMuNiao','2013-08-08 16:19:25'),
 (1425,'127.0.0.1','新增用户hhh1329,购买套餐：,缴费金额1100,初装费用,开始时间：2013-08-08 到期时间:2014-08-08','NiaoMuNiao','2013-08-08 16:19:25'),
 (1426,'127.0.0.1','新增用户hhh1330,购买套餐：,缴费金额1100,初装费用,开始时间：2013-08-08 到期时间:2014-08-08','NiaoMuNiao','2013-08-08 16:19:25'),
 (1427,'127.0.0.1','新增用户hhh1331,购买套餐：,缴费金额1100,初装费用,开始时间：2013-08-08 到期时间:2014-08-08','NiaoMuNiao','2013-08-08 16:19:25'),
 (1428,'127.0.0.1','新增用户hhh1332,购买套餐：,缴费金额1100,初装费用,开始时间：2013-08-08 到期时间:2014-08-08','NiaoMuNiao','2013-08-08 16:19:25'),
 (1429,'127.0.0.1','新增用户hhh1333,购买套餐：,缴费金额1100,初装费用,开始时间：2013-08-08 到期时间:2014-08-08','NiaoMuNiao','2013-08-08 16:19:25'),
 (1430,'127.0.0.1','新增用户hhh1334,购买套餐：,缴费金额1100,初装费用,开始时间：2013-08-08 到期时间:2014-08-08','NiaoMuNiao','2013-08-08 16:19:26'),
 (1431,'127.0.0.1','新增用户hhh1335,购买套餐：,缴费金额1100,初装费用,开始时间：2013-08-08 到期时间:2014-08-08','NiaoMuNiao','2013-08-08 16:19:26'),
 (1432,'127.0.0.1','新增用户hhh1336,购买套餐：,缴费金额1100,初装费用,开始时间：2013-08-08 到期时间:2014-08-08','NiaoMuNiao','2013-08-08 16:19:26'),
 (1433,'127.0.0.1','新增用户hhh1337,购买套餐：,缴费金额1100,初装费用,开始时间：2013-08-08 到期时间:2014-08-08','NiaoMuNiao','2013-08-08 16:19:26'),
 (1434,'127.0.0.1','新增用户hhh1338,购买套餐：,缴费金额1100,初装费用,开始时间：2013-08-08 到期时间:2014-08-08','NiaoMuNiao','2013-08-08 16:19:26'),
 (1435,'127.0.0.1','新增用户hhh1339,购买套餐：,缴费金额1100,初装费用,开始时间：2013-08-08 到期时间:2014-08-08','NiaoMuNiao','2013-08-08 16:19:26'),
 (1436,'127.0.0.1','新增用户hhh1340,购买套餐：,缴费金额1100,初装费用,开始时间：2013-08-08 到期时间:2014-08-08','NiaoMuNiao','2013-08-08 16:19:26'),
 (1437,'127.0.0.1','新增用户hhh1341,购买套餐：,缴费金额1100,初装费用,开始时间：2013-08-08 到期时间:2014-08-08','NiaoMuNiao','2013-08-08 16:19:26'),
 (1438,'127.0.0.1','新增用户hhh1342,购买套餐：,缴费金额1100,初装费用,开始时间：2013-08-08 到期时间:2014-08-08','NiaoMuNiao','2013-08-08 16:19:26'),
 (1439,'127.0.0.1','新增用户hhh1343,购买套餐：,缴费金额1100,初装费用,开始时间：2013-08-08 到期时间:2014-08-08','NiaoMuNiao','2013-08-08 16:19:26'),
 (1440,'127.0.0.1','新增用户hhh1344,购买套餐：,缴费金额1100,初装费用,开始时间：2013-08-08 到期时间:2014-08-08','NiaoMuNiao','2013-08-08 16:19:26'),
 (1441,'127.0.0.1','新增用户hhh1345,购买套餐：,缴费金额1100,初装费用,开始时间：2013-08-08 到期时间:2014-08-08','NiaoMuNiao','2013-08-08 16:19:26'),
 (1442,'127.0.0.1','新增用户hhh1346,购买套餐：,缴费金额1100,初装费用,开始时间：2013-08-08 到期时间:2014-08-08','NiaoMuNiao','2013-08-08 16:19:26'),
 (1443,'127.0.0.1','新增用户hhh1347,购买套餐：,缴费金额1100,初装费用,开始时间：2013-08-08 到期时间:2014-08-08','NiaoMuNiao','2013-08-08 16:19:26'),
 (1444,'127.0.0.1','新增用户hhh1348,购买套餐：,缴费金额1100,初装费用,开始时间：2013-08-08 到期时间:2014-08-08','NiaoMuNiao','2013-08-08 16:19:26'),
 (1445,'127.0.0.1','新增用户hhh1349,购买套餐：,缴费金额1100,初装费用,开始时间：2013-08-08 到期时间:2014-08-08','NiaoMuNiao','2013-08-08 16:19:26'),
 (1446,'127.0.0.1','新增用户hhh1350,购买套餐：,缴费金额1100,初装费用,开始时间：2013-08-08 到期时间:2014-08-08','NiaoMuNiao','2013-08-08 16:19:26'),
 (1447,'127.0.0.1','新增用户hhh1351,购买套餐：,缴费金额1100,初装费用,开始时间：2013-08-08 到期时间:2014-08-08','NiaoMuNiao','2013-08-08 16:19:26'),
 (1448,'127.0.0.1','新增用户hhh1352,购买套餐：,缴费金额1100,初装费用,开始时间：2013-08-08 到期时间:2014-08-08','NiaoMuNiao','2013-08-08 16:19:26'),
 (1449,'127.0.0.1','新增用户hhh1353,购买套餐：,缴费金额1100,初装费用,开始时间：2013-08-08 到期时间:2014-08-08','NiaoMuNiao','2013-08-08 16:19:27'),
 (1450,'127.0.0.1','新增用户hhh1354,购买套餐：,缴费金额1100,初装费用,开始时间：2013-08-08 到期时间:2014-08-08','NiaoMuNiao','2013-08-08 16:19:27'),
 (1451,'127.0.0.1','新增用户hhh1355,购买套餐：,缴费金额1100,初装费用,开始时间：2013-08-08 到期时间:2014-08-08','NiaoMuNiao','2013-08-08 16:19:27'),
 (1452,'127.0.0.1','新增用户hhh1356,购买套餐：,缴费金额1100,初装费用,开始时间：2013-08-08 到期时间:2014-08-08','NiaoMuNiao','2013-08-08 16:19:27'),
 (1453,'127.0.0.1','新增用户hhh1357,购买套餐：,缴费金额1100,初装费用,开始时间：2013-08-08 到期时间:2014-08-08','NiaoMuNiao','2013-08-08 16:19:27'),
 (1454,'127.0.0.1','新增用户hhh1358,购买套餐：,缴费金额1100,初装费用,开始时间：2013-08-08 到期时间:2014-08-08','NiaoMuNiao','2013-08-08 16:19:27'),
 (1455,'127.0.0.1','新增用户hhh1359,购买套餐：,缴费金额1100,初装费用,开始时间：2013-08-08 到期时间:2014-08-08','NiaoMuNiao','2013-08-08 16:19:27'),
 (1456,'127.0.0.1','新增用户hhh1360,购买套餐：,缴费金额1100,初装费用,开始时间：2013-08-08 到期时间:2014-08-08','NiaoMuNiao','2013-08-08 16:19:27'),
 (1457,'127.0.0.1','新增用户hhh1361,购买套餐：,缴费金额1100,初装费用,开始时间：2013-08-08 到期时间:2014-08-08','NiaoMuNiao','2013-08-08 16:19:27'),
 (1458,'127.0.0.1','新增用户hhh1362,购买套餐：,缴费金额1100,初装费用,开始时间：2013-08-08 到期时间:2014-08-08','NiaoMuNiao','2013-08-08 16:19:27'),
 (1459,'127.0.0.1','新增用户hhh1363,购买套餐：,缴费金额1100,初装费用,开始时间：2013-08-08 到期时间:2014-08-08','NiaoMuNiao','2013-08-08 16:19:27'),
 (1460,'127.0.0.1','新增用户hhh1364,购买套餐：,缴费金额1100,初装费用,开始时间：2013-08-08 到期时间:2014-08-08','NiaoMuNiao','2013-08-08 16:19:27'),
 (1461,'127.0.0.1','新增用户hhh1365,购买套餐：,缴费金额1100,初装费用,开始时间：2013-08-08 到期时间:2014-08-08','NiaoMuNiao','2013-08-08 16:19:27'),
 (1462,'127.0.0.1','新增用户hhh1366,购买套餐：,缴费金额1100,初装费用,开始时间：2013-08-08 到期时间:2014-08-08','NiaoMuNiao','2013-08-08 16:19:27'),
 (1463,'127.0.0.1','新增用户hhh1367,购买套餐：,缴费金额1100,初装费用,开始时间：2013-08-08 到期时间:2014-08-08','NiaoMuNiao','2013-08-08 16:19:27'),
 (1464,'127.0.0.1','新增用户hhh1368,购买套餐：,缴费金额1100,初装费用,开始时间：2013-08-08 到期时间:2014-08-08','NiaoMuNiao','2013-08-08 16:19:27'),
 (1465,'127.0.0.1','新增用户hhh1369,购买套餐：,缴费金额1100,初装费用,开始时间：2013-08-08 到期时间:2014-08-08','NiaoMuNiao','2013-08-08 16:19:27'),
 (1466,'127.0.0.1','新增用户hhh1370,购买套餐：,缴费金额1100,初装费用,开始时间：2013-08-08 到期时间:2014-08-08','NiaoMuNiao','2013-08-08 16:19:27'),
 (1467,'127.0.0.1','新增用户hhh1371,购买套餐：,缴费金额1100,初装费用,开始时间：2013-08-08 到期时间:2014-08-08','NiaoMuNiao','2013-08-08 16:19:27'),
 (1468,'127.0.0.1','新增用户hhh1372,购买套餐：,缴费金额1100,初装费用,开始时间：2013-08-08 到期时间:2014-08-08','NiaoMuNiao','2013-08-08 16:19:28'),
 (1469,'127.0.0.1','新增用户hhh1373,购买套餐：,缴费金额1100,初装费用,开始时间：2013-08-08 到期时间:2014-08-08','NiaoMuNiao','2013-08-08 16:19:28'),
 (1470,'127.0.0.1','新增用户hhh1374,购买套餐：,缴费金额1100,初装费用,开始时间：2013-08-08 到期时间:2014-08-08','NiaoMuNiao','2013-08-08 16:19:28'),
 (1471,'127.0.0.1','新增用户hhh1375,购买套餐：,缴费金额1100,初装费用,开始时间：2013-08-08 到期时间:2014-08-08','NiaoMuNiao','2013-08-08 16:19:28'),
 (1472,'127.0.0.1','新增用户hhh1376,购买套餐：,缴费金额1100,初装费用,开始时间：2013-08-08 到期时间:2014-08-08','NiaoMuNiao','2013-08-08 16:19:28'),
 (1473,'127.0.0.1','新增用户hhh1377,购买套餐：,缴费金额1100,初装费用,开始时间：2013-08-08 到期时间:2014-08-08','NiaoMuNiao','2013-08-08 16:19:28'),
 (1474,'127.0.0.1','新增用户hhh1378,购买套餐：,缴费金额1100,初装费用,开始时间：2013-08-08 到期时间:2014-08-08','NiaoMuNiao','2013-08-08 16:19:28'),
 (1475,'127.0.0.1','新增用户hhh1379,购买套餐：,缴费金额1100,初装费用,开始时间：2013-08-08 到期时间:2014-08-08','NiaoMuNiao','2013-08-08 16:19:28'),
 (1476,'127.0.0.1','新增用户hhh1380,购买套餐：,缴费金额1100,初装费用,开始时间：2013-08-08 到期时间:2014-08-08','NiaoMuNiao','2013-08-08 16:19:28'),
 (1477,'127.0.0.1','新增用户hhh1381,购买套餐：,缴费金额1100,初装费用,开始时间：2013-08-08 到期时间:2014-08-08','NiaoMuNiao','2013-08-08 16:19:28'),
 (1478,'127.0.0.1','新增用户hhh1382,购买套餐：,缴费金额1100,初装费用,开始时间：2013-08-08 到期时间:2014-08-08','NiaoMuNiao','2013-08-08 16:19:28'),
 (1479,'127.0.0.1','新增用户hhh1383,购买套餐：,缴费金额1100,初装费用,开始时间：2013-08-08 到期时间:2014-08-08','NiaoMuNiao','2013-08-08 16:19:28'),
 (1480,'127.0.0.1','新增用户hhh1384,购买套餐：,缴费金额1100,初装费用,开始时间：2013-08-08 到期时间:2014-08-08','NiaoMuNiao','2013-08-08 16:19:28'),
 (1481,'127.0.0.1','新增用户hhh1385,购买套餐：,缴费金额1100,初装费用,开始时间：2013-08-08 到期时间:2014-08-08','NiaoMuNiao','2013-08-08 16:19:28'),
 (1482,'127.0.0.1','新增用户hhh1386,购买套餐：,缴费金额1100,初装费用,开始时间：2013-08-08 到期时间:2014-08-08','NiaoMuNiao','2013-08-08 16:19:28'),
 (1483,'127.0.0.1','新增用户hhh1387,购买套餐：,缴费金额1100,初装费用,开始时间：2013-08-08 到期时间:2014-08-08','NiaoMuNiao','2013-08-08 16:19:28'),
 (1484,'127.0.0.1','新增用户hhh1388,购买套餐：,缴费金额1100,初装费用,开始时间：2013-08-08 到期时间:2014-08-08','NiaoMuNiao','2013-08-08 16:19:28'),
 (1485,'127.0.0.1','新增用户hhh1389,购买套餐：,缴费金额1100,初装费用,开始时间：2013-08-08 到期时间:2014-08-08','NiaoMuNiao','2013-08-08 16:19:28'),
 (1486,'127.0.0.1','新增用户hhh1390,购买套餐：,缴费金额1100,初装费用,开始时间：2013-08-08 到期时间:2014-08-08','NiaoMuNiao','2013-08-08 16:19:28'),
 (1487,'127.0.0.1','新增用户hhh1391,购买套餐：,缴费金额1100,初装费用,开始时间：2013-08-08 到期时间:2014-08-08','NiaoMuNiao','2013-08-08 16:19:28'),
 (1488,'127.0.0.1','新增用户hhh1392,购买套餐：,缴费金额1100,初装费用,开始时间：2013-08-08 到期时间:2014-08-08','NiaoMuNiao','2013-08-08 16:19:29'),
 (1489,'127.0.0.1','新增用户hhh1393,购买套餐：,缴费金额1100,初装费用,开始时间：2013-08-08 到期时间:2014-08-08','NiaoMuNiao','2013-08-08 16:19:29'),
 (1490,'127.0.0.1','新增用户hhh1394,购买套餐：,缴费金额1100,初装费用,开始时间：2013-08-08 到期时间:2014-08-08','NiaoMuNiao','2013-08-08 16:19:29'),
 (1491,'127.0.0.1','新增用户hhh1395,购买套餐：,缴费金额1100,初装费用,开始时间：2013-08-08 到期时间:2014-08-08','NiaoMuNiao','2013-08-08 16:19:29'),
 (1492,'127.0.0.1','新增用户hhh1396,购买套餐：,缴费金额1100,初装费用,开始时间：2013-08-08 到期时间:2014-08-08','NiaoMuNiao','2013-08-08 16:19:29'),
 (1493,'127.0.0.1','新增用户hhh1397,购买套餐：,缴费金额1100,初装费用,开始时间：2013-08-08 到期时间:2014-08-08','NiaoMuNiao','2013-08-08 16:19:29'),
 (1494,'127.0.0.1','新增用户hhh1398,购买套餐：,缴费金额1100,初装费用,开始时间：2013-08-08 到期时间:2014-08-08','NiaoMuNiao','2013-08-08 16:19:29'),
 (1495,'127.0.0.1','新增用户hhh1399,购买套餐：,缴费金额1100,初装费用,开始时间：2013-08-08 到期时间:2014-08-08','NiaoMuNiao','2013-08-08 16:19:29'),
 (1496,'127.0.0.1','新增用户hhh1400,购买套餐：,缴费金额1100,初装费用,开始时间：2013-08-08 到期时间:2014-08-08','NiaoMuNiao','2013-08-08 16:19:29'),
 (1497,'127.0.0.1','新增用户hhh1401,购买套餐：,缴费金额1100,初装费用,开始时间：2013-08-08 到期时间:2014-08-08','NiaoMuNiao','2013-08-08 16:19:29'),
 (1498,'127.0.0.1','新增用户hhh1402,购买套餐：,缴费金额1100,初装费用,开始时间：2013-08-08 到期时间:2014-08-08','NiaoMuNiao','2013-08-08 16:19:29'),
 (1499,'127.0.0.1','新增用户hhh1403,购买套餐：,缴费金额1100,初装费用,开始时间：2013-08-08 到期时间:2014-08-08','NiaoMuNiao','2013-08-08 16:19:29'),
 (1500,'127.0.0.1','新增用户hhh1404,购买套餐：,缴费金额1100,初装费用,开始时间：2013-08-08 到期时间:2014-08-08','NiaoMuNiao','2013-08-08 16:19:29'),
 (1501,'127.0.0.1','新增用户hhh1405,购买套餐：,缴费金额1100,初装费用,开始时间：2013-08-08 到期时间:2014-08-08','NiaoMuNiao','2013-08-08 16:19:29'),
 (1502,'127.0.0.1','新增用户hhh1406,购买套餐：,缴费金额1100,初装费用,开始时间：2013-08-08 到期时间:2014-08-08','NiaoMuNiao','2013-08-08 16:19:29'),
 (1503,'127.0.0.1','新增用户hhh1407,购买套餐：,缴费金额1100,初装费用,开始时间：2013-08-08 到期时间:2014-08-08','NiaoMuNiao','2013-08-08 16:19:29'),
 (1504,'127.0.0.1','新增用户hhh1408,购买套餐：,缴费金额1100,初装费用,开始时间：2013-08-08 到期时间:2014-08-08','NiaoMuNiao','2013-08-08 16:19:29'),
 (1505,'127.0.0.1','新增用户hhh1409,购买套餐：,缴费金额1100,初装费用,开始时间：2013-08-08 到期时间:2014-08-08','NiaoMuNiao','2013-08-08 16:19:29'),
 (1506,'127.0.0.1','新增用户hhh1410,购买套餐：,缴费金额1100,初装费用,开始时间：2013-08-08 到期时间:2014-08-08','NiaoMuNiao','2013-08-08 16:19:30'),
 (1507,'127.0.0.1','新增用户hhh1411,购买套餐：,缴费金额1100,初装费用,开始时间：2013-08-08 到期时间:2014-08-08','NiaoMuNiao','2013-08-08 16:19:30'),
 (1508,'127.0.0.1','新增用户hhh1412,购买套餐：,缴费金额1100,初装费用,开始时间：2013-08-08 到期时间:2014-08-08','NiaoMuNiao','2013-08-08 16:19:30'),
 (1509,'127.0.0.1','新增用户hhh1413,购买套餐：,缴费金额1100,初装费用,开始时间：2013-08-08 到期时间:2014-08-08','NiaoMuNiao','2013-08-08 16:19:30'),
 (1510,'127.0.0.1','新增用户hhh1414,购买套餐：,缴费金额1100,初装费用,开始时间：2013-08-08 到期时间:2014-08-08','NiaoMuNiao','2013-08-08 16:19:30'),
 (1511,'127.0.0.1','新增用户hhh1415,购买套餐：,缴费金额1100,初装费用,开始时间：2013-08-08 到期时间:2014-08-08','NiaoMuNiao','2013-08-08 16:19:30'),
 (1512,'127.0.0.1','新增用户hhh1416,购买套餐：,缴费金额1100,初装费用,开始时间：2013-08-08 到期时间:2014-08-08','NiaoMuNiao','2013-08-08 16:19:30'),
 (1513,'127.0.0.1','新增用户hhh1417,购买套餐：,缴费金额1100,初装费用,开始时间：2013-08-08 到期时间:2014-08-08','NiaoMuNiao','2013-08-08 16:19:30'),
 (1514,'127.0.0.1','新增用户hhh1418,购买套餐：,缴费金额1100,初装费用,开始时间：2013-08-08 到期时间:2014-08-08','NiaoMuNiao','2013-08-08 16:19:30'),
 (1515,'127.0.0.1','新增用户hhh1419,购买套餐：,缴费金额1100,初装费用,开始时间：2013-08-08 到期时间:2014-08-08','NiaoMuNiao','2013-08-08 16:19:30'),
 (1516,'127.0.0.1','新增用户hhh1420,购买套餐：,缴费金额1100,初装费用,开始时间：2013-08-08 到期时间:2014-08-08','NiaoMuNiao','2013-08-08 16:19:30'),
 (1517,'127.0.0.1','新增用户hhh1421,购买套餐：,缴费金额1100,初装费用,开始时间：2013-08-08 到期时间:2014-08-08','NiaoMuNiao','2013-08-08 16:19:30'),
 (1518,'127.0.0.1','新增用户hhh1422,购买套餐：,缴费金额1100,初装费用,开始时间：2013-08-08 到期时间:2014-08-08','NiaoMuNiao','2013-08-08 16:19:30'),
 (1519,'127.0.0.1','新增用户hhh1423,购买套餐：,缴费金额1100,初装费用,开始时间：2013-08-08 到期时间:2014-08-08','NiaoMuNiao','2013-08-08 16:19:30'),
 (1520,'127.0.0.1','新增用户hhh1424,购买套餐：,缴费金额1100,初装费用,开始时间：2013-08-08 到期时间:2014-08-08','NiaoMuNiao','2013-08-08 16:19:30'),
 (1521,'127.0.0.1','新增用户hhh1425,购买套餐：,缴费金额1100,初装费用,开始时间：2013-08-08 到期时间:2014-08-08','NiaoMuNiao','2013-08-08 16:19:30'),
 (1522,'127.0.0.1','新增用户hhh1426,购买套餐：,缴费金额1100,初装费用,开始时间：2013-08-08 到期时间:2014-08-08','NiaoMuNiao','2013-08-08 16:19:30'),
 (1523,'127.0.0.1','新增用户hhh1427,购买套餐：,缴费金额1100,初装费用,开始时间：2013-08-08 到期时间:2014-08-08','NiaoMuNiao','2013-08-08 16:19:30'),
 (1524,'127.0.0.1','新增用户hhh1428,购买套餐：,缴费金额1100,初装费用,开始时间：2013-08-08 到期时间:2014-08-08','NiaoMuNiao','2013-08-08 16:19:30'),
 (1525,'127.0.0.1','新增用户hhh1429,购买套餐：,缴费金额1100,初装费用,开始时间：2013-08-08 到期时间:2014-08-08','NiaoMuNiao','2013-08-08 16:19:30'),
 (1526,'127.0.0.1','新增用户hhh1430,购买套餐：,缴费金额1100,初装费用,开始时间：2013-08-08 到期时间:2014-08-08','NiaoMuNiao','2013-08-08 16:19:30'),
 (1527,'127.0.0.1','新增用户hhh1431,购买套餐：,缴费金额1100,初装费用,开始时间：2013-08-08 到期时间:2014-08-08','NiaoMuNiao','2013-08-08 16:19:31'),
 (1528,'127.0.0.1','新增用户hhh1432,购买套餐：,缴费金额1100,初装费用,开始时间：2013-08-08 到期时间:2014-08-08','NiaoMuNiao','2013-08-08 16:19:31'),
 (1529,'127.0.0.1','新增用户hhh1433,购买套餐：,缴费金额1100,初装费用,开始时间：2013-08-08 到期时间:2014-08-08','NiaoMuNiao','2013-08-08 16:19:31'),
 (1530,'127.0.0.1','新增用户hhh1434,购买套餐：,缴费金额1100,初装费用,开始时间：2013-08-08 到期时间:2014-08-08','NiaoMuNiao','2013-08-08 16:19:31'),
 (1531,'127.0.0.1','新增用户hhh1435,购买套餐：,缴费金额1100,初装费用,开始时间：2013-08-08 到期时间:2014-08-08','NiaoMuNiao','2013-08-08 16:19:31'),
 (1532,'127.0.0.1','新增用户hhh1436,购买套餐：,缴费金额1100,初装费用,开始时间：2013-08-08 到期时间:2014-08-08','NiaoMuNiao','2013-08-08 16:19:31'),
 (1533,'127.0.0.1','新增用户hhh1437,购买套餐：,缴费金额1100,初装费用,开始时间：2013-08-08 到期时间:2014-08-08','NiaoMuNiao','2013-08-08 16:19:31'),
 (1534,'127.0.0.1','新增用户hhh1438,购买套餐：,缴费金额1100,初装费用,开始时间：2013-08-08 到期时间:2014-08-08','NiaoMuNiao','2013-08-08 16:19:31'),
 (1535,'127.0.0.1','新增用户hhh1439,购买套餐：,缴费金额1100,初装费用,开始时间：2013-08-08 到期时间:2014-08-08','NiaoMuNiao','2013-08-08 16:19:31'),
 (1536,'127.0.0.1','新增用户hhh1440,购买套餐：,缴费金额1100,初装费用,开始时间：2013-08-08 到期时间:2014-08-08','NiaoMuNiao','2013-08-08 16:19:31'),
 (1537,'127.0.0.1','新增用户hhh1441,购买套餐：,缴费金额1100,初装费用,开始时间：2013-08-08 到期时间:2014-08-08','NiaoMuNiao','2013-08-08 16:19:31'),
 (1538,'127.0.0.1','新增用户hhh1442,购买套餐：,缴费金额1100,初装费用,开始时间：2013-08-08 到期时间:2014-08-08','NiaoMuNiao','2013-08-08 16:19:31'),
 (1539,'127.0.0.1','新增用户hhh1443,购买套餐：,缴费金额1100,初装费用,开始时间：2013-08-08 到期时间:2014-08-08','NiaoMuNiao','2013-08-08 16:19:31'),
 (1540,'127.0.0.1','新增用户hhh1444,购买套餐：,缴费金额1100,初装费用,开始时间：2013-08-08 到期时间:2014-08-08','NiaoMuNiao','2013-08-08 16:19:31'),
 (1541,'127.0.0.1','新增用户hhh1445,购买套餐：,缴费金额1100,初装费用,开始时间：2013-08-08 到期时间:2014-08-08','NiaoMuNiao','2013-08-08 16:19:31'),
 (1542,'127.0.0.1','新增用户hhh1446,购买套餐：,缴费金额1100,初装费用,开始时间：2013-08-08 到期时间:2014-08-08','NiaoMuNiao','2013-08-08 16:19:31'),
 (1543,'127.0.0.1','新增用户hhh1447,购买套餐：,缴费金额1100,初装费用,开始时间：2013-08-08 到期时间:2014-08-08','NiaoMuNiao','2013-08-08 16:19:31'),
 (1544,'127.0.0.1','新增用户hhh1448,购买套餐：,缴费金额1100,初装费用,开始时间：2013-08-08 到期时间:2014-08-08','NiaoMuNiao','2013-08-08 16:19:31'),
 (1545,'127.0.0.1','新增用户hhh1449,购买套餐：,缴费金额1100,初装费用,开始时间：2013-08-08 到期时间:2014-08-08','NiaoMuNiao','2013-08-08 16:19:31'),
 (1546,'127.0.0.1','新增用户hhh1450,购买套餐：,缴费金额1100,初装费用,开始时间：2013-08-08 到期时间:2014-08-08','NiaoMuNiao','2013-08-08 16:19:31'),
 (1547,'127.0.0.1','新增用户hhh1451,购买套餐：,缴费金额1100,初装费用,开始时间：2013-08-08 到期时间:2014-08-08','NiaoMuNiao','2013-08-08 16:19:32'),
 (1548,'127.0.0.1','新增用户hhh1452,购买套餐：,缴费金额1100,初装费用,开始时间：2013-08-08 到期时间:2014-08-08','NiaoMuNiao','2013-08-08 16:19:32'),
 (1549,'127.0.0.1','新增用户hhh1453,购买套餐：,缴费金额1100,初装费用,开始时间：2013-08-08 到期时间:2014-08-08','NiaoMuNiao','2013-08-08 16:19:32'),
 (1550,'127.0.0.1','新增用户hhh1454,购买套餐：,缴费金额1100,初装费用,开始时间：2013-08-08 到期时间:2014-08-08','NiaoMuNiao','2013-08-08 16:19:32'),
 (1551,'127.0.0.1','新增用户hhh1455,购买套餐：,缴费金额1100,初装费用,开始时间：2013-08-08 到期时间:2014-08-08','NiaoMuNiao','2013-08-08 16:19:32'),
 (1552,'127.0.0.1','新增用户hhh1456,购买套餐：,缴费金额1100,初装费用,开始时间：2013-08-08 到期时间:2014-08-08','NiaoMuNiao','2013-08-08 16:19:32'),
 (1553,'127.0.0.1','新增用户hhh1457,购买套餐：,缴费金额1100,初装费用,开始时间：2013-08-08 到期时间:2014-08-08','NiaoMuNiao','2013-08-08 16:19:32'),
 (1554,'127.0.0.1','新增用户hhh1458,购买套餐：,缴费金额1100,初装费用,开始时间：2013-08-08 到期时间:2014-08-08','NiaoMuNiao','2013-08-08 16:19:32'),
 (1555,'127.0.0.1','新增用户hhh1459,购买套餐：,缴费金额1100,初装费用,开始时间：2013-08-08 到期时间:2014-08-08','NiaoMuNiao','2013-08-08 16:19:32'),
 (1556,'127.0.0.1','新增用户hhh1460,购买套餐：,缴费金额1100,初装费用,开始时间：2013-08-08 到期时间:2014-08-08','NiaoMuNiao','2013-08-08 16:19:32'),
 (1557,'127.0.0.1','新增用户hhh1461,购买套餐：,缴费金额1100,初装费用,开始时间：2013-08-08 到期时间:2014-08-08','NiaoMuNiao','2013-08-08 16:19:32'),
 (1558,'127.0.0.1','新增用户hhh1462,购买套餐：,缴费金额1100,初装费用,开始时间：2013-08-08 到期时间:2014-08-08','NiaoMuNiao','2013-08-08 16:19:32'),
 (1559,'127.0.0.1','新增用户hhh1463,购买套餐：,缴费金额1100,初装费用,开始时间：2013-08-08 到期时间:2014-08-08','NiaoMuNiao','2013-08-08 16:19:32'),
 (1560,'127.0.0.1','新增用户hhh1464,购买套餐：,缴费金额1100,初装费用,开始时间：2013-08-08 到期时间:2014-08-08','NiaoMuNiao','2013-08-08 16:19:32'),
 (1561,'127.0.0.1','新增用户hhh1465,购买套餐：,缴费金额1100,初装费用,开始时间：2013-08-08 到期时间:2014-08-08','NiaoMuNiao','2013-08-08 16:19:32'),
 (1562,'127.0.0.1','新增用户hhh1466,购买套餐：,缴费金额1100,初装费用,开始时间：2013-08-08 到期时间:2014-08-08','NiaoMuNiao','2013-08-08 16:19:32'),
 (1563,'127.0.0.1','新增用户hhh1467,购买套餐：,缴费金额1100,初装费用,开始时间：2013-08-08 到期时间:2014-08-08','NiaoMuNiao','2013-08-08 16:19:32'),
 (1564,'127.0.0.1','新增用户hhh1468,购买套餐：,缴费金额1100,初装费用,开始时间：2013-08-08 到期时间:2014-08-08','NiaoMuNiao','2013-08-08 16:19:32'),
 (1565,'127.0.0.1','新增用户hhh1469,购买套餐：,缴费金额1100,初装费用,开始时间：2013-08-08 到期时间:2014-08-08','NiaoMuNiao','2013-08-08 16:19:32'),
 (1566,'127.0.0.1','新增用户hhh1470,购买套餐：,缴费金额1100,初装费用,开始时间：2013-08-08 到期时间:2014-08-08','NiaoMuNiao','2013-08-08 16:19:32'),
 (1567,'127.0.0.1','新增用户hhh1471,购买套餐：,缴费金额1100,初装费用,开始时间：2013-08-08 到期时间:2014-08-08','NiaoMuNiao','2013-08-08 16:19:33'),
 (1568,'127.0.0.1','新增用户hhh1472,购买套餐：,缴费金额1100,初装费用,开始时间：2013-08-08 到期时间:2014-08-08','NiaoMuNiao','2013-08-08 16:19:33'),
 (1569,'127.0.0.1','新增用户hhh1473,购买套餐：,缴费金额1100,初装费用,开始时间：2013-08-08 到期时间:2014-08-08','NiaoMuNiao','2013-08-08 16:19:33'),
 (1570,'127.0.0.1','新增用户hhh1474,购买套餐：,缴费金额1100,初装费用,开始时间：2013-08-08 到期时间:2014-08-08','NiaoMuNiao','2013-08-08 16:19:33'),
 (1571,'127.0.0.1','新增用户hhh1475,购买套餐：,缴费金额1100,初装费用,开始时间：2013-08-08 到期时间:2014-08-08','NiaoMuNiao','2013-08-08 16:19:33'),
 (1572,'127.0.0.1','新增用户hhh1476,购买套餐：,缴费金额1100,初装费用,开始时间：2013-08-08 到期时间:2014-08-08','NiaoMuNiao','2013-08-08 16:19:33'),
 (1573,'127.0.0.1','新增用户hhh1477,购买套餐：,缴费金额1100,初装费用,开始时间：2013-08-08 到期时间:2014-08-08','NiaoMuNiao','2013-08-08 16:19:33'),
 (1574,'127.0.0.1','新增用户hhh1478,购买套餐：,缴费金额1100,初装费用,开始时间：2013-08-08 到期时间:2014-08-08','NiaoMuNiao','2013-08-08 16:19:33'),
 (1575,'127.0.0.1','新增用户hhh1479,购买套餐：,缴费金额1100,初装费用,开始时间：2013-08-08 到期时间:2014-08-08','NiaoMuNiao','2013-08-08 16:19:33'),
 (1576,'127.0.0.1','新增用户hhh1480,购买套餐：,缴费金额1100,初装费用,开始时间：2013-08-08 到期时间:2014-08-08','NiaoMuNiao','2013-08-08 16:19:33'),
 (1577,'127.0.0.1','新增用户hhh1481,购买套餐：,缴费金额1100,初装费用,开始时间：2013-08-08 到期时间:2014-08-08','NiaoMuNiao','2013-08-08 16:19:33'),
 (1578,'127.0.0.1','新增用户hhh1482,购买套餐：,缴费金额1100,初装费用,开始时间：2013-08-08 到期时间:2014-08-08','NiaoMuNiao','2013-08-08 16:19:33'),
 (1579,'127.0.0.1','新增用户hhh1483,购买套餐：,缴费金额1100,初装费用,开始时间：2013-08-08 到期时间:2014-08-08','NiaoMuNiao','2013-08-08 16:19:33'),
 (1580,'127.0.0.1','新增用户hhh1484,购买套餐：,缴费金额1100,初装费用,开始时间：2013-08-08 到期时间:2014-08-08','NiaoMuNiao','2013-08-08 16:19:33'),
 (1581,'127.0.0.1','新增用户hhh1485,购买套餐：,缴费金额1100,初装费用,开始时间：2013-08-08 到期时间:2014-08-08','NiaoMuNiao','2013-08-08 16:19:33'),
 (1582,'127.0.0.1','新增用户hhh1486,购买套餐：,缴费金额1100,初装费用,开始时间：2013-08-08 到期时间:2014-08-08','NiaoMuNiao','2013-08-08 16:19:33'),
 (1583,'127.0.0.1','新增用户hhh1487,购买套餐：,缴费金额1100,初装费用,开始时间：2013-08-08 到期时间:2014-08-08','NiaoMuNiao','2013-08-08 16:19:33'),
 (1584,'127.0.0.1','新增用户hhh1488,购买套餐：,缴费金额1100,初装费用,开始时间：2013-08-08 到期时间:2014-08-08','NiaoMuNiao','2013-08-08 16:19:33'),
 (1585,'127.0.0.1','新增用户hhh1489,购买套餐：,缴费金额1100,初装费用,开始时间：2013-08-08 到期时间:2014-08-08','NiaoMuNiao','2013-08-08 16:19:34'),
 (1586,'127.0.0.1','新增用户hhh1490,购买套餐：,缴费金额1100,初装费用,开始时间：2013-08-08 到期时间:2014-08-08','NiaoMuNiao','2013-08-08 16:19:34'),
 (1587,'127.0.0.1','新增用户hhh1491,购买套餐：,缴费金额1100,初装费用,开始时间：2013-08-08 到期时间:2014-08-08','NiaoMuNiao','2013-08-08 16:19:34'),
 (1588,'127.0.0.1','新增用户hhh1492,购买套餐：,缴费金额1100,初装费用,开始时间：2013-08-08 到期时间:2014-08-08','NiaoMuNiao','2013-08-08 16:19:34'),
 (1589,'127.0.0.1','新增用户hhh1493,购买套餐：,缴费金额1100,初装费用,开始时间：2013-08-08 到期时间:2014-08-08','NiaoMuNiao','2013-08-08 16:19:34'),
 (1590,'127.0.0.1','新增用户hhh1494,购买套餐：,缴费金额1100,初装费用,开始时间：2013-08-08 到期时间:2014-08-08','NiaoMuNiao','2013-08-08 16:19:34'),
 (1591,'127.0.0.1','新增用户hhh1495,购买套餐：,缴费金额1100,初装费用,开始时间：2013-08-08 到期时间:2014-08-08','NiaoMuNiao','2013-08-08 16:19:34'),
 (1592,'127.0.0.1','新增用户hhh1496,购买套餐：,缴费金额1100,初装费用,开始时间：2013-08-08 到期时间:2014-08-08','NiaoMuNiao','2013-08-08 16:19:34'),
 (1593,'127.0.0.1','新增用户hhh1497,购买套餐：,缴费金额1100,初装费用,开始时间：2013-08-08 到期时间:2014-08-08','NiaoMuNiao','2013-08-08 16:19:34'),
 (1594,'127.0.0.1','新增用户hhh1498,购买套餐：,缴费金额1100,初装费用,开始时间：2013-08-08 到期时间:2014-08-08','NiaoMuNiao','2013-08-08 16:19:34'),
 (1595,'127.0.0.1','新增用户hhh1499,购买套餐：,缴费金额1100,初装费用,开始时间：2013-08-08 到期时间:2014-08-08','NiaoMuNiao','2013-08-08 16:19:34'),
 (1596,'127.0.0.1','新增用户kkk11,购买套餐：,缴费金额1100,初装费用,开始时间：2013-08-08 到期时间:2014-08-08','NiaoMuNiao','2013-08-08 16:21:40'),
 (1597,'127.0.0.1','新增用户kkk12,购买套餐：,缴费金额1100,初装费用,开始时间：2013-08-08 到期时间:2014-08-08','NiaoMuNiao','2013-08-08 16:21:40'),
 (1598,'127.0.0.1','新增用户kkk13,购买套餐：,缴费金额1100,初装费用,开始时间：2013-08-08 到期时间:2014-08-08','NiaoMuNiao','2013-08-08 16:21:41'),
 (1599,'127.0.0.1','新增用户kkk14,购买套餐：,缴费金额1100,初装费用,开始时间：2013-08-08 到期时间:2014-08-08','NiaoMuNiao','2013-08-08 16:21:41'),
 (1600,'127.0.0.1','新增用户kkk15,购买套餐：,缴费金额1100,初装费用,开始时间：2013-08-08 到期时间:2014-08-08','NiaoMuNiao','2013-08-08 16:21:41'),
 (1601,'127.0.0.1','新增用户kkk16,购买套餐：,缴费金额1100,初装费用,开始时间：2013-08-08 到期时间:2014-08-08','NiaoMuNiao','2013-08-08 16:21:41'),
 (1602,'127.0.0.1','新增用户kkk17,购买套餐：,缴费金额1100,初装费用,开始时间：2013-08-08 到期时间:2014-08-08','NiaoMuNiao','2013-08-08 16:21:41'),
 (1603,'127.0.0.1','新增用户kkk18,购买套餐：,缴费金额1100,初装费用,开始时间：2013-08-08 到期时间:2014-08-08','NiaoMuNiao','2013-08-08 16:21:41'),
 (1604,'127.0.0.1','新增用户kkk19,购买套餐：,缴费金额1100,初装费用,开始时间：2013-08-08 到期时间:2014-08-08','NiaoMuNiao','2013-08-08 16:21:41'),
 (1605,'127.0.0.1','新增用户kkk110,购买套餐：,缴费金额1100,初装费用,开始时间：2013-08-08 到期时间:2014-08-08','NiaoMuNiao','2013-08-08 16:21:41'),
 (1606,'127.0.0.1','新增用户kkk111,购买套餐：,缴费金额1100,初装费用,开始时间：2013-08-08 到期时间:2014-08-08','NiaoMuNiao','2013-08-08 16:21:41'),
 (1607,'127.0.0.1','新增用户kkk112,购买套餐：,缴费金额1100,初装费用,开始时间：2013-08-08 到期时间:2014-08-08','NiaoMuNiao','2013-08-08 16:21:41'),
 (1608,'127.0.0.1','新增用户kkk113,购买套餐：,缴费金额1100,初装费用,开始时间：2013-08-08 到期时间:2014-08-08','NiaoMuNiao','2013-08-08 16:21:41'),
 (1609,'127.0.0.1','新增用户kkk114,购买套餐：,缴费金额1100,初装费用,开始时间：2013-08-08 到期时间:2014-08-08','NiaoMuNiao','2013-08-08 16:21:41'),
 (1610,'127.0.0.1','新增用户kkk115,购买套餐：,缴费金额1100,初装费用,开始时间：2013-08-08 到期时间:2014-08-08','NiaoMuNiao','2013-08-08 16:21:41'),
 (1611,'127.0.0.1','新增用户kkk116,购买套餐：,缴费金额1100,初装费用,开始时间：2013-08-08 到期时间:2014-08-08','NiaoMuNiao','2013-08-08 16:21:41'),
 (1612,'127.0.0.1','新增用户kkk117,购买套餐：,缴费金额1100,初装费用,开始时间：2013-08-08 到期时间:2014-08-08','NiaoMuNiao','2013-08-08 16:21:41'),
 (1613,'127.0.0.1','新增用户kkk118,购买套餐：,缴费金额1100,初装费用,开始时间：2013-08-08 到期时间:2014-08-08','NiaoMuNiao','2013-08-08 16:21:41'),
 (1614,'127.0.0.1','新增用户kkk119,购买套餐：,缴费金额1100,初装费用,开始时间：2013-08-08 到期时间:2014-08-08','NiaoMuNiao','2013-08-08 16:21:42'),
 (1615,'127.0.0.1','新增用户kkk120,购买套餐：,缴费金额1100,初装费用,开始时间：2013-08-08 到期时间:2014-08-08','NiaoMuNiao','2013-08-08 16:21:42'),
 (1616,'127.0.0.1','新增用户kkk121,购买套餐：,缴费金额1100,初装费用,开始时间：2013-08-08 到期时间:2014-08-08','NiaoMuNiao','2013-08-08 16:21:42'),
 (1617,'127.0.0.1','新增用户kkk122,购买套餐：,缴费金额1100,初装费用,开始时间：2013-08-08 到期时间:2014-08-08','NiaoMuNiao','2013-08-08 16:21:42'),
 (1618,'127.0.0.1','新增用户kkk123,购买套餐：,缴费金额1100,初装费用,开始时间：2013-08-08 到期时间:2014-08-08','NiaoMuNiao','2013-08-08 16:21:42'),
 (1619,'127.0.0.1','新增用户kkk124,购买套餐：,缴费金额1100,初装费用,开始时间：2013-08-08 到期时间:2014-08-08','NiaoMuNiao','2013-08-08 16:21:42'),
 (1620,'127.0.0.1','新增用户kkk125,购买套餐：,缴费金额1100,初装费用,开始时间：2013-08-08 到期时间:2014-08-08','NiaoMuNiao','2013-08-08 16:21:42'),
 (1621,'127.0.0.1','新增用户kkk126,购买套餐：,缴费金额1100,初装费用,开始时间：2013-08-08 到期时间:2014-08-08','NiaoMuNiao','2013-08-08 16:21:42'),
 (1622,'127.0.0.1','新增用户kkk127,购买套餐：,缴费金额1100,初装费用,开始时间：2013-08-08 到期时间:2014-08-08','NiaoMuNiao','2013-08-08 16:21:42'),
 (1623,'127.0.0.1','新增用户kkk128,购买套餐：,缴费金额1100,初装费用,开始时间：2013-08-08 到期时间:2014-08-08','NiaoMuNiao','2013-08-08 16:21:42'),
 (1624,'127.0.0.1','新增用户kkk129,购买套餐：,缴费金额1100,初装费用,开始时间：2013-08-08 到期时间:2014-08-08','NiaoMuNiao','2013-08-08 16:21:42'),
 (1625,'127.0.0.1','新增用户kkk130,购买套餐：,缴费金额1100,初装费用,开始时间：2013-08-08 到期时间:2014-08-08','NiaoMuNiao','2013-08-08 16:21:42'),
 (1626,'127.0.0.1','新增用户kkk131,购买套餐：,缴费金额1100,初装费用,开始时间：2013-08-08 到期时间:2014-08-08','NiaoMuNiao','2013-08-08 16:21:42'),
 (1627,'127.0.0.1','新增用户kkk132,购买套餐：,缴费金额1100,初装费用,开始时间：2013-08-08 到期时间:2014-08-08','NiaoMuNiao','2013-08-08 16:21:42'),
 (1628,'127.0.0.1','新增用户kkk133,购买套餐：,缴费金额1100,初装费用,开始时间：2013-08-08 到期时间:2014-08-08','NiaoMuNiao','2013-08-08 16:21:42'),
 (1629,'127.0.0.1','新增用户kkk134,购买套餐：,缴费金额1100,初装费用,开始时间：2013-08-08 到期时间:2014-08-08','NiaoMuNiao','2013-08-08 16:21:42'),
 (1630,'127.0.0.1','新增用户kkk135,购买套餐：,缴费金额1100,初装费用,开始时间：2013-08-08 到期时间:2014-08-08','NiaoMuNiao','2013-08-08 16:21:42'),
 (1631,'127.0.0.1','新增用户kkk136,购买套餐：,缴费金额1100,初装费用,开始时间：2013-08-08 到期时间:2014-08-08','NiaoMuNiao','2013-08-08 16:21:42'),
 (1632,'127.0.0.1','新增用户kkk137,购买套餐：,缴费金额1100,初装费用,开始时间：2013-08-08 到期时间:2014-08-08','NiaoMuNiao','2013-08-08 16:21:42'),
 (1633,'127.0.0.1','新增用户kkk138,购买套餐：,缴费金额1100,初装费用,开始时间：2013-08-08 到期时间:2014-08-08','NiaoMuNiao','2013-08-08 16:21:42'),
 (1634,'127.0.0.1','新增用户kkk139,购买套餐：,缴费金额1100,初装费用,开始时间：2013-08-08 到期时间:2014-08-08','NiaoMuNiao','2013-08-08 16:21:43'),
 (1635,'127.0.0.1','新增用户kkk140,购买套餐：,缴费金额1100,初装费用,开始时间：2013-08-08 到期时间:2014-08-08','NiaoMuNiao','2013-08-08 16:21:43'),
 (1636,'127.0.0.1','新增用户kkk141,购买套餐：,缴费金额1100,初装费用,开始时间：2013-08-08 到期时间:2014-08-08','NiaoMuNiao','2013-08-08 16:21:43'),
 (1637,'127.0.0.1','新增用户kkk142,购买套餐：,缴费金额1100,初装费用,开始时间：2013-08-08 到期时间:2014-08-08','NiaoMuNiao','2013-08-08 16:21:43'),
 (1638,'127.0.0.1','新增用户kkk143,购买套餐：,缴费金额1100,初装费用,开始时间：2013-08-08 到期时间:2014-08-08','NiaoMuNiao','2013-08-08 16:21:43'),
 (1639,'127.0.0.1','新增用户kkk144,购买套餐：,缴费金额1100,初装费用,开始时间：2013-08-08 到期时间:2014-08-08','NiaoMuNiao','2013-08-08 16:21:43'),
 (1640,'127.0.0.1','新增用户kkk145,购买套餐：,缴费金额1100,初装费用,开始时间：2013-08-08 到期时间:2014-08-08','NiaoMuNiao','2013-08-08 16:21:43'),
 (1641,'127.0.0.1','新增用户kkk146,购买套餐：,缴费金额1100,初装费用,开始时间：2013-08-08 到期时间:2014-08-08','NiaoMuNiao','2013-08-08 16:21:43'),
 (1642,'127.0.0.1','新增用户kkk147,购买套餐：,缴费金额1100,初装费用,开始时间：2013-08-08 到期时间:2014-08-08','NiaoMuNiao','2013-08-08 16:21:43'),
 (1643,'127.0.0.1','新增用户kkk148,购买套餐：,缴费金额1100,初装费用,开始时间：2013-08-08 到期时间:2014-08-08','NiaoMuNiao','2013-08-08 16:21:43'),
 (1644,'127.0.0.1','新增用户kkk149,购买套餐：,缴费金额1100,初装费用,开始时间：2013-08-08 到期时间:2014-08-08','NiaoMuNiao','2013-08-08 16:21:43'),
 (1645,'127.0.0.1','新增用户kkk150,购买套餐：,缴费金额1100,初装费用,开始时间：2013-08-08 到期时间:2014-08-08','NiaoMuNiao','2013-08-08 16:21:43'),
 (1646,'127.0.0.1','新增用户kkk151,购买套餐：,缴费金额1100,初装费用,开始时间：2013-08-08 到期时间:2014-08-08','NiaoMuNiao','2013-08-08 16:21:43'),
 (1647,'127.0.0.1','新增用户kkk152,购买套餐：,缴费金额1100,初装费用,开始时间：2013-08-08 到期时间:2014-08-08','NiaoMuNiao','2013-08-08 16:21:43'),
 (1648,'127.0.0.1','新增用户kkk153,购买套餐：,缴费金额1100,初装费用,开始时间：2013-08-08 到期时间:2014-08-08','NiaoMuNiao','2013-08-08 16:21:43'),
 (1649,'127.0.0.1','新增用户kkk154,购买套餐：,缴费金额1100,初装费用,开始时间：2013-08-08 到期时间:2014-08-08','NiaoMuNiao','2013-08-08 16:21:43'),
 (1650,'127.0.0.1','新增用户kkk155,购买套餐：,缴费金额1100,初装费用,开始时间：2013-08-08 到期时间:2014-08-08','NiaoMuNiao','2013-08-08 16:21:43'),
 (1651,'127.0.0.1','新增用户kkk156,购买套餐：,缴费金额1100,初装费用,开始时间：2013-08-08 到期时间:2014-08-08','NiaoMuNiao','2013-08-08 16:21:43'),
 (1652,'127.0.0.1','新增用户kkk157,购买套餐：,缴费金额1100,初装费用,开始时间：2013-08-08 到期时间:2014-08-08','NiaoMuNiao','2013-08-08 16:21:43'),
 (1653,'127.0.0.1','新增用户kkk158,购买套餐：,缴费金额1100,初装费用,开始时间：2013-08-08 到期时间:2014-08-08','NiaoMuNiao','2013-08-08 16:21:43'),
 (1654,'127.0.0.1','新增用户kkk159,购买套餐：,缴费金额1100,初装费用,开始时间：2013-08-08 到期时间:2014-08-08','NiaoMuNiao','2013-08-08 16:21:43'),
 (1655,'127.0.0.1','新增用户kkk160,购买套餐：,缴费金额1100,初装费用,开始时间：2013-08-08 到期时间:2014-08-08','NiaoMuNiao','2013-08-08 16:21:44'),
 (1656,'127.0.0.1','新增用户kkk161,购买套餐：,缴费金额1100,初装费用,开始时间：2013-08-08 到期时间:2014-08-08','NiaoMuNiao','2013-08-08 16:21:44'),
 (1657,'127.0.0.1','新增用户kkk162,购买套餐：,缴费金额1100,初装费用,开始时间：2013-08-08 到期时间:2014-08-08','NiaoMuNiao','2013-08-08 16:21:44'),
 (1658,'127.0.0.1','新增用户kkk163,购买套餐：,缴费金额1100,初装费用,开始时间：2013-08-08 到期时间:2014-08-08','NiaoMuNiao','2013-08-08 16:21:44'),
 (1659,'127.0.0.1','新增用户kkk164,购买套餐：,缴费金额1100,初装费用,开始时间：2013-08-08 到期时间:2014-08-08','NiaoMuNiao','2013-08-08 16:21:44'),
 (1660,'127.0.0.1','新增用户kkk165,购买套餐：,缴费金额1100,初装费用,开始时间：2013-08-08 到期时间:2014-08-08','NiaoMuNiao','2013-08-08 16:21:44'),
 (1661,'127.0.0.1','新增用户kkk166,购买套餐：,缴费金额1100,初装费用,开始时间：2013-08-08 到期时间:2014-08-08','NiaoMuNiao','2013-08-08 16:21:44'),
 (1662,'127.0.0.1','新增用户kkk167,购买套餐：,缴费金额1100,初装费用,开始时间：2013-08-08 到期时间:2014-08-08','NiaoMuNiao','2013-08-08 16:21:44'),
 (1663,'127.0.0.1','新增用户kkk168,购买套餐：,缴费金额1100,初装费用,开始时间：2013-08-08 到期时间:2014-08-08','NiaoMuNiao','2013-08-08 16:21:44'),
 (1664,'127.0.0.1','新增用户kkk169,购买套餐：,缴费金额1100,初装费用,开始时间：2013-08-08 到期时间:2014-08-08','NiaoMuNiao','2013-08-08 16:21:44'),
 (1665,'127.0.0.1','新增用户kkk170,购买套餐：,缴费金额1100,初装费用,开始时间：2013-08-08 到期时间:2014-08-08','NiaoMuNiao','2013-08-08 16:21:44'),
 (1666,'127.0.0.1','新增用户kkk171,购买套餐：,缴费金额1100,初装费用,开始时间：2013-08-08 到期时间:2014-08-08','NiaoMuNiao','2013-08-08 16:21:44'),
 (1667,'127.0.0.1','新增用户kkk172,购买套餐：,缴费金额1100,初装费用,开始时间：2013-08-08 到期时间:2014-08-08','NiaoMuNiao','2013-08-08 16:21:44'),
 (1668,'127.0.0.1','新增用户kkk173,购买套餐：,缴费金额1100,初装费用,开始时间：2013-08-08 到期时间:2014-08-08','NiaoMuNiao','2013-08-08 16:21:44'),
 (1669,'127.0.0.1','新增用户kkk174,购买套餐：,缴费金额1100,初装费用,开始时间：2013-08-08 到期时间:2014-08-08','NiaoMuNiao','2013-08-08 16:21:44'),
 (1670,'127.0.0.1','新增用户kkk175,购买套餐：,缴费金额1100,初装费用,开始时间：2013-08-08 到期时间:2014-08-08','NiaoMuNiao','2013-08-08 16:21:44'),
 (1671,'127.0.0.1','新增用户kkk176,购买套餐：,缴费金额1100,初装费用,开始时间：2013-08-08 到期时间:2014-08-08','NiaoMuNiao','2013-08-08 16:21:44'),
 (1672,'127.0.0.1','新增用户kkk177,购买套餐：,缴费金额1100,初装费用,开始时间：2013-08-08 到期时间:2014-08-08','NiaoMuNiao','2013-08-08 16:21:44'),
 (1673,'127.0.0.1','新增用户kkk178,购买套餐：,缴费金额1100,初装费用,开始时间：2013-08-08 到期时间:2014-08-08','NiaoMuNiao','2013-08-08 16:21:44'),
 (1674,'127.0.0.1','新增用户kkk179,购买套餐：,缴费金额1100,初装费用,开始时间：2013-08-08 到期时间:2014-08-08','NiaoMuNiao','2013-08-08 16:21:45'),
 (1675,'127.0.0.1','新增用户kkk180,购买套餐：,缴费金额1100,初装费用,开始时间：2013-08-08 到期时间:2014-08-08','NiaoMuNiao','2013-08-08 16:21:45'),
 (1676,'127.0.0.1','新增用户kkk181,购买套餐：,缴费金额1100,初装费用,开始时间：2013-08-08 到期时间:2014-08-08','NiaoMuNiao','2013-08-08 16:21:45'),
 (1677,'127.0.0.1','新增用户kkk182,购买套餐：,缴费金额1100,初装费用,开始时间：2013-08-08 到期时间:2014-08-08','NiaoMuNiao','2013-08-08 16:21:45'),
 (1678,'127.0.0.1','新增用户kkk183,购买套餐：,缴费金额1100,初装费用,开始时间：2013-08-08 到期时间:2014-08-08','NiaoMuNiao','2013-08-08 16:21:45'),
 (1679,'127.0.0.1','新增用户kkk184,购买套餐：,缴费金额1100,初装费用,开始时间：2013-08-08 到期时间:2014-08-08','NiaoMuNiao','2013-08-08 16:21:45'),
 (1680,'127.0.0.1','新增用户kkk185,购买套餐：,缴费金额1100,初装费用,开始时间：2013-08-08 到期时间:2014-08-08','NiaoMuNiao','2013-08-08 16:21:45'),
 (1681,'127.0.0.1','新增用户kkk186,购买套餐：,缴费金额1100,初装费用,开始时间：2013-08-08 到期时间:2014-08-08','NiaoMuNiao','2013-08-08 16:21:45'),
 (1682,'127.0.0.1','新增用户kkk187,购买套餐：,缴费金额1100,初装费用,开始时间：2013-08-08 到期时间:2014-08-08','NiaoMuNiao','2013-08-08 16:21:45'),
 (1683,'127.0.0.1','新增用户kkk188,购买套餐：,缴费金额1100,初装费用,开始时间：2013-08-08 到期时间:2014-08-08','NiaoMuNiao','2013-08-08 16:21:45'),
 (1684,'127.0.0.1','新增用户kkk189,购买套餐：,缴费金额1100,初装费用,开始时间：2013-08-08 到期时间:2014-08-08','NiaoMuNiao','2013-08-08 16:21:45'),
 (1685,'127.0.0.1','新增用户kkk190,购买套餐：,缴费金额1100,初装费用,开始时间：2013-08-08 到期时间:2014-08-08','NiaoMuNiao','2013-08-08 16:21:45'),
 (1686,'127.0.0.1','新增用户kkk191,购买套餐：,缴费金额1100,初装费用,开始时间：2013-08-08 到期时间:2014-08-08','NiaoMuNiao','2013-08-08 16:21:45'),
 (1687,'127.0.0.1','新增用户kkk192,购买套餐：,缴费金额1100,初装费用,开始时间：2013-08-08 到期时间:2014-08-08','NiaoMuNiao','2013-08-08 16:21:45'),
 (1688,'127.0.0.1','新增用户kkk193,购买套餐：,缴费金额1100,初装费用,开始时间：2013-08-08 到期时间:2014-08-08','NiaoMuNiao','2013-08-08 16:21:45'),
 (1689,'127.0.0.1','新增用户kkk194,购买套餐：,缴费金额1100,初装费用,开始时间：2013-08-08 到期时间:2014-08-08','NiaoMuNiao','2013-08-08 16:21:45'),
 (1690,'127.0.0.1','新增用户kkk195,购买套餐：,缴费金额1100,初装费用,开始时间：2013-08-08 到期时间:2014-08-08','NiaoMuNiao','2013-08-08 16:21:45'),
 (1691,'127.0.0.1','新增用户kkk196,购买套餐：,缴费金额1100,初装费用,开始时间：2013-08-08 到期时间:2014-08-08','NiaoMuNiao','2013-08-08 16:21:45'),
 (1692,'127.0.0.1','新增用户kkk197,购买套餐：,缴费金额1100,初装费用,开始时间：2013-08-08 到期时间:2014-08-08','NiaoMuNiao','2013-08-08 16:21:45'),
 (1693,'127.0.0.1','新增用户kkk198,购买套餐：,缴费金额1100,初装费用,开始时间：2013-08-08 到期时间:2014-08-08','NiaoMuNiao','2013-08-08 16:21:45'),
 (1694,'127.0.0.1','新增用户kkk199,购买套餐：,缴费金额1100,初装费用,开始时间：2013-08-08 到期时间:2014-08-08','NiaoMuNiao','2013-08-08 16:21:45'),
 (1695,'127.0.0.1','新增用户kkk1100,购买套餐：,缴费金额1100,初装费用,开始时间：2013-08-08 到期时间:2014-08-08','NiaoMuNiao','2013-08-08 16:21:46'),
 (1696,'127.0.0.1','新增用户kkk1101,购买套餐：,缴费金额1100,初装费用,开始时间：2013-08-08 到期时间:2014-08-08','NiaoMuNiao','2013-08-08 16:21:46'),
 (1697,'127.0.0.1','新增用户kkk1102,购买套餐：,缴费金额1100,初装费用,开始时间：2013-08-08 到期时间:2014-08-08','NiaoMuNiao','2013-08-08 16:21:46'),
 (1698,'127.0.0.1','新增用户kkk1103,购买套餐：,缴费金额1100,初装费用,开始时间：2013-08-08 到期时间:2014-08-08','NiaoMuNiao','2013-08-08 16:21:46'),
 (1699,'127.0.0.1','新增用户kkk1104,购买套餐：,缴费金额1100,初装费用,开始时间：2013-08-08 到期时间:2014-08-08','NiaoMuNiao','2013-08-08 16:21:46'),
 (1700,'127.0.0.1','新增用户kkk1105,购买套餐：,缴费金额1100,初装费用,开始时间：2013-08-08 到期时间:2014-08-08','NiaoMuNiao','2013-08-08 16:21:46'),
 (1701,'127.0.0.1','新增用户kkk1106,购买套餐：,缴费金额1100,初装费用,开始时间：2013-08-08 到期时间:2014-08-08','NiaoMuNiao','2013-08-08 16:21:46'),
 (1702,'127.0.0.1','新增用户kkk1107,购买套餐：,缴费金额1100,初装费用,开始时间：2013-08-08 到期时间:2014-08-08','NiaoMuNiao','2013-08-08 16:21:46'),
 (1703,'127.0.0.1','新增用户kkk1108,购买套餐：,缴费金额1100,初装费用,开始时间：2013-08-08 到期时间:2014-08-08','NiaoMuNiao','2013-08-08 16:21:46'),
 (1704,'127.0.0.1','新增用户kkk1109,购买套餐：,缴费金额1100,初装费用,开始时间：2013-08-08 到期时间:2014-08-08','NiaoMuNiao','2013-08-08 16:21:46'),
 (1705,'127.0.0.1','新增用户kkk1110,购买套餐：,缴费金额1100,初装费用,开始时间：2013-08-08 到期时间:2014-08-08','NiaoMuNiao','2013-08-08 16:21:46'),
 (1706,'127.0.0.1','新增用户kkk1111,购买套餐：,缴费金额1100,初装费用,开始时间：2013-08-08 到期时间:2014-08-08','NiaoMuNiao','2013-08-08 16:21:46'),
 (1707,'127.0.0.1','新增用户kkk1112,购买套餐：,缴费金额1100,初装费用,开始时间：2013-08-08 到期时间:2014-08-08','NiaoMuNiao','2013-08-08 16:21:46'),
 (1708,'127.0.0.1','新增用户kkk1113,购买套餐：,缴费金额1100,初装费用,开始时间：2013-08-08 到期时间:2014-08-08','NiaoMuNiao','2013-08-08 16:21:46'),
 (1709,'127.0.0.1','新增用户kkk1114,购买套餐：,缴费金额1100,初装费用,开始时间：2013-08-08 到期时间:2014-08-08','NiaoMuNiao','2013-08-08 16:21:46'),
 (1710,'127.0.0.1','新增用户kkk1115,购买套餐：,缴费金额1100,初装费用,开始时间：2013-08-08 到期时间:2014-08-08','NiaoMuNiao','2013-08-08 16:21:46'),
 (1711,'127.0.0.1','新增用户kkk1116,购买套餐：,缴费金额1100,初装费用,开始时间：2013-08-08 到期时间:2014-08-08','NiaoMuNiao','2013-08-08 16:21:47'),
 (1712,'127.0.0.1','新增用户kkk1117,购买套餐：,缴费金额1100,初装费用,开始时间：2013-08-08 到期时间:2014-08-08','NiaoMuNiao','2013-08-08 16:21:47'),
 (1713,'127.0.0.1','新增用户kkk1118,购买套餐：,缴费金额1100,初装费用,开始时间：2013-08-08 到期时间:2014-08-08','NiaoMuNiao','2013-08-08 16:21:47'),
 (1714,'127.0.0.1','新增用户kkk1119,购买套餐：,缴费金额1100,初装费用,开始时间：2013-08-08 到期时间:2014-08-08','NiaoMuNiao','2013-08-08 16:21:47'),
 (1715,'127.0.0.1','新增用户kkk1120,购买套餐：,缴费金额1100,初装费用,开始时间：2013-08-08 到期时间:2014-08-08','NiaoMuNiao','2013-08-08 16:21:47'),
 (1716,'127.0.0.1','新增用户kkk1121,购买套餐：,缴费金额1100,初装费用,开始时间：2013-08-08 到期时间:2014-08-08','NiaoMuNiao','2013-08-08 16:21:47'),
 (1717,'127.0.0.1','新增用户kkk1122,购买套餐：,缴费金额1100,初装费用,开始时间：2013-08-08 到期时间:2014-08-08','NiaoMuNiao','2013-08-08 16:21:47'),
 (1718,'127.0.0.1','新增用户kkk1123,购买套餐：,缴费金额1100,初装费用,开始时间：2013-08-08 到期时间:2014-08-08','NiaoMuNiao','2013-08-08 16:21:47'),
 (1719,'127.0.0.1','新增用户kkk1124,购买套餐：,缴费金额1100,初装费用,开始时间：2013-08-08 到期时间:2014-08-08','NiaoMuNiao','2013-08-08 16:21:47'),
 (1720,'127.0.0.1','新增用户kkk1125,购买套餐：,缴费金额1100,初装费用,开始时间：2013-08-08 到期时间:2014-08-08','NiaoMuNiao','2013-08-08 16:21:47'),
 (1721,'127.0.0.1','新增用户kkk1126,购买套餐：,缴费金额1100,初装费用,开始时间：2013-08-08 到期时间:2014-08-08','NiaoMuNiao','2013-08-08 16:21:47'),
 (1722,'127.0.0.1','新增用户kkk1127,购买套餐：,缴费金额1100,初装费用,开始时间：2013-08-08 到期时间:2014-08-08','NiaoMuNiao','2013-08-08 16:21:47'),
 (1723,'127.0.0.1','新增用户kkk1128,购买套餐：,缴费金额1100,初装费用,开始时间：2013-08-08 到期时间:2014-08-08','NiaoMuNiao','2013-08-08 16:21:47'),
 (1724,'127.0.0.1','新增用户kkk1129,购买套餐：,缴费金额1100,初装费用,开始时间：2013-08-08 到期时间:2014-08-08','NiaoMuNiao','2013-08-08 16:21:47'),
 (1725,'127.0.0.1','新增用户kkk1130,购买套餐：,缴费金额1100,初装费用,开始时间：2013-08-08 到期时间:2014-08-08','NiaoMuNiao','2013-08-08 16:21:47'),
 (1726,'127.0.0.1','新增用户kkk1131,购买套餐：,缴费金额1100,初装费用,开始时间：2013-08-08 到期时间:2014-08-08','NiaoMuNiao','2013-08-08 16:21:47'),
 (1727,'127.0.0.1','新增用户kkk1132,购买套餐：,缴费金额1100,初装费用,开始时间：2013-08-08 到期时间:2014-08-08','NiaoMuNiao','2013-08-08 16:21:48'),
 (1728,'127.0.0.1','新增用户kkk1133,购买套餐：,缴费金额1100,初装费用,开始时间：2013-08-08 到期时间:2014-08-08','NiaoMuNiao','2013-08-08 16:21:48'),
 (1729,'127.0.0.1','新增用户kkk1134,购买套餐：,缴费金额1100,初装费用,开始时间：2013-08-08 到期时间:2014-08-08','NiaoMuNiao','2013-08-08 16:21:48'),
 (1730,'127.0.0.1','新增用户kkk1135,购买套餐：,缴费金额1100,初装费用,开始时间：2013-08-08 到期时间:2014-08-08','NiaoMuNiao','2013-08-08 16:21:48'),
 (1731,'127.0.0.1','新增用户kkk1136,购买套餐：,缴费金额1100,初装费用,开始时间：2013-08-08 到期时间:2014-08-08','NiaoMuNiao','2013-08-08 16:21:48'),
 (1732,'127.0.0.1','新增用户kkk1137,购买套餐：,缴费金额1100,初装费用,开始时间：2013-08-08 到期时间:2014-08-08','NiaoMuNiao','2013-08-08 16:21:48'),
 (1733,'127.0.0.1','新增用户kkk1138,购买套餐：,缴费金额1100,初装费用,开始时间：2013-08-08 到期时间:2014-08-08','NiaoMuNiao','2013-08-08 16:21:48'),
 (1734,'127.0.0.1','新增用户kkk1139,购买套餐：,缴费金额1100,初装费用,开始时间：2013-08-08 到期时间:2014-08-08','NiaoMuNiao','2013-08-08 16:21:48'),
 (1735,'127.0.0.1','新增用户kkk1140,购买套餐：,缴费金额1100,初装费用,开始时间：2013-08-08 到期时间:2014-08-08','NiaoMuNiao','2013-08-08 16:21:48'),
 (1736,'127.0.0.1','新增用户kkk1141,购买套餐：,缴费金额1100,初装费用,开始时间：2013-08-08 到期时间:2014-08-08','NiaoMuNiao','2013-08-08 16:21:48'),
 (1737,'127.0.0.1','新增用户kkk1142,购买套餐：,缴费金额1100,初装费用,开始时间：2013-08-08 到期时间:2014-08-08','NiaoMuNiao','2013-08-08 16:21:48'),
 (1738,'127.0.0.1','新增用户kkk1143,购买套餐：,缴费金额1100,初装费用,开始时间：2013-08-08 到期时间:2014-08-08','NiaoMuNiao','2013-08-08 16:21:48'),
 (1739,'127.0.0.1','新增用户kkk1144,购买套餐：,缴费金额1100,初装费用,开始时间：2013-08-08 到期时间:2014-08-08','NiaoMuNiao','2013-08-08 16:21:48'),
 (1740,'127.0.0.1','新增用户kkk1145,购买套餐：,缴费金额1100,初装费用,开始时间：2013-08-08 到期时间:2014-08-08','NiaoMuNiao','2013-08-08 16:21:48'),
 (1741,'127.0.0.1','新增用户kkk1146,购买套餐：,缴费金额1100,初装费用,开始时间：2013-08-08 到期时间:2014-08-08','NiaoMuNiao','2013-08-08 16:21:48'),
 (1742,'127.0.0.1','新增用户kkk1147,购买套餐：,缴费金额1100,初装费用,开始时间：2013-08-08 到期时间:2014-08-08','NiaoMuNiao','2013-08-08 16:21:48'),
 (1743,'127.0.0.1','新增用户kkk1148,购买套餐：,缴费金额1100,初装费用,开始时间：2013-08-08 到期时间:2014-08-08','NiaoMuNiao','2013-08-08 16:21:48'),
 (1744,'127.0.0.1','新增用户kkk1149,购买套餐：,缴费金额1100,初装费用,开始时间：2013-08-08 到期时间:2014-08-08','NiaoMuNiao','2013-08-08 16:21:48'),
 (1745,'127.0.0.1','新增用户kkk1150,购买套餐：,缴费金额1100,初装费用,开始时间：2013-08-08 到期时间:2014-08-08','NiaoMuNiao','2013-08-08 16:21:48'),
 (1746,'127.0.0.1','新增用户kkk1151,购买套餐：,缴费金额1100,初装费用,开始时间：2013-08-08 到期时间:2014-08-08','NiaoMuNiao','2013-08-08 16:21:48'),
 (1747,'127.0.0.1','新增用户kkk1152,购买套餐：,缴费金额1100,初装费用,开始时间：2013-08-08 到期时间:2014-08-08','NiaoMuNiao','2013-08-08 16:21:49'),
 (1748,'127.0.0.1','新增用户kkk1153,购买套餐：,缴费金额1100,初装费用,开始时间：2013-08-08 到期时间:2014-08-08','NiaoMuNiao','2013-08-08 16:21:49'),
 (1749,'127.0.0.1','新增用户kkk1154,购买套餐：,缴费金额1100,初装费用,开始时间：2013-08-08 到期时间:2014-08-08','NiaoMuNiao','2013-08-08 16:21:49'),
 (1750,'127.0.0.1','新增用户kkk1155,购买套餐：,缴费金额1100,初装费用,开始时间：2013-08-08 到期时间:2014-08-08','NiaoMuNiao','2013-08-08 16:21:49'),
 (1751,'127.0.0.1','新增用户kkk1156,购买套餐：,缴费金额1100,初装费用,开始时间：2013-08-08 到期时间:2014-08-08','NiaoMuNiao','2013-08-08 16:21:49'),
 (1752,'127.0.0.1','新增用户kkk1157,购买套餐：,缴费金额1100,初装费用,开始时间：2013-08-08 到期时间:2014-08-08','NiaoMuNiao','2013-08-08 16:21:49'),
 (1753,'127.0.0.1','新增用户kkk1158,购买套餐：,缴费金额1100,初装费用,开始时间：2013-08-08 到期时间:2014-08-08','NiaoMuNiao','2013-08-08 16:21:49'),
 (1754,'127.0.0.1','新增用户kkk1159,购买套餐：,缴费金额1100,初装费用,开始时间：2013-08-08 到期时间:2014-08-08','NiaoMuNiao','2013-08-08 16:21:49'),
 (1755,'127.0.0.1','新增用户kkk1160,购买套餐：,缴费金额1100,初装费用,开始时间：2013-08-08 到期时间:2014-08-08','NiaoMuNiao','2013-08-08 16:21:49'),
 (1756,'127.0.0.1','新增用户kkk1161,购买套餐：,缴费金额1100,初装费用,开始时间：2013-08-08 到期时间:2014-08-08','NiaoMuNiao','2013-08-08 16:21:49'),
 (1757,'127.0.0.1','新增用户kkk1162,购买套餐：,缴费金额1100,初装费用,开始时间：2013-08-08 到期时间:2014-08-08','NiaoMuNiao','2013-08-08 16:21:49'),
 (1758,'127.0.0.1','新增用户kkk1163,购买套餐：,缴费金额1100,初装费用,开始时间：2013-08-08 到期时间:2014-08-08','NiaoMuNiao','2013-08-08 16:21:49'),
 (1759,'127.0.0.1','新增用户kkk1164,购买套餐：,缴费金额1100,初装费用,开始时间：2013-08-08 到期时间:2014-08-08','NiaoMuNiao','2013-08-08 16:21:49'),
 (1760,'127.0.0.1','新增用户kkk1165,购买套餐：,缴费金额1100,初装费用,开始时间：2013-08-08 到期时间:2014-08-08','NiaoMuNiao','2013-08-08 16:21:49'),
 (1761,'127.0.0.1','新增用户kkk1166,购买套餐：,缴费金额1100,初装费用,开始时间：2013-08-08 到期时间:2014-08-08','NiaoMuNiao','2013-08-08 16:21:49'),
 (1762,'127.0.0.1','新增用户kkk1167,购买套餐：,缴费金额1100,初装费用,开始时间：2013-08-08 到期时间:2014-08-08','NiaoMuNiao','2013-08-08 16:21:49'),
 (1763,'127.0.0.1','新增用户kkk1168,购买套餐：,缴费金额1100,初装费用,开始时间：2013-08-08 到期时间:2014-08-08','NiaoMuNiao','2013-08-08 16:21:49'),
 (1764,'127.0.0.1','新增用户kkk1169,购买套餐：,缴费金额1100,初装费用,开始时间：2013-08-08 到期时间:2014-08-08','NiaoMuNiao','2013-08-08 16:21:49'),
 (1765,'127.0.0.1','新增用户kkk1170,购买套餐：,缴费金额1100,初装费用,开始时间：2013-08-08 到期时间:2014-08-08','NiaoMuNiao','2013-08-08 16:21:49'),
 (1766,'127.0.0.1','新增用户kkk1171,购买套餐：,缴费金额1100,初装费用,开始时间：2013-08-08 到期时间:2014-08-08','NiaoMuNiao','2013-08-08 16:21:49'),
 (1767,'127.0.0.1','新增用户kkk1172,购买套餐：,缴费金额1100,初装费用,开始时间：2013-08-08 到期时间:2014-08-08','NiaoMuNiao','2013-08-08 16:21:50'),
 (1768,'127.0.0.1','新增用户kkk1173,购买套餐：,缴费金额1100,初装费用,开始时间：2013-08-08 到期时间:2014-08-08','NiaoMuNiao','2013-08-08 16:21:50'),
 (1769,'127.0.0.1','新增用户kkk1174,购买套餐：,缴费金额1100,初装费用,开始时间：2013-08-08 到期时间:2014-08-08','NiaoMuNiao','2013-08-08 16:21:50'),
 (1770,'127.0.0.1','新增用户kkk1175,购买套餐：,缴费金额1100,初装费用,开始时间：2013-08-08 到期时间:2014-08-08','NiaoMuNiao','2013-08-08 16:21:50'),
 (1771,'127.0.0.1','新增用户kkk1176,购买套餐：,缴费金额1100,初装费用,开始时间：2013-08-08 到期时间:2014-08-08','NiaoMuNiao','2013-08-08 16:21:50'),
 (1772,'127.0.0.1','新增用户kkk1177,购买套餐：,缴费金额1100,初装费用,开始时间：2013-08-08 到期时间:2014-08-08','NiaoMuNiao','2013-08-08 16:21:50'),
 (1773,'127.0.0.1','新增用户kkk1178,购买套餐：,缴费金额1100,初装费用,开始时间：2013-08-08 到期时间:2014-08-08','NiaoMuNiao','2013-08-08 16:21:50'),
 (1774,'127.0.0.1','新增用户kkk1179,购买套餐：,缴费金额1100,初装费用,开始时间：2013-08-08 到期时间:2014-08-08','NiaoMuNiao','2013-08-08 16:21:50'),
 (1775,'127.0.0.1','新增用户kkk1180,购买套餐：,缴费金额1100,初装费用,开始时间：2013-08-08 到期时间:2014-08-08','NiaoMuNiao','2013-08-08 16:21:50'),
 (1776,'127.0.0.1','新增用户kkk1181,购买套餐：,缴费金额1100,初装费用,开始时间：2013-08-08 到期时间:2014-08-08','NiaoMuNiao','2013-08-08 16:21:50'),
 (1777,'127.0.0.1','新增用户kkk1182,购买套餐：,缴费金额1100,初装费用,开始时间：2013-08-08 到期时间:2014-08-08','NiaoMuNiao','2013-08-08 16:21:50'),
 (1778,'127.0.0.1','新增用户kkk1183,购买套餐：,缴费金额1100,初装费用,开始时间：2013-08-08 到期时间:2014-08-08','NiaoMuNiao','2013-08-08 16:21:50'),
 (1779,'127.0.0.1','新增用户kkk1184,购买套餐：,缴费金额1100,初装费用,开始时间：2013-08-08 到期时间:2014-08-08','NiaoMuNiao','2013-08-08 16:21:50');
INSERT INTO `fly_sys_log` (`id`,`ipaddr`,`content`,`editor`,`adddatetime`) VALUES 
 (1780,'127.0.0.1','新增用户kkk1185,购买套餐：,缴费金额1100,初装费用,开始时间：2013-08-08 到期时间:2014-08-08','NiaoMuNiao','2013-08-08 16:21:50'),
 (1781,'127.0.0.1','新增用户kkk1186,购买套餐：,缴费金额1100,初装费用,开始时间：2013-08-08 到期时间:2014-08-08','NiaoMuNiao','2013-08-08 16:21:50'),
 (1782,'127.0.0.1','新增用户kkk1187,购买套餐：,缴费金额1100,初装费用,开始时间：2013-08-08 到期时间:2014-08-08','NiaoMuNiao','2013-08-08 16:21:50'),
 (1783,'127.0.0.1','新增用户kkk1188,购买套餐：,缴费金额1100,初装费用,开始时间：2013-08-08 到期时间:2014-08-08','NiaoMuNiao','2013-08-08 16:21:50'),
 (1784,'127.0.0.1','新增用户kkk1189,购买套餐：,缴费金额1100,初装费用,开始时间：2013-08-08 到期时间:2014-08-08','NiaoMuNiao','2013-08-08 16:21:50'),
 (1785,'127.0.0.1','新增用户kkk1190,购买套餐：,缴费金额1100,初装费用,开始时间：2013-08-08 到期时间:2014-08-08','NiaoMuNiao','2013-08-08 16:21:51'),
 (1786,'127.0.0.1','新增用户kkk1191,购买套餐：,缴费金额1100,初装费用,开始时间：2013-08-08 到期时间:2014-08-08','NiaoMuNiao','2013-08-08 16:21:51'),
 (1787,'127.0.0.1','新增用户kkk1192,购买套餐：,缴费金额1100,初装费用,开始时间：2013-08-08 到期时间:2014-08-08','NiaoMuNiao','2013-08-08 16:21:51'),
 (1788,'127.0.0.1','新增用户kkk1193,购买套餐：,缴费金额1100,初装费用,开始时间：2013-08-08 到期时间:2014-08-08','NiaoMuNiao','2013-08-08 16:21:51'),
 (1789,'127.0.0.1','新增用户kkk1194,购买套餐：,缴费金额1100,初装费用,开始时间：2013-08-08 到期时间:2014-08-08','NiaoMuNiao','2013-08-08 16:21:51'),
 (1790,'127.0.0.1','新增用户kkk1195,购买套餐：,缴费金额1100,初装费用,开始时间：2013-08-08 到期时间:2014-08-08','NiaoMuNiao','2013-08-08 16:21:51'),
 (1791,'127.0.0.1','新增用户kkk1196,购买套餐：,缴费金额1100,初装费用,开始时间：2013-08-08 到期时间:2014-08-08','NiaoMuNiao','2013-08-08 16:21:51'),
 (1792,'127.0.0.1','新增用户kkk1197,购买套餐：,缴费金额1100,初装费用,开始时间：2013-08-08 到期时间:2014-08-08','NiaoMuNiao','2013-08-08 16:21:51'),
 (1793,'127.0.0.1','新增用户kkk1198,购买套餐：,缴费金额1100,初装费用,开始时间：2013-08-08 到期时间:2014-08-08','NiaoMuNiao','2013-08-08 16:21:51'),
 (1794,'127.0.0.1','新增用户kkk1199,购买套餐：,缴费金额1100,初装费用,开始时间：2013-08-08 到期时间:2014-08-08','NiaoMuNiao','2013-08-08 16:21:51'),
 (1795,'127.0.0.1','新增用户kkk1200,购买套餐：,缴费金额1100,初装费用,开始时间：2013-08-08 到期时间:2014-08-08','NiaoMuNiao','2013-08-08 16:21:51'),
 (1796,'127.0.0.1','新增用户kkk1201,购买套餐：,缴费金额1100,初装费用,开始时间：2013-08-08 到期时间:2014-08-08','NiaoMuNiao','2013-08-08 16:21:51'),
 (1797,'127.0.0.1','新增用户kkk1202,购买套餐：,缴费金额1100,初装费用,开始时间：2013-08-08 到期时间:2014-08-08','NiaoMuNiao','2013-08-08 16:21:51'),
 (1798,'127.0.0.1','新增用户kkk1203,购买套餐：,缴费金额1100,初装费用,开始时间：2013-08-08 到期时间:2014-08-08','NiaoMuNiao','2013-08-08 16:21:51'),
 (1799,'127.0.0.1','新增用户kkk1204,购买套餐：,缴费金额1100,初装费用,开始时间：2013-08-08 到期时间:2014-08-08','NiaoMuNiao','2013-08-08 16:21:51'),
 (1800,'127.0.0.1','新增用户kkk1205,购买套餐：,缴费金额1100,初装费用,开始时间：2013-08-08 到期时间:2014-08-08','NiaoMuNiao','2013-08-08 16:21:51'),
 (1801,'127.0.0.1','新增用户kkk1206,购买套餐：,缴费金额1100,初装费用,开始时间：2013-08-08 到期时间:2014-08-08','NiaoMuNiao','2013-08-08 16:21:51'),
 (1802,'127.0.0.1','新增用户kkk1207,购买套餐：,缴费金额1100,初装费用,开始时间：2013-08-08 到期时间:2014-08-08','NiaoMuNiao','2013-08-08 16:21:51'),
 (1803,'127.0.0.1','新增用户kkk1208,购买套餐：,缴费金额1100,初装费用,开始时间：2013-08-08 到期时间:2014-08-08','NiaoMuNiao','2013-08-08 16:21:51'),
 (1804,'127.0.0.1','新增用户kkk1209,购买套餐：,缴费金额1100,初装费用,开始时间：2013-08-08 到期时间:2014-08-08','NiaoMuNiao','2013-08-08 16:21:52'),
 (1805,'127.0.0.1','新增用户kkk1210,购买套餐：,缴费金额1100,初装费用,开始时间：2013-08-08 到期时间:2014-08-08','NiaoMuNiao','2013-08-08 16:21:52'),
 (1806,'127.0.0.1','新增用户kkk1211,购买套餐：,缴费金额1100,初装费用,开始时间：2013-08-08 到期时间:2014-08-08','NiaoMuNiao','2013-08-08 16:21:52'),
 (1807,'127.0.0.1','新增用户kkk1212,购买套餐：,缴费金额1100,初装费用,开始时间：2013-08-08 到期时间:2014-08-08','NiaoMuNiao','2013-08-08 16:21:52'),
 (1808,'127.0.0.1','新增用户kkk1213,购买套餐：,缴费金额1100,初装费用,开始时间：2013-08-08 到期时间:2014-08-08','NiaoMuNiao','2013-08-08 16:21:52'),
 (1809,'127.0.0.1','新增用户kkk1214,购买套餐：,缴费金额1100,初装费用,开始时间：2013-08-08 到期时间:2014-08-08','NiaoMuNiao','2013-08-08 16:21:52'),
 (1810,'127.0.0.1','新增用户kkk1215,购买套餐：,缴费金额1100,初装费用,开始时间：2013-08-08 到期时间:2014-08-08','NiaoMuNiao','2013-08-08 16:21:52'),
 (1811,'127.0.0.1','新增用户kkk1216,购买套餐：,缴费金额1100,初装费用,开始时间：2013-08-08 到期时间:2014-08-08','NiaoMuNiao','2013-08-08 16:21:52'),
 (1812,'127.0.0.1','新增用户kkk1217,购买套餐：,缴费金额1100,初装费用,开始时间：2013-08-08 到期时间:2014-08-08','NiaoMuNiao','2013-08-08 16:21:52'),
 (1813,'127.0.0.1','新增用户kkk1218,购买套餐：,缴费金额1100,初装费用,开始时间：2013-08-08 到期时间:2014-08-08','NiaoMuNiao','2013-08-08 16:21:52'),
 (1814,'127.0.0.1','新增用户kkk1219,购买套餐：,缴费金额1100,初装费用,开始时间：2013-08-08 到期时间:2014-08-08','NiaoMuNiao','2013-08-08 16:21:52'),
 (1815,'127.0.0.1','新增用户kkk1220,购买套餐：,缴费金额1100,初装费用,开始时间：2013-08-08 到期时间:2014-08-08','NiaoMuNiao','2013-08-08 16:21:52'),
 (1816,'127.0.0.1','新增用户kkk1221,购买套餐：,缴费金额1100,初装费用,开始时间：2013-08-08 到期时间:2014-08-08','NiaoMuNiao','2013-08-08 16:21:52'),
 (1817,'127.0.0.1','新增用户kkk1222,购买套餐：,缴费金额1100,初装费用,开始时间：2013-08-08 到期时间:2014-08-08','NiaoMuNiao','2013-08-08 16:21:53'),
 (1818,'127.0.0.1','新增用户kkk1223,购买套餐：,缴费金额1100,初装费用,开始时间：2013-08-08 到期时间:2014-08-08','NiaoMuNiao','2013-08-08 16:21:53'),
 (1819,'127.0.0.1','新增用户kkk1224,购买套餐：,缴费金额1100,初装费用,开始时间：2013-08-08 到期时间:2014-08-08','NiaoMuNiao','2013-08-08 16:21:53'),
 (1820,'127.0.0.1','新增用户kkk1225,购买套餐：,缴费金额1100,初装费用,开始时间：2013-08-08 到期时间:2014-08-08','NiaoMuNiao','2013-08-08 16:21:53'),
 (1821,'127.0.0.1','新增用户kkk1226,购买套餐：,缴费金额1100,初装费用,开始时间：2013-08-08 到期时间:2014-08-08','NiaoMuNiao','2013-08-08 16:21:53'),
 (1822,'127.0.0.1','新增用户kkk1227,购买套餐：,缴费金额1100,初装费用,开始时间：2013-08-08 到期时间:2014-08-08','NiaoMuNiao','2013-08-08 16:21:53'),
 (1823,'127.0.0.1','新增用户kkk1228,购买套餐：,缴费金额1100,初装费用,开始时间：2013-08-08 到期时间:2014-08-08','NiaoMuNiao','2013-08-08 16:21:53'),
 (1824,'127.0.0.1','新增用户kkk1229,购买套餐：,缴费金额1100,初装费用,开始时间：2013-08-08 到期时间:2014-08-08','NiaoMuNiao','2013-08-08 16:21:53'),
 (1825,'127.0.0.1','新增用户kkk1230,购买套餐：,缴费金额1100,初装费用,开始时间：2013-08-08 到期时间:2014-08-08','NiaoMuNiao','2013-08-08 16:21:53'),
 (1826,'127.0.0.1','新增用户kkk1231,购买套餐：,缴费金额1100,初装费用,开始时间：2013-08-08 到期时间:2014-08-08','NiaoMuNiao','2013-08-08 16:21:53'),
 (1827,'127.0.0.1','新增用户kkk1232,购买套餐：,缴费金额1100,初装费用,开始时间：2013-08-08 到期时间:2014-08-08','NiaoMuNiao','2013-08-08 16:21:53'),
 (1828,'127.0.0.1','新增用户kkk1233,购买套餐：,缴费金额1100,初装费用,开始时间：2013-08-08 到期时间:2014-08-08','NiaoMuNiao','2013-08-08 16:21:53'),
 (1829,'127.0.0.1','新增用户kkk1234,购买套餐：,缴费金额1100,初装费用,开始时间：2013-08-08 到期时间:2014-08-08','NiaoMuNiao','2013-08-08 16:21:53'),
 (1830,'127.0.0.1','新增用户kkk1235,购买套餐：,缴费金额1100,初装费用,开始时间：2013-08-08 到期时间:2014-08-08','NiaoMuNiao','2013-08-08 16:21:53'),
 (1831,'127.0.0.1','新增用户kkk1236,购买套餐：,缴费金额1100,初装费用,开始时间：2013-08-08 到期时间:2014-08-08','NiaoMuNiao','2013-08-08 16:21:53'),
 (1832,'127.0.0.1','新增用户kkk1237,购买套餐：,缴费金额1100,初装费用,开始时间：2013-08-08 到期时间:2014-08-08','NiaoMuNiao','2013-08-08 16:21:53'),
 (1833,'127.0.0.1','新增用户kkk1238,购买套餐：,缴费金额1100,初装费用,开始时间：2013-08-08 到期时间:2014-08-08','NiaoMuNiao','2013-08-08 16:21:53'),
 (1834,'127.0.0.1','新增用户kkk1239,购买套餐：,缴费金额1100,初装费用,开始时间：2013-08-08 到期时间:2014-08-08','NiaoMuNiao','2013-08-08 16:21:53'),
 (1835,'127.0.0.1','新增用户kkk1240,购买套餐：,缴费金额1100,初装费用,开始时间：2013-08-08 到期时间:2014-08-08','NiaoMuNiao','2013-08-08 16:21:54'),
 (1836,'127.0.0.1','新增用户kkk1241,购买套餐：,缴费金额1100,初装费用,开始时间：2013-08-08 到期时间:2014-08-08','NiaoMuNiao','2013-08-08 16:21:54'),
 (1837,'127.0.0.1','新增用户kkk1242,购买套餐：,缴费金额1100,初装费用,开始时间：2013-08-08 到期时间:2014-08-08','NiaoMuNiao','2013-08-08 16:21:54'),
 (1838,'127.0.0.1','新增用户kkk1243,购买套餐：,缴费金额1100,初装费用,开始时间：2013-08-08 到期时间:2014-08-08','NiaoMuNiao','2013-08-08 16:21:54'),
 (1839,'127.0.0.1','新增用户kkk1244,购买套餐：,缴费金额1100,初装费用,开始时间：2013-08-08 到期时间:2014-08-08','NiaoMuNiao','2013-08-08 16:21:54'),
 (1840,'127.0.0.1','新增用户kkk1245,购买套餐：,缴费金额1100,初装费用,开始时间：2013-08-08 到期时间:2014-08-08','NiaoMuNiao','2013-08-08 16:21:54'),
 (1841,'127.0.0.1','新增用户kkk1246,购买套餐：,缴费金额1100,初装费用,开始时间：2013-08-08 到期时间:2014-08-08','NiaoMuNiao','2013-08-08 16:21:54'),
 (1842,'127.0.0.1','新增用户kkk1247,购买套餐：,缴费金额1100,初装费用,开始时间：2013-08-08 到期时间:2014-08-08','NiaoMuNiao','2013-08-08 16:21:54'),
 (1843,'127.0.0.1','新增用户kkk1248,购买套餐：,缴费金额1100,初装费用,开始时间：2013-08-08 到期时间:2014-08-08','NiaoMuNiao','2013-08-08 16:21:54'),
 (1844,'127.0.0.1','新增用户kkk1249,购买套餐：,缴费金额1100,初装费用,开始时间：2013-08-08 到期时间:2014-08-08','NiaoMuNiao','2013-08-08 16:21:54'),
 (1845,'127.0.0.1','新增用户kkk1250,购买套餐：,缴费金额1100,初装费用,开始时间：2013-08-08 到期时间:2014-08-08','NiaoMuNiao','2013-08-08 16:21:54'),
 (1846,'127.0.0.1','新增用户kkk1251,购买套餐：,缴费金额1100,初装费用,开始时间：2013-08-08 到期时间:2014-08-08','NiaoMuNiao','2013-08-08 16:21:54'),
 (1847,'127.0.0.1','新增用户kkk1252,购买套餐：,缴费金额1100,初装费用,开始时间：2013-08-08 到期时间:2014-08-08','NiaoMuNiao','2013-08-08 16:21:54'),
 (1848,'127.0.0.1','新增用户kkk1253,购买套餐：,缴费金额1100,初装费用,开始时间：2013-08-08 到期时间:2014-08-08','NiaoMuNiao','2013-08-08 16:21:54'),
 (1849,'127.0.0.1','新增用户kkk1254,购买套餐：,缴费金额1100,初装费用,开始时间：2013-08-08 到期时间:2014-08-08','NiaoMuNiao','2013-08-08 16:21:54'),
 (1850,'127.0.0.1','新增用户kkk1255,购买套餐：,缴费金额1100,初装费用,开始时间：2013-08-08 到期时间:2014-08-08','NiaoMuNiao','2013-08-08 16:21:54'),
 (1851,'127.0.0.1','新增用户kkk1256,购买套餐：,缴费金额1100,初装费用,开始时间：2013-08-08 到期时间:2014-08-08','NiaoMuNiao','2013-08-08 16:21:54'),
 (1852,'127.0.0.1','新增用户kkk1257,购买套餐：,缴费金额1100,初装费用,开始时间：2013-08-08 到期时间:2014-08-08','NiaoMuNiao','2013-08-08 16:21:54'),
 (1853,'127.0.0.1','新增用户kkk1258,购买套餐：,缴费金额1100,初装费用,开始时间：2013-08-08 到期时间:2014-08-08','NiaoMuNiao','2013-08-08 16:21:55'),
 (1854,'127.0.0.1','新增用户kkk1259,购买套餐：,缴费金额1100,初装费用,开始时间：2013-08-08 到期时间:2014-08-08','NiaoMuNiao','2013-08-08 16:21:55'),
 (1855,'127.0.0.1','新增用户kkk1260,购买套餐：,缴费金额1100,初装费用,开始时间：2013-08-08 到期时间:2014-08-08','NiaoMuNiao','2013-08-08 16:21:55'),
 (1856,'127.0.0.1','新增用户kkk1261,购买套餐：,缴费金额1100,初装费用,开始时间：2013-08-08 到期时间:2014-08-08','NiaoMuNiao','2013-08-08 16:21:55'),
 (1857,'127.0.0.1','新增用户kkk1262,购买套餐：,缴费金额1100,初装费用,开始时间：2013-08-08 到期时间:2014-08-08','NiaoMuNiao','2013-08-08 16:21:55'),
 (1858,'127.0.0.1','新增用户kkk1263,购买套餐：,缴费金额1100,初装费用,开始时间：2013-08-08 到期时间:2014-08-08','NiaoMuNiao','2013-08-08 16:21:55'),
 (1859,'127.0.0.1','新增用户kkk1264,购买套餐：,缴费金额1100,初装费用,开始时间：2013-08-08 到期时间:2014-08-08','NiaoMuNiao','2013-08-08 16:21:55'),
 (1860,'127.0.0.1','新增用户kkk1265,购买套餐：,缴费金额1100,初装费用,开始时间：2013-08-08 到期时间:2014-08-08','NiaoMuNiao','2013-08-08 16:21:55'),
 (1861,'127.0.0.1','新增用户kkk1266,购买套餐：,缴费金额1100,初装费用,开始时间：2013-08-08 到期时间:2014-08-08','NiaoMuNiao','2013-08-08 16:21:55'),
 (1862,'127.0.0.1','新增用户kkk1267,购买套餐：,缴费金额1100,初装费用,开始时间：2013-08-08 到期时间:2014-08-08','NiaoMuNiao','2013-08-08 16:21:55'),
 (1863,'127.0.0.1','新增用户kkk1268,购买套餐：,缴费金额1100,初装费用,开始时间：2013-08-08 到期时间:2014-08-08','NiaoMuNiao','2013-08-08 16:21:55'),
 (1864,'127.0.0.1','新增用户kkk1269,购买套餐：,缴费金额1100,初装费用,开始时间：2013-08-08 到期时间:2014-08-08','NiaoMuNiao','2013-08-08 16:21:55'),
 (1865,'127.0.0.1','新增用户kkk1270,购买套餐：,缴费金额1100,初装费用,开始时间：2013-08-08 到期时间:2014-08-08','NiaoMuNiao','2013-08-08 16:21:55'),
 (1866,'127.0.0.1','新增用户kkk1271,购买套餐：,缴费金额1100,初装费用,开始时间：2013-08-08 到期时间:2014-08-08','NiaoMuNiao','2013-08-08 16:21:55'),
 (1867,'127.0.0.1','新增用户kkk1272,购买套餐：,缴费金额1100,初装费用,开始时间：2013-08-08 到期时间:2014-08-08','NiaoMuNiao','2013-08-08 16:21:55'),
 (1868,'127.0.0.1','新增用户kkk1273,购买套餐：,缴费金额1100,初装费用,开始时间：2013-08-08 到期时间:2014-08-08','NiaoMuNiao','2013-08-08 16:21:55'),
 (1869,'127.0.0.1','新增用户kkk1274,购买套餐：,缴费金额1100,初装费用,开始时间：2013-08-08 到期时间:2014-08-08','NiaoMuNiao','2013-08-08 16:21:55'),
 (1870,'127.0.0.1','新增用户kkk1275,购买套餐：,缴费金额1100,初装费用,开始时间：2013-08-08 到期时间:2014-08-08','NiaoMuNiao','2013-08-08 16:21:56'),
 (1871,'127.0.0.1','新增用户kkk1276,购买套餐：,缴费金额1100,初装费用,开始时间：2013-08-08 到期时间:2014-08-08','NiaoMuNiao','2013-08-08 16:21:56'),
 (1872,'127.0.0.1','新增用户kkk1277,购买套餐：,缴费金额1100,初装费用,开始时间：2013-08-08 到期时间:2014-08-08','NiaoMuNiao','2013-08-08 16:21:56'),
 (1873,'127.0.0.1','新增用户kkk1278,购买套餐：,缴费金额1100,初装费用,开始时间：2013-08-08 到期时间:2014-08-08','NiaoMuNiao','2013-08-08 16:21:56'),
 (1874,'127.0.0.1','新增用户kkk1279,购买套餐：,缴费金额1100,初装费用,开始时间：2013-08-08 到期时间:2014-08-08','NiaoMuNiao','2013-08-08 16:21:56'),
 (1875,'127.0.0.1','新增用户kkk1280,购买套餐：,缴费金额1100,初装费用,开始时间：2013-08-08 到期时间:2014-08-08','NiaoMuNiao','2013-08-08 16:21:56'),
 (1876,'127.0.0.1','新增用户kkk1281,购买套餐：,缴费金额1100,初装费用,开始时间：2013-08-08 到期时间:2014-08-08','NiaoMuNiao','2013-08-08 16:21:56'),
 (1877,'127.0.0.1','新增用户kkk1282,购买套餐：,缴费金额1100,初装费用,开始时间：2013-08-08 到期时间:2014-08-08','NiaoMuNiao','2013-08-08 16:21:56'),
 (1878,'127.0.0.1','新增用户kkk1283,购买套餐：,缴费金额1100,初装费用,开始时间：2013-08-08 到期时间:2014-08-08','NiaoMuNiao','2013-08-08 16:21:56'),
 (1879,'127.0.0.1','新增用户kkk1284,购买套餐：,缴费金额1100,初装费用,开始时间：2013-08-08 到期时间:2014-08-08','NiaoMuNiao','2013-08-08 16:21:56'),
 (1880,'127.0.0.1','新增用户kkk1285,购买套餐：,缴费金额1100,初装费用,开始时间：2013-08-08 到期时间:2014-08-08','NiaoMuNiao','2013-08-08 16:21:56'),
 (1881,'127.0.0.1','新增用户kkk1286,购买套餐：,缴费金额1100,初装费用,开始时间：2013-08-08 到期时间:2014-08-08','NiaoMuNiao','2013-08-08 16:21:56'),
 (1882,'127.0.0.1','新增用户kkk1287,购买套餐：,缴费金额1100,初装费用,开始时间：2013-08-08 到期时间:2014-08-08','NiaoMuNiao','2013-08-08 16:21:56'),
 (1883,'127.0.0.1','新增用户kkk1288,购买套餐：,缴费金额1100,初装费用,开始时间：2013-08-08 到期时间:2014-08-08','NiaoMuNiao','2013-08-08 16:21:56'),
 (1884,'127.0.0.1','新增用户kkk1289,购买套餐：,缴费金额1100,初装费用,开始时间：2013-08-08 到期时间:2014-08-08','NiaoMuNiao','2013-08-08 16:21:56'),
 (1885,'127.0.0.1','新增用户kkk1290,购买套餐：,缴费金额1100,初装费用,开始时间：2013-08-08 到期时间:2014-08-08','NiaoMuNiao','2013-08-08 16:21:56'),
 (1886,'127.0.0.1','新增用户kkk1291,购买套餐：,缴费金额1100,初装费用,开始时间：2013-08-08 到期时间:2014-08-08','NiaoMuNiao','2013-08-08 16:21:56'),
 (1887,'127.0.0.1','新增用户kkk1292,购买套餐：,缴费金额1100,初装费用,开始时间：2013-08-08 到期时间:2014-08-08','NiaoMuNiao','2013-08-08 16:21:56'),
 (1888,'127.0.0.1','新增用户kkk1293,购买套餐：,缴费金额1100,初装费用,开始时间：2013-08-08 到期时间:2014-08-08','NiaoMuNiao','2013-08-08 16:21:57'),
 (1889,'127.0.0.1','新增用户kkk1294,购买套餐：,缴费金额1100,初装费用,开始时间：2013-08-08 到期时间:2014-08-08','NiaoMuNiao','2013-08-08 16:21:57'),
 (1890,'127.0.0.1','新增用户kkk1295,购买套餐：,缴费金额1100,初装费用,开始时间：2013-08-08 到期时间:2014-08-08','NiaoMuNiao','2013-08-08 16:21:57'),
 (1891,'127.0.0.1','新增用户kkk1296,购买套餐：,缴费金额1100,初装费用,开始时间：2013-08-08 到期时间:2014-08-08','NiaoMuNiao','2013-08-08 16:21:57'),
 (1892,'127.0.0.1','新增用户kkk1297,购买套餐：,缴费金额1100,初装费用,开始时间：2013-08-08 到期时间:2014-08-08','NiaoMuNiao','2013-08-08 16:21:57'),
 (1893,'127.0.0.1','新增用户kkk1298,购买套餐：,缴费金额1100,初装费用,开始时间：2013-08-08 到期时间:2014-08-08','NiaoMuNiao','2013-08-08 16:21:57'),
 (1894,'127.0.0.1','新增用户kkk1299,购买套餐：,缴费金额1100,初装费用,开始时间：2013-08-08 到期时间:2014-08-08','NiaoMuNiao','2013-08-08 16:21:57'),
 (1895,'127.0.0.1','新增用户kkk1300,购买套餐：,缴费金额1100,初装费用,开始时间：2013-08-08 到期时间:2014-08-08','NiaoMuNiao','2013-08-08 16:21:57'),
 (1896,'127.0.0.1','新增用户kkk1301,购买套餐：,缴费金额1100,初装费用,开始时间：2013-08-08 到期时间:2014-08-08','NiaoMuNiao','2013-08-08 16:21:57'),
 (1897,'127.0.0.1','新增用户kkk1302,购买套餐：,缴费金额1100,初装费用,开始时间：2013-08-08 到期时间:2014-08-08','NiaoMuNiao','2013-08-08 16:21:57'),
 (1898,'127.0.0.1','新增用户kkk1303,购买套餐：,缴费金额1100,初装费用,开始时间：2013-08-08 到期时间:2014-08-08','NiaoMuNiao','2013-08-08 16:21:57'),
 (1899,'127.0.0.1','新增用户kkk1304,购买套餐：,缴费金额1100,初装费用,开始时间：2013-08-08 到期时间:2014-08-08','NiaoMuNiao','2013-08-08 16:21:57'),
 (1900,'127.0.0.1','新增用户kkk1305,购买套餐：,缴费金额1100,初装费用,开始时间：2013-08-08 到期时间:2014-08-08','NiaoMuNiao','2013-08-08 16:21:58'),
 (1901,'127.0.0.1','新增用户kkk1306,购买套餐：,缴费金额1100,初装费用,开始时间：2013-08-08 到期时间:2014-08-08','NiaoMuNiao','2013-08-08 16:21:58'),
 (1902,'127.0.0.1','新增用户kkk1307,购买套餐：,缴费金额1100,初装费用,开始时间：2013-08-08 到期时间:2014-08-08','NiaoMuNiao','2013-08-08 16:21:58'),
 (1903,'127.0.0.1','新增用户kkk1308,购买套餐：,缴费金额1100,初装费用,开始时间：2013-08-08 到期时间:2014-08-08','NiaoMuNiao','2013-08-08 16:21:58'),
 (1904,'127.0.0.1','新增用户kkk1309,购买套餐：,缴费金额1100,初装费用,开始时间：2013-08-08 到期时间:2014-08-08','NiaoMuNiao','2013-08-08 16:21:58'),
 (1905,'127.0.0.1','新增用户kkk1310,购买套餐：,缴费金额1100,初装费用,开始时间：2013-08-08 到期时间:2014-08-08','NiaoMuNiao','2013-08-08 16:21:58'),
 (1906,'127.0.0.1','新增用户kkk1311,购买套餐：,缴费金额1100,初装费用,开始时间：2013-08-08 到期时间:2014-08-08','NiaoMuNiao','2013-08-08 16:21:58'),
 (1907,'127.0.0.1','新增用户kkk1312,购买套餐：,缴费金额1100,初装费用,开始时间：2013-08-08 到期时间:2014-08-08','NiaoMuNiao','2013-08-08 16:21:58'),
 (1908,'127.0.0.1','新增用户kkk1313,购买套餐：,缴费金额1100,初装费用,开始时间：2013-08-08 到期时间:2014-08-08','NiaoMuNiao','2013-08-08 16:21:58'),
 (1909,'127.0.0.1','新增用户kkk1314,购买套餐：,缴费金额1100,初装费用,开始时间：2013-08-08 到期时间:2014-08-08','NiaoMuNiao','2013-08-08 16:21:58'),
 (1910,'127.0.0.1','新增用户kkk1315,购买套餐：,缴费金额1100,初装费用,开始时间：2013-08-08 到期时间:2014-08-08','NiaoMuNiao','2013-08-08 16:21:58'),
 (1911,'127.0.0.1','新增用户kkk1316,购买套餐：,缴费金额1100,初装费用,开始时间：2013-08-08 到期时间:2014-08-08','NiaoMuNiao','2013-08-08 16:21:58'),
 (1912,'127.0.0.1','新增用户kkk1317,购买套餐：,缴费金额1100,初装费用,开始时间：2013-08-08 到期时间:2014-08-08','NiaoMuNiao','2013-08-08 16:21:58'),
 (1913,'127.0.0.1','新增用户kkk1318,购买套餐：,缴费金额1100,初装费用,开始时间：2013-08-08 到期时间:2014-08-08','NiaoMuNiao','2013-08-08 16:21:58'),
 (1914,'127.0.0.1','新增用户kkk1319,购买套餐：,缴费金额1100,初装费用,开始时间：2013-08-08 到期时间:2014-08-08','NiaoMuNiao','2013-08-08 16:21:58'),
 (1915,'127.0.0.1','新增用户kkk1320,购买套餐：,缴费金额1100,初装费用,开始时间：2013-08-08 到期时间:2014-08-08','NiaoMuNiao','2013-08-08 16:21:58'),
 (1916,'127.0.0.1','新增用户kkk1321,购买套餐：,缴费金额1100,初装费用,开始时间：2013-08-08 到期时间:2014-08-08','NiaoMuNiao','2013-08-08 16:21:58'),
 (1917,'127.0.0.1','新增用户kkk1322,购买套餐：,缴费金额1100,初装费用,开始时间：2013-08-08 到期时间:2014-08-08','NiaoMuNiao','2013-08-08 16:21:59'),
 (1918,'127.0.0.1','新增用户kkk1323,购买套餐：,缴费金额1100,初装费用,开始时间：2013-08-08 到期时间:2014-08-08','NiaoMuNiao','2013-08-08 16:21:59'),
 (1919,'127.0.0.1','新增用户kkk1324,购买套餐：,缴费金额1100,初装费用,开始时间：2013-08-08 到期时间:2014-08-08','NiaoMuNiao','2013-08-08 16:21:59'),
 (1920,'127.0.0.1','新增用户kkk1325,购买套餐：,缴费金额1100,初装费用,开始时间：2013-08-08 到期时间:2014-08-08','NiaoMuNiao','2013-08-08 16:21:59'),
 (1921,'127.0.0.1','新增用户kkk1326,购买套餐：,缴费金额1100,初装费用,开始时间：2013-08-08 到期时间:2014-08-08','NiaoMuNiao','2013-08-08 16:21:59'),
 (1922,'127.0.0.1','新增用户kkk1327,购买套餐：,缴费金额1100,初装费用,开始时间：2013-08-08 到期时间:2014-08-08','NiaoMuNiao','2013-08-08 16:21:59'),
 (1923,'127.0.0.1','新增用户kkk1328,购买套餐：,缴费金额1100,初装费用,开始时间：2013-08-08 到期时间:2014-08-08','NiaoMuNiao','2013-08-08 16:21:59'),
 (1924,'127.0.0.1','新增用户kkk1329,购买套餐：,缴费金额1100,初装费用,开始时间：2013-08-08 到期时间:2014-08-08','NiaoMuNiao','2013-08-08 16:21:59'),
 (1925,'127.0.0.1','新增用户kkk1330,购买套餐：,缴费金额1100,初装费用,开始时间：2013-08-08 到期时间:2014-08-08','NiaoMuNiao','2013-08-08 16:21:59'),
 (1926,'127.0.0.1','新增用户kkk1331,购买套餐：,缴费金额1100,初装费用,开始时间：2013-08-08 到期时间:2014-08-08','NiaoMuNiao','2013-08-08 16:21:59'),
 (1927,'127.0.0.1','新增用户kkk1332,购买套餐：,缴费金额1100,初装费用,开始时间：2013-08-08 到期时间:2014-08-08','NiaoMuNiao','2013-08-08 16:21:59'),
 (1928,'127.0.0.1','新增用户kkk1333,购买套餐：,缴费金额1100,初装费用,开始时间：2013-08-08 到期时间:2014-08-08','NiaoMuNiao','2013-08-08 16:21:59'),
 (1929,'127.0.0.1','新增用户kkk1334,购买套餐：,缴费金额1100,初装费用,开始时间：2013-08-08 到期时间:2014-08-08','NiaoMuNiao','2013-08-08 16:21:59'),
 (1930,'127.0.0.1','新增用户kkk1335,购买套餐：,缴费金额1100,初装费用,开始时间：2013-08-08 到期时间:2014-08-08','NiaoMuNiao','2013-08-08 16:21:59'),
 (1931,'127.0.0.1','新增用户kkk1336,购买套餐：,缴费金额1100,初装费用,开始时间：2013-08-08 到期时间:2014-08-08','NiaoMuNiao','2013-08-08 16:21:59'),
 (1932,'127.0.0.1','新增用户kkk1337,购买套餐：,缴费金额1100,初装费用,开始时间：2013-08-08 到期时间:2014-08-08','NiaoMuNiao','2013-08-08 16:21:59'),
 (1933,'127.0.0.1','新增用户kkk1338,购买套餐：,缴费金额1100,初装费用,开始时间：2013-08-08 到期时间:2014-08-08','NiaoMuNiao','2013-08-08 16:21:59'),
 (1934,'127.0.0.1','新增用户kkk1339,购买套餐：,缴费金额1100,初装费用,开始时间：2013-08-08 到期时间:2014-08-08','NiaoMuNiao','2013-08-08 16:22:00'),
 (1935,'127.0.0.1','新增用户kkk1340,购买套餐：,缴费金额1100,初装费用,开始时间：2013-08-08 到期时间:2014-08-08','NiaoMuNiao','2013-08-08 16:22:00'),
 (1936,'127.0.0.1','新增用户kkk1341,购买套餐：,缴费金额1100,初装费用,开始时间：2013-08-08 到期时间:2014-08-08','NiaoMuNiao','2013-08-08 16:22:00'),
 (1937,'127.0.0.1','新增用户kkk1342,购买套餐：,缴费金额1100,初装费用,开始时间：2013-08-08 到期时间:2014-08-08','NiaoMuNiao','2013-08-08 16:22:00'),
 (1938,'127.0.0.1','新增用户kkk1343,购买套餐：,缴费金额1100,初装费用,开始时间：2013-08-08 到期时间:2014-08-08','NiaoMuNiao','2013-08-08 16:22:00'),
 (1939,'127.0.0.1','新增用户kkk1344,购买套餐：,缴费金额1100,初装费用,开始时间：2013-08-08 到期时间:2014-08-08','NiaoMuNiao','2013-08-08 16:22:00'),
 (1940,'127.0.0.1','新增用户kkk1345,购买套餐：,缴费金额1100,初装费用,开始时间：2013-08-08 到期时间:2014-08-08','NiaoMuNiao','2013-08-08 16:22:00'),
 (1941,'127.0.0.1','新增用户kkk1346,购买套餐：,缴费金额1100,初装费用,开始时间：2013-08-08 到期时间:2014-08-08','NiaoMuNiao','2013-08-08 16:22:00'),
 (1942,'127.0.0.1','新增用户kkk1347,购买套餐：,缴费金额1100,初装费用,开始时间：2013-08-08 到期时间:2014-08-08','NiaoMuNiao','2013-08-08 16:22:00'),
 (1943,'127.0.0.1','新增用户kkk1348,购买套餐：,缴费金额1100,初装费用,开始时间：2013-08-08 到期时间:2014-08-08','NiaoMuNiao','2013-08-08 16:22:00'),
 (1944,'127.0.0.1','新增用户kkk1349,购买套餐：,缴费金额1100,初装费用,开始时间：2013-08-08 到期时间:2014-08-08','NiaoMuNiao','2013-08-08 16:22:00'),
 (1945,'127.0.0.1','新增用户kkk1350,购买套餐：,缴费金额1100,初装费用,开始时间：2013-08-08 到期时间:2014-08-08','NiaoMuNiao','2013-08-08 16:22:00'),
 (1946,'127.0.0.1','新增用户kkk1351,购买套餐：,缴费金额1100,初装费用,开始时间：2013-08-08 到期时间:2014-08-08','NiaoMuNiao','2013-08-08 16:22:00'),
 (1947,'127.0.0.1','新增用户kkk1352,购买套餐：,缴费金额1100,初装费用,开始时间：2013-08-08 到期时间:2014-08-08','NiaoMuNiao','2013-08-08 16:22:00'),
 (1948,'127.0.0.1','新增用户kkk1353,购买套餐：,缴费金额1100,初装费用,开始时间：2013-08-08 到期时间:2014-08-08','NiaoMuNiao','2013-08-08 16:22:00'),
 (1949,'127.0.0.1','新增用户kkk1354,购买套餐：,缴费金额1100,初装费用,开始时间：2013-08-08 到期时间:2014-08-08','NiaoMuNiao','2013-08-08 16:22:00'),
 (1950,'127.0.0.1','新增用户kkk1355,购买套餐：,缴费金额1100,初装费用,开始时间：2013-08-08 到期时间:2014-08-08','NiaoMuNiao','2013-08-08 16:22:01'),
 (1951,'127.0.0.1','新增用户kkk1356,购买套餐：,缴费金额1100,初装费用,开始时间：2013-08-08 到期时间:2014-08-08','NiaoMuNiao','2013-08-08 16:22:01'),
 (1952,'127.0.0.1','新增用户kkk1357,购买套餐：,缴费金额1100,初装费用,开始时间：2013-08-08 到期时间:2014-08-08','NiaoMuNiao','2013-08-08 16:22:01'),
 (1953,'127.0.0.1','新增用户kkk1358,购买套餐：,缴费金额1100,初装费用,开始时间：2013-08-08 到期时间:2014-08-08','NiaoMuNiao','2013-08-08 16:22:01'),
 (1954,'127.0.0.1','新增用户kkk1359,购买套餐：,缴费金额1100,初装费用,开始时间：2013-08-08 到期时间:2014-08-08','NiaoMuNiao','2013-08-08 16:22:01'),
 (1955,'127.0.0.1','新增用户kkk1360,购买套餐：,缴费金额1100,初装费用,开始时间：2013-08-08 到期时间:2014-08-08','NiaoMuNiao','2013-08-08 16:22:01'),
 (1956,'127.0.0.1','新增用户kkk1361,购买套餐：,缴费金额1100,初装费用,开始时间：2013-08-08 到期时间:2014-08-08','NiaoMuNiao','2013-08-08 16:22:01'),
 (1957,'127.0.0.1','新增用户kkk1362,购买套餐：,缴费金额1100,初装费用,开始时间：2013-08-08 到期时间:2014-08-08','NiaoMuNiao','2013-08-08 16:22:01'),
 (1958,'127.0.0.1','新增用户kkk1363,购买套餐：,缴费金额1100,初装费用,开始时间：2013-08-08 到期时间:2014-08-08','NiaoMuNiao','2013-08-08 16:22:01'),
 (1959,'127.0.0.1','新增用户kkk1364,购买套餐：,缴费金额1100,初装费用,开始时间：2013-08-08 到期时间:2014-08-08','NiaoMuNiao','2013-08-08 16:22:01'),
 (1960,'127.0.0.1','新增用户kkk1365,购买套餐：,缴费金额1100,初装费用,开始时间：2013-08-08 到期时间:2014-08-08','NiaoMuNiao','2013-08-08 16:22:01'),
 (1961,'127.0.0.1','新增用户kkk1366,购买套餐：,缴费金额1100,初装费用,开始时间：2013-08-08 到期时间:2014-08-08','NiaoMuNiao','2013-08-08 16:22:01'),
 (1962,'127.0.0.1','新增用户kkk1367,购买套餐：,缴费金额1100,初装费用,开始时间：2013-08-08 到期时间:2014-08-08','NiaoMuNiao','2013-08-08 16:22:01'),
 (1963,'127.0.0.1','新增用户kkk1368,购买套餐：,缴费金额1100,初装费用,开始时间：2013-08-08 到期时间:2014-08-08','NiaoMuNiao','2013-08-08 16:22:01'),
 (1964,'127.0.0.1','新增用户kkk1369,购买套餐：,缴费金额1100,初装费用,开始时间：2013-08-08 到期时间:2014-08-08','NiaoMuNiao','2013-08-08 16:22:01'),
 (1965,'127.0.0.1','新增用户kkk1370,购买套餐：,缴费金额1100,初装费用,开始时间：2013-08-08 到期时间:2014-08-08','NiaoMuNiao','2013-08-08 16:22:01'),
 (1966,'127.0.0.1','新增用户kkk1371,购买套餐：,缴费金额1100,初装费用,开始时间：2013-08-08 到期时间:2014-08-08','NiaoMuNiao','2013-08-08 16:22:01'),
 (1967,'127.0.0.1','新增用户kkk1372,购买套餐：,缴费金额1100,初装费用,开始时间：2013-08-08 到期时间:2014-08-08','NiaoMuNiao','2013-08-08 16:22:01'),
 (1968,'127.0.0.1','新增用户kkk1373,购买套餐：,缴费金额1100,初装费用,开始时间：2013-08-08 到期时间:2014-08-08','NiaoMuNiao','2013-08-08 16:22:02'),
 (1969,'127.0.0.1','新增用户kkk1374,购买套餐：,缴费金额1100,初装费用,开始时间：2013-08-08 到期时间:2014-08-08','NiaoMuNiao','2013-08-08 16:22:02'),
 (1970,'127.0.0.1','新增用户kkk1375,购买套餐：,缴费金额1100,初装费用,开始时间：2013-08-08 到期时间:2014-08-08','NiaoMuNiao','2013-08-08 16:22:02'),
 (1971,'127.0.0.1','新增用户kkk1376,购买套餐：,缴费金额1100,初装费用,开始时间：2013-08-08 到期时间:2014-08-08','NiaoMuNiao','2013-08-08 16:22:02'),
 (1972,'127.0.0.1','新增用户kkk1377,购买套餐：,缴费金额1100,初装费用,开始时间：2013-08-08 到期时间:2014-08-08','NiaoMuNiao','2013-08-08 16:22:02'),
 (1973,'127.0.0.1','新增用户kkk1378,购买套餐：,缴费金额1100,初装费用,开始时间：2013-08-08 到期时间:2014-08-08','NiaoMuNiao','2013-08-08 16:22:02'),
 (1974,'127.0.0.1','新增用户kkk1379,购买套餐：,缴费金额1100,初装费用,开始时间：2013-08-08 到期时间:2014-08-08','NiaoMuNiao','2013-08-08 16:22:02'),
 (1975,'127.0.0.1','新增用户kkk1380,购买套餐：,缴费金额1100,初装费用,开始时间：2013-08-08 到期时间:2014-08-08','NiaoMuNiao','2013-08-08 16:22:02'),
 (1976,'127.0.0.1','新增用户kkk1381,购买套餐：,缴费金额1100,初装费用,开始时间：2013-08-08 到期时间:2014-08-08','NiaoMuNiao','2013-08-08 16:22:02'),
 (1977,'127.0.0.1','新增用户kkk1382,购买套餐：,缴费金额1100,初装费用,开始时间：2013-08-08 到期时间:2014-08-08','NiaoMuNiao','2013-08-08 16:22:02'),
 (1978,'127.0.0.1','新增用户kkk1383,购买套餐：,缴费金额1100,初装费用,开始时间：2013-08-08 到期时间:2014-08-08','NiaoMuNiao','2013-08-08 16:22:02'),
 (1979,'127.0.0.1','新增用户kkk1384,购买套餐：,缴费金额1100,初装费用,开始时间：2013-08-08 到期时间:2014-08-08','NiaoMuNiao','2013-08-08 16:22:02'),
 (1980,'127.0.0.1','新增用户kkk1385,购买套餐：,缴费金额1100,初装费用,开始时间：2013-08-08 到期时间:2014-08-08','NiaoMuNiao','2013-08-08 16:22:02'),
 (1981,'127.0.0.1','新增用户kkk1386,购买套餐：,缴费金额1100,初装费用,开始时间：2013-08-08 到期时间:2014-08-08','NiaoMuNiao','2013-08-08 16:22:02'),
 (1982,'127.0.0.1','新增用户kkk1387,购买套餐：,缴费金额1100,初装费用,开始时间：2013-08-08 到期时间:2014-08-08','NiaoMuNiao','2013-08-08 16:22:02'),
 (1983,'127.0.0.1','新增用户kkk1388,购买套餐：,缴费金额1100,初装费用,开始时间：2013-08-08 到期时间:2014-08-08','NiaoMuNiao','2013-08-08 16:22:02'),
 (1984,'127.0.0.1','新增用户kkk1389,购买套餐：,缴费金额1100,初装费用,开始时间：2013-08-08 到期时间:2014-08-08','NiaoMuNiao','2013-08-08 16:22:02'),
 (1985,'127.0.0.1','新增用户kkk1390,购买套餐：,缴费金额1100,初装费用,开始时间：2013-08-08 到期时间:2014-08-08','NiaoMuNiao','2013-08-08 16:22:03'),
 (1986,'127.0.0.1','新增用户kkk1391,购买套餐：,缴费金额1100,初装费用,开始时间：2013-08-08 到期时间:2014-08-08','NiaoMuNiao','2013-08-08 16:22:03'),
 (1987,'127.0.0.1','新增用户kkk1392,购买套餐：,缴费金额1100,初装费用,开始时间：2013-08-08 到期时间:2014-08-08','NiaoMuNiao','2013-08-08 16:22:03'),
 (1988,'127.0.0.1','新增用户kkk1393,购买套餐：,缴费金额1100,初装费用,开始时间：2013-08-08 到期时间:2014-08-08','NiaoMuNiao','2013-08-08 16:22:03'),
 (1989,'127.0.0.1','新增用户kkk1394,购买套餐：,缴费金额1100,初装费用,开始时间：2013-08-08 到期时间:2014-08-08','NiaoMuNiao','2013-08-08 16:22:03'),
 (1990,'127.0.0.1','新增用户kkk1395,购买套餐：,缴费金额1100,初装费用,开始时间：2013-08-08 到期时间:2014-08-08','NiaoMuNiao','2013-08-08 16:22:03'),
 (1991,'127.0.0.1','新增用户kkk1396,购买套餐：,缴费金额1100,初装费用,开始时间：2013-08-08 到期时间:2014-08-08','NiaoMuNiao','2013-08-08 16:22:03'),
 (1992,'127.0.0.1','新增用户kkk1397,购买套餐：,缴费金额1100,初装费用,开始时间：2013-08-08 到期时间:2014-08-08','NiaoMuNiao','2013-08-08 16:22:03'),
 (1993,'127.0.0.1','新增用户kkk1398,购买套餐：,缴费金额1100,初装费用,开始时间：2013-08-08 到期时间:2014-08-08','NiaoMuNiao','2013-08-08 16:22:03'),
 (1994,'127.0.0.1','新增用户kkk1399,购买套餐：,缴费金额1100,初装费用,开始时间：2013-08-08 到期时间:2014-08-08','NiaoMuNiao','2013-08-08 16:22:03'),
 (1995,'127.0.0.1','新增用户kkk1400,购买套餐：,缴费金额1100,初装费用,开始时间：2013-08-08 到期时间:2014-08-08','NiaoMuNiao','2013-08-08 16:22:03'),
 (1996,'127.0.0.1','新增用户kkk1401,购买套餐：,缴费金额1100,初装费用,开始时间：2013-08-08 到期时间:2014-08-08','NiaoMuNiao','2013-08-08 16:22:03'),
 (1997,'127.0.0.1','新增用户kkk1402,购买套餐：,缴费金额1100,初装费用,开始时间：2013-08-08 到期时间:2014-08-08','NiaoMuNiao','2013-08-08 16:22:03'),
 (1998,'127.0.0.1','新增用户kkk1403,购买套餐：,缴费金额1100,初装费用,开始时间：2013-08-08 到期时间:2014-08-08','NiaoMuNiao','2013-08-08 16:22:03'),
 (1999,'127.0.0.1','新增用户kkk1404,购买套餐：,缴费金额1100,初装费用,开始时间：2013-08-08 到期时间:2014-08-08','NiaoMuNiao','2013-08-08 16:22:03'),
 (2000,'127.0.0.1','新增用户kkk1405,购买套餐：,缴费金额1100,初装费用,开始时间：2013-08-08 到期时间:2014-08-08','NiaoMuNiao','2013-08-08 16:22:03'),
 (2001,'127.0.0.1','新增用户kkk1406,购买套餐：,缴费金额1100,初装费用,开始时间：2013-08-08 到期时间:2014-08-08','NiaoMuNiao','2013-08-08 16:22:03'),
 (2002,'127.0.0.1','新增用户kkk1407,购买套餐：,缴费金额1100,初装费用,开始时间：2013-08-08 到期时间:2014-08-08','NiaoMuNiao','2013-08-08 16:22:04'),
 (2003,'127.0.0.1','新增用户kkk1408,购买套餐：,缴费金额1100,初装费用,开始时间：2013-08-08 到期时间:2014-08-08','NiaoMuNiao','2013-08-08 16:22:04'),
 (2004,'127.0.0.1','新增用户kkk1409,购买套餐：,缴费金额1100,初装费用,开始时间：2013-08-08 到期时间:2014-08-08','NiaoMuNiao','2013-08-08 16:22:04'),
 (2005,'127.0.0.1','新增用户kkk1410,购买套餐：,缴费金额1100,初装费用,开始时间：2013-08-08 到期时间:2014-08-08','NiaoMuNiao','2013-08-08 16:22:04'),
 (2006,'127.0.0.1','新增用户kkk1411,购买套餐：,缴费金额1100,初装费用,开始时间：2013-08-08 到期时间:2014-08-08','NiaoMuNiao','2013-08-08 16:22:04'),
 (2007,'127.0.0.1','新增用户kkk1412,购买套餐：,缴费金额1100,初装费用,开始时间：2013-08-08 到期时间:2014-08-08','NiaoMuNiao','2013-08-08 16:22:04'),
 (2008,'127.0.0.1','新增用户kkk1413,购买套餐：,缴费金额1100,初装费用,开始时间：2013-08-08 到期时间:2014-08-08','NiaoMuNiao','2013-08-08 16:22:04'),
 (2009,'127.0.0.1','新增用户kkk1414,购买套餐：,缴费金额1100,初装费用,开始时间：2013-08-08 到期时间:2014-08-08','NiaoMuNiao','2013-08-08 16:22:04'),
 (2010,'127.0.0.1','新增用户kkk1415,购买套餐：,缴费金额1100,初装费用,开始时间：2013-08-08 到期时间:2014-08-08','NiaoMuNiao','2013-08-08 16:22:04'),
 (2011,'127.0.0.1','新增用户kkk1416,购买套餐：,缴费金额1100,初装费用,开始时间：2013-08-08 到期时间:2014-08-08','NiaoMuNiao','2013-08-08 16:22:04'),
 (2012,'127.0.0.1','新增用户kkk1417,购买套餐：,缴费金额1100,初装费用,开始时间：2013-08-08 到期时间:2014-08-08','NiaoMuNiao','2013-08-08 16:22:04'),
 (2013,'127.0.0.1','新增用户kkk1418,购买套餐：,缴费金额1100,初装费用,开始时间：2013-08-08 到期时间:2014-08-08','NiaoMuNiao','2013-08-08 16:22:04'),
 (2014,'127.0.0.1','新增用户kkk1419,购买套餐：,缴费金额1100,初装费用,开始时间：2013-08-08 到期时间:2014-08-08','NiaoMuNiao','2013-08-08 16:22:04'),
 (2015,'127.0.0.1','新增用户kkk1420,购买套餐：,缴费金额1100,初装费用,开始时间：2013-08-08 到期时间:2014-08-08','NiaoMuNiao','2013-08-08 16:22:04'),
 (2016,'127.0.0.1','新增用户kkk1421,购买套餐：,缴费金额1100,初装费用,开始时间：2013-08-08 到期时间:2014-08-08','NiaoMuNiao','2013-08-08 16:22:04'),
 (2017,'127.0.0.1','新增用户kkk1422,购买套餐：,缴费金额1100,初装费用,开始时间：2013-08-08 到期时间:2014-08-08','NiaoMuNiao','2013-08-08 16:22:04'),
 (2018,'127.0.0.1','新增用户kkk1423,购买套餐：,缴费金额1100,初装费用,开始时间：2013-08-08 到期时间:2014-08-08','NiaoMuNiao','2013-08-08 16:22:04'),
 (2019,'127.0.0.1','新增用户kkk1424,购买套餐：,缴费金额1100,初装费用,开始时间：2013-08-08 到期时间:2014-08-08','NiaoMuNiao','2013-08-08 16:22:05'),
 (2020,'127.0.0.1','新增用户kkk1425,购买套餐：,缴费金额1100,初装费用,开始时间：2013-08-08 到期时间:2014-08-08','NiaoMuNiao','2013-08-08 16:22:05'),
 (2021,'127.0.0.1','新增用户kkk1426,购买套餐：,缴费金额1100,初装费用,开始时间：2013-08-08 到期时间:2014-08-08','NiaoMuNiao','2013-08-08 16:22:05'),
 (2022,'127.0.0.1','新增用户kkk1427,购买套餐：,缴费金额1100,初装费用,开始时间：2013-08-08 到期时间:2014-08-08','NiaoMuNiao','2013-08-08 16:22:05'),
 (2023,'127.0.0.1','新增用户kkk1428,购买套餐：,缴费金额1100,初装费用,开始时间：2013-08-08 到期时间:2014-08-08','NiaoMuNiao','2013-08-08 16:22:05'),
 (2024,'127.0.0.1','新增用户kkk1429,购买套餐：,缴费金额1100,初装费用,开始时间：2013-08-08 到期时间:2014-08-08','NiaoMuNiao','2013-08-08 16:22:05'),
 (2025,'127.0.0.1','新增用户kkk1430,购买套餐：,缴费金额1100,初装费用,开始时间：2013-08-08 到期时间:2014-08-08','NiaoMuNiao','2013-08-08 16:22:05'),
 (2026,'127.0.0.1','新增用户kkk1431,购买套餐：,缴费金额1100,初装费用,开始时间：2013-08-08 到期时间:2014-08-08','NiaoMuNiao','2013-08-08 16:22:05'),
 (2027,'127.0.0.1','新增用户kkk1432,购买套餐：,缴费金额1100,初装费用,开始时间：2013-08-08 到期时间:2014-08-08','NiaoMuNiao','2013-08-08 16:22:05'),
 (2028,'127.0.0.1','新增用户kkk1433,购买套餐：,缴费金额1100,初装费用,开始时间：2013-08-08 到期时间:2014-08-08','NiaoMuNiao','2013-08-08 16:22:05'),
 (2029,'127.0.0.1','新增用户kkk1434,购买套餐：,缴费金额1100,初装费用,开始时间：2013-08-08 到期时间:2014-08-08','NiaoMuNiao','2013-08-08 16:22:05'),
 (2030,'127.0.0.1','新增用户kkk1435,购买套餐：,缴费金额1100,初装费用,开始时间：2013-08-08 到期时间:2014-08-08','NiaoMuNiao','2013-08-08 16:22:05'),
 (2031,'127.0.0.1','新增用户kkk1436,购买套餐：,缴费金额1100,初装费用,开始时间：2013-08-08 到期时间:2014-08-08','NiaoMuNiao','2013-08-08 16:22:05'),
 (2032,'127.0.0.1','新增用户kkk1437,购买套餐：,缴费金额1100,初装费用,开始时间：2013-08-08 到期时间:2014-08-08','NiaoMuNiao','2013-08-08 16:22:05'),
 (2033,'127.0.0.1','新增用户kkk1438,购买套餐：,缴费金额1100,初装费用,开始时间：2013-08-08 到期时间:2014-08-08','NiaoMuNiao','2013-08-08 16:22:05'),
 (2034,'127.0.0.1','新增用户kkk1439,购买套餐：,缴费金额1100,初装费用,开始时间：2013-08-08 到期时间:2014-08-08','NiaoMuNiao','2013-08-08 16:22:05'),
 (2035,'127.0.0.1','新增用户kkk1440,购买套餐：,缴费金额1100,初装费用,开始时间：2013-08-08 到期时间:2014-08-08','NiaoMuNiao','2013-08-08 16:22:05'),
 (2036,'127.0.0.1','新增用户kkk1441,购买套餐：,缴费金额1100,初装费用,开始时间：2013-08-08 到期时间:2014-08-08','NiaoMuNiao','2013-08-08 16:22:05'),
 (2037,'127.0.0.1','新增用户kkk1442,购买套餐：,缴费金额1100,初装费用,开始时间：2013-08-08 到期时间:2014-08-08','NiaoMuNiao','2013-08-08 16:22:05'),
 (2038,'127.0.0.1','新增用户kkk1443,购买套餐：,缴费金额1100,初装费用,开始时间：2013-08-08 到期时间:2014-08-08','NiaoMuNiao','2013-08-08 16:22:06'),
 (2039,'127.0.0.1','新增用户kkk1444,购买套餐：,缴费金额1100,初装费用,开始时间：2013-08-08 到期时间:2014-08-08','NiaoMuNiao','2013-08-08 16:22:06'),
 (2040,'127.0.0.1','新增用户kkk1445,购买套餐：,缴费金额1100,初装费用,开始时间：2013-08-08 到期时间:2014-08-08','NiaoMuNiao','2013-08-08 16:22:06'),
 (2041,'127.0.0.1','新增用户kkk1446,购买套餐：,缴费金额1100,初装费用,开始时间：2013-08-08 到期时间:2014-08-08','NiaoMuNiao','2013-08-08 16:22:06'),
 (2042,'127.0.0.1','新增用户kkk1447,购买套餐：,缴费金额1100,初装费用,开始时间：2013-08-08 到期时间:2014-08-08','NiaoMuNiao','2013-08-08 16:22:06'),
 (2043,'127.0.0.1','新增用户kkk1448,购买套餐：,缴费金额1100,初装费用,开始时间：2013-08-08 到期时间:2014-08-08','NiaoMuNiao','2013-08-08 16:22:06'),
 (2044,'127.0.0.1','新增用户kkk1449,购买套餐：,缴费金额1100,初装费用,开始时间：2013-08-08 到期时间:2014-08-08','NiaoMuNiao','2013-08-08 16:22:06'),
 (2045,'127.0.0.1','新增用户kkk1450,购买套餐：,缴费金额1100,初装费用,开始时间：2013-08-08 到期时间:2014-08-08','NiaoMuNiao','2013-08-08 16:22:06'),
 (2046,'127.0.0.1','新增用户kkk1451,购买套餐：,缴费金额1100,初装费用,开始时间：2013-08-08 到期时间:2014-08-08','NiaoMuNiao','2013-08-08 16:22:06'),
 (2047,'127.0.0.1','新增用户kkk1452,购买套餐：,缴费金额1100,初装费用,开始时间：2013-08-08 到期时间:2014-08-08','NiaoMuNiao','2013-08-08 16:22:06'),
 (2048,'127.0.0.1','新增用户kkk1453,购买套餐：,缴费金额1100,初装费用,开始时间：2013-08-08 到期时间:2014-08-08','NiaoMuNiao','2013-08-08 16:22:06'),
 (2049,'127.0.0.1','新增用户kkk1454,购买套餐：,缴费金额1100,初装费用,开始时间：2013-08-08 到期时间:2014-08-08','NiaoMuNiao','2013-08-08 16:22:06'),
 (2050,'127.0.0.1','新增用户kkk1455,购买套餐：,缴费金额1100,初装费用,开始时间：2013-08-08 到期时间:2014-08-08','NiaoMuNiao','2013-08-08 16:22:06'),
 (2051,'127.0.0.1','新增用户kkk1456,购买套餐：,缴费金额1100,初装费用,开始时间：2013-08-08 到期时间:2014-08-08','NiaoMuNiao','2013-08-08 16:22:06'),
 (2052,'127.0.0.1','新增用户kkk1457,购买套餐：,缴费金额1100,初装费用,开始时间：2013-08-08 到期时间:2014-08-08','NiaoMuNiao','2013-08-08 16:22:06'),
 (2053,'127.0.0.1','新增用户kkk1458,购买套餐：,缴费金额1100,初装费用,开始时间：2013-08-08 到期时间:2014-08-08','NiaoMuNiao','2013-08-08 16:22:06'),
 (2054,'127.0.0.1','新增用户kkk1459,购买套餐：,缴费金额1100,初装费用,开始时间：2013-08-08 到期时间:2014-08-08','NiaoMuNiao','2013-08-08 16:22:07'),
 (2055,'127.0.0.1','新增用户kkk1460,购买套餐：,缴费金额1100,初装费用,开始时间：2013-08-08 到期时间:2014-08-08','NiaoMuNiao','2013-08-08 16:22:07'),
 (2056,'127.0.0.1','新增用户kkk1461,购买套餐：,缴费金额1100,初装费用,开始时间：2013-08-08 到期时间:2014-08-08','NiaoMuNiao','2013-08-08 16:22:07'),
 (2057,'127.0.0.1','新增用户kkk1462,购买套餐：,缴费金额1100,初装费用,开始时间：2013-08-08 到期时间:2014-08-08','NiaoMuNiao','2013-08-08 16:22:07'),
 (2058,'127.0.0.1','新增用户kkk1463,购买套餐：,缴费金额1100,初装费用,开始时间：2013-08-08 到期时间:2014-08-08','NiaoMuNiao','2013-08-08 16:22:07'),
 (2059,'127.0.0.1','新增用户kkk1464,购买套餐：,缴费金额1100,初装费用,开始时间：2013-08-08 到期时间:2014-08-08','NiaoMuNiao','2013-08-08 16:22:07'),
 (2060,'127.0.0.1','新增用户kkk1465,购买套餐：,缴费金额1100,初装费用,开始时间：2013-08-08 到期时间:2014-08-08','NiaoMuNiao','2013-08-08 16:22:07'),
 (2061,'127.0.0.1','新增用户kkk1466,购买套餐：,缴费金额1100,初装费用,开始时间：2013-08-08 到期时间:2014-08-08','NiaoMuNiao','2013-08-08 16:22:07'),
 (2062,'127.0.0.1','新增用户kkk1467,购买套餐：,缴费金额1100,初装费用,开始时间：2013-08-08 到期时间:2014-08-08','NiaoMuNiao','2013-08-08 16:22:07'),
 (2063,'127.0.0.1','新增用户kkk1468,购买套餐：,缴费金额1100,初装费用,开始时间：2013-08-08 到期时间:2014-08-08','NiaoMuNiao','2013-08-08 16:22:07'),
 (2064,'127.0.0.1','新增用户kkk1469,购买套餐：,缴费金额1100,初装费用,开始时间：2013-08-08 到期时间:2014-08-08','NiaoMuNiao','2013-08-08 16:22:07'),
 (2065,'127.0.0.1','新增用户kkk1470,购买套餐：,缴费金额1100,初装费用,开始时间：2013-08-08 到期时间:2014-08-08','NiaoMuNiao','2013-08-08 16:22:07'),
 (2066,'127.0.0.1','新增用户kkk1471,购买套餐：,缴费金额1100,初装费用,开始时间：2013-08-08 到期时间:2014-08-08','NiaoMuNiao','2013-08-08 16:22:07'),
 (2067,'127.0.0.1','新增用户kkk1472,购买套餐：,缴费金额1100,初装费用,开始时间：2013-08-08 到期时间:2014-08-08','NiaoMuNiao','2013-08-08 16:22:07'),
 (2068,'127.0.0.1','新增用户kkk1473,购买套餐：,缴费金额1100,初装费用,开始时间：2013-08-08 到期时间:2014-08-08','NiaoMuNiao','2013-08-08 16:22:07'),
 (2069,'127.0.0.1','新增用户kkk1474,购买套餐：,缴费金额1100,初装费用,开始时间：2013-08-08 到期时间:2014-08-08','NiaoMuNiao','2013-08-08 16:22:08'),
 (2070,'127.0.0.1','新增用户kkk1475,购买套餐：,缴费金额1100,初装费用,开始时间：2013-08-08 到期时间:2014-08-08','NiaoMuNiao','2013-08-08 16:22:08'),
 (2071,'127.0.0.1','新增用户kkk1476,购买套餐：,缴费金额1100,初装费用,开始时间：2013-08-08 到期时间:2014-08-08','NiaoMuNiao','2013-08-08 16:22:08'),
 (2072,'127.0.0.1','新增用户kkk1477,购买套餐：,缴费金额1100,初装费用,开始时间：2013-08-08 到期时间:2014-08-08','NiaoMuNiao','2013-08-08 16:22:08'),
 (2073,'127.0.0.1','新增用户kkk1478,购买套餐：,缴费金额1100,初装费用,开始时间：2013-08-08 到期时间:2014-08-08','NiaoMuNiao','2013-08-08 16:22:08'),
 (2074,'127.0.0.1','新增用户kkk1479,购买套餐：,缴费金额1100,初装费用,开始时间：2013-08-08 到期时间:2014-08-08','NiaoMuNiao','2013-08-08 16:22:08'),
 (2075,'127.0.0.1','新增用户kkk1480,购买套餐：,缴费金额1100,初装费用,开始时间：2013-08-08 到期时间:2014-08-08','NiaoMuNiao','2013-08-08 16:22:08'),
 (2076,'127.0.0.1','新增用户kkk1481,购买套餐：,缴费金额1100,初装费用,开始时间：2013-08-08 到期时间:2014-08-08','NiaoMuNiao','2013-08-08 16:22:08'),
 (2077,'127.0.0.1','新增用户kkk1482,购买套餐：,缴费金额1100,初装费用,开始时间：2013-08-08 到期时间:2014-08-08','NiaoMuNiao','2013-08-08 16:22:08'),
 (2078,'127.0.0.1','新增用户kkk1483,购买套餐：,缴费金额1100,初装费用,开始时间：2013-08-08 到期时间:2014-08-08','NiaoMuNiao','2013-08-08 16:22:08'),
 (2079,'127.0.0.1','新增用户kkk1484,购买套餐：,缴费金额1100,初装费用,开始时间：2013-08-08 到期时间:2014-08-08','NiaoMuNiao','2013-08-08 16:22:08'),
 (2080,'127.0.0.1','新增用户kkk1485,购买套餐：,缴费金额1100,初装费用,开始时间：2013-08-08 到期时间:2014-08-08','NiaoMuNiao','2013-08-08 16:22:08'),
 (2081,'127.0.0.1','新增用户kkk1486,购买套餐：,缴费金额1100,初装费用,开始时间：2013-08-08 到期时间:2014-08-08','NiaoMuNiao','2013-08-08 16:22:08'),
 (2082,'127.0.0.1','新增用户kkk1487,购买套餐：,缴费金额1100,初装费用,开始时间：2013-08-08 到期时间:2014-08-08','NiaoMuNiao','2013-08-08 16:22:08'),
 (2083,'127.0.0.1','新增用户用户名,购买套餐：,缴费金额余额,初装费用,开始时间：入网时间 到期时间:','NiaoMuNiao','2013-08-14 17:30:23'),
 (2084,'127.0.0.1','新增用户xx,购买套餐：,缴费金额0,初装费用,开始时间：2013-07-29 到期时间:','NiaoMuNiao','2013-08-14 17:30:23'),
 (2085,'127.0.0.1','新增用户test,购买套餐：,缴费金额998,初装费用,开始时间：2013-08-01 到期时间:','NiaoMuNiao','2013-08-14 17:30:23'),
 (2086,'127.0.0.1','新增用户test1,购买套餐：,缴费金额0,初装费用,开始时间：2013-08-07 到期时间:','NiaoMuNiao','2013-08-14 17:30:23'),
 (2087,'127.0.0.1','新增用户xxx,购买套餐：,缴费金额0,初装费用,开始时间：2013-08-07 到期时间:','NiaoMuNiao','2013-08-14 17:30:24'),
 (2088,'127.0.0.1','新增用户rr,购买套餐：,缴费金额0,初装费用,开始时间：2013-08-07 到期时间:','NiaoMuNiao','2013-08-14 17:30:24'),
 (2089,'127.0.0.1','新增用户eee,购买套餐：,缴费金额0,初装费用,开始时间：2013-08-07 到期时间:','NiaoMuNiao','2013-08-14 17:30:24'),
 (2090,'127.0.0.1','新增用户eee,购买套餐：,缴费金额0,初装费用,开始时间：2013-08-07 到期时间:','NiaoMuNiao','2013-08-14 17:30:24'),
 (2091,'127.0.0.1','新增用户q,购买套餐：,缴费金额0,初装费用,开始时间：2013-08-07 到期时间:','NiaoMuNiao','2013-08-14 17:30:24'),
 (2092,'127.0.0.1','新增用户vv,购买套餐：,缴费金额0,初装费用,开始时间：2013-08-07 到期时间:','NiaoMuNiao','2013-08-14 17:30:24'),
 (2093,'127.0.0.1','新增用户eeee,购买套餐：,缴费金额0,初装费用,开始时间：2013-08-07 到期时间:','NiaoMuNiao','2013-08-14 17:30:24'),
 (2094,'127.0.0.1','新增用户e1,购买套餐：,缴费金额0,初装费用,开始时间：2013-08-07 到期时间:','NiaoMuNiao','2013-08-14 17:30:24'),
 (2095,'127.0.0.1','新增用户e2,购买套餐：,缴费金额0,初装费用,开始时间：2013-08-07 到期时间:','NiaoMuNiao','2013-08-14 17:30:24'),
 (2096,'127.0.0.1','新增用户e3,购买套餐：,缴费金额0,初装费用,开始时间：2013-08-07 到期时间:','NiaoMuNiao','2013-08-14 17:30:24'),
 (2097,'127.0.0.1','新增用户e4,购买套餐：,缴费金额0,初装费用,开始时间：2013-08-07 到期时间:','NiaoMuNiao','2013-08-14 17:30:24'),
 (2098,'127.0.0.1','新增用户ddd1,购买套餐：,缴费金额0,初装费用,开始时间：2013-08-07 到期时间:','NiaoMuNiao','2013-08-14 17:30:24'),
 (2099,'127.0.0.1','新增用户ddd2,购买套餐：,缴费金额0,初装费用,开始时间：2013-08-07 到期时间:','NiaoMuNiao','2013-08-14 17:30:25'),
 (2100,'127.0.0.1','新增用户ddd3,购买套餐：,缴费金额0,初装费用,开始时间：2013-08-07 到期时间:','NiaoMuNiao','2013-08-14 17:30:25'),
 (2101,'127.0.0.1','新增用户ddd4,购买套餐：,缴费金额0,初装费用,开始时间：2013-08-07 到期时间:','NiaoMuNiao','2013-08-14 17:30:25'),
 (2102,'127.0.0.1','新增用户ddd5,购买套餐：,缴费金额0,初装费用,开始时间：2013-08-07 到期时间:','NiaoMuNiao','2013-08-14 17:30:25'),
 (2103,'127.0.0.1','新增用户ddd6,购买套餐：,缴费金额0,初装费用,开始时间：2013-08-07 到期时间:','NiaoMuNiao','2013-08-14 17:30:25'),
 (2104,'127.0.0.1','新增用户用户名,购买套餐：,缴费金额余额,初装费用,开始时间：入网时间 到期时间:','NiaoMuNiao','2013-08-14 17:31:32'),
 (2105,'127.0.0.1','新增用户xx,购买套餐：,缴费金额0,初装费用,开始时间：2013-07-29 到期时间:','NiaoMuNiao','2013-08-14 17:31:33'),
 (2106,'127.0.0.1','新增用户test,购买套餐：,缴费金额998,初装费用,开始时间：2013-08-01 到期时间:','NiaoMuNiao','2013-08-14 17:31:33'),
 (2107,'127.0.0.1','新增用户test1,购买套餐：,缴费金额0,初装费用,开始时间：2013-08-07 到期时间:','NiaoMuNiao','2013-08-14 17:31:33'),
 (2108,'127.0.0.1','新增用户xxx,购买套餐：,缴费金额0,初装费用,开始时间：2013-08-07 到期时间:','NiaoMuNiao','2013-08-14 17:31:33'),
 (2109,'127.0.0.1','新增用户rr,购买套餐：,缴费金额0,初装费用,开始时间：2013-08-07 到期时间:','NiaoMuNiao','2013-08-14 17:31:33'),
 (2110,'127.0.0.1','新增用户eee,购买套餐：,缴费金额0,初装费用,开始时间：2013-08-07 到期时间:','NiaoMuNiao','2013-08-14 17:31:33'),
 (2111,'127.0.0.1','新增用户eee,购买套餐：,缴费金额0,初装费用,开始时间：2013-08-07 到期时间:','NiaoMuNiao','2013-08-14 17:31:33'),
 (2112,'127.0.0.1','新增用户q,购买套餐：,缴费金额0,初装费用,开始时间：2013-08-07 到期时间:','NiaoMuNiao','2013-08-14 17:31:33'),
 (2113,'127.0.0.1','新增用户vv,购买套餐：,缴费金额0,初装费用,开始时间：2013-08-07 到期时间:','NiaoMuNiao','2013-08-14 17:31:33'),
 (2114,'127.0.0.1','新增用户eeee,购买套餐：,缴费金额0,初装费用,开始时间：2013-08-07 到期时间:','NiaoMuNiao','2013-08-14 17:31:33'),
 (2115,'127.0.0.1','新增用户e1,购买套餐：,缴费金额0,初装费用,开始时间：2013-08-07 到期时间:','NiaoMuNiao','2013-08-14 17:31:33'),
 (2116,'127.0.0.1','新增用户e2,购买套餐：,缴费金额0,初装费用,开始时间：2013-08-07 到期时间:','NiaoMuNiao','2013-08-14 17:31:33'),
 (2117,'127.0.0.1','新增用户e3,购买套餐：,缴费金额0,初装费用,开始时间：2013-08-07 到期时间:','NiaoMuNiao','2013-08-14 17:31:33'),
 (2118,'127.0.0.1','新增用户e4,购买套餐：,缴费金额0,初装费用,开始时间：2013-08-07 到期时间:','NiaoMuNiao','2013-08-14 17:31:33'),
 (2119,'127.0.0.1','新增用户ddd1,购买套餐：,缴费金额0,初装费用,开始时间：2013-08-07 到期时间:','NiaoMuNiao','2013-08-14 17:31:33'),
 (2120,'127.0.0.1','新增用户ddd2,购买套餐：,缴费金额0,初装费用,开始时间：2013-08-07 到期时间:','NiaoMuNiao','2013-08-14 17:31:33'),
 (2121,'127.0.0.1','新增用户ddd3,购买套餐：,缴费金额0,初装费用,开始时间：2013-08-07 到期时间:','NiaoMuNiao','2013-08-14 17:31:34'),
 (2122,'127.0.0.1','新增用户ddd4,购买套餐：,缴费金额0,初装费用,开始时间：2013-08-07 到期时间:','NiaoMuNiao','2013-08-14 17:31:34'),
 (2123,'127.0.0.1','新增用户ddd5,购买套餐：,缴费金额0,初装费用,开始时间：2013-08-07 到期时间:','NiaoMuNiao','2013-08-14 17:31:34'),
 (2124,'127.0.0.1','新增用户用户名,购买套餐：,缴费金额余额,初装费用,开始时间：入网时间 到期时间:停机时间','NiaoMuNiao','2013-08-14 17:48:28'),
 (2125,'127.0.0.1','新增用户xx,购买套餐：,缴费金额0,初装费用,开始时间：2013-07-29 到期时间:2013-08-29','NiaoMuNiao','2013-08-14 17:48:28'),
 (2126,'127.0.0.1','新增用户test,购买套餐：,缴费金额998,初装费用,开始时间：2013-08-01 到期时间:2014-08-01','NiaoMuNiao','2013-08-14 17:48:28'),
 (2127,'127.0.0.1','新增用户test1,购买套餐：,缴费金额0,初装费用,开始时间：2013-08-07 到期时间:2014-08-07','NiaoMuNiao','2013-08-14 17:48:28'),
 (2128,'127.0.0.1','新增用户xxx,购买套餐：,缴费金额0,初装费用,开始时间：2013-08-07 到期时间:2014-08-07','NiaoMuNiao','2013-08-14 17:48:28'),
 (2129,'127.0.0.1','新增用户rr,购买套餐：,缴费金额0,初装费用,开始时间：2013-08-07 到期时间:2013-08-09','NiaoMuNiao','2013-08-14 17:48:28'),
 (2130,'127.0.0.1','新增用户eee,购买套餐：,缴费金额0,初装费用,开始时间：2013-08-07 到期时间:2014-08-07','NiaoMuNiao','2013-08-14 17:48:28'),
 (2131,'127.0.0.1','新增用户eee,购买套餐：,缴费金额0,初装费用,开始时间：2013-08-07 到期时间:2014-08-07','NiaoMuNiao','2013-08-14 17:48:28'),
 (2132,'127.0.0.1','新增用户q,购买套餐：,缴费金额0,初装费用,开始时间：2013-08-07 到期时间:2014-08-07','NiaoMuNiao','2013-08-14 17:48:28'),
 (2133,'127.0.0.1','新增用户vv,购买套餐：,缴费金额0,初装费用,开始时间：2013-08-07 到期时间:2014-08-07','NiaoMuNiao','2013-08-14 17:48:29'),
 (2134,'127.0.0.1','新增用户eeee,购买套餐：,缴费金额0,初装费用,开始时间：2013-08-07 到期时间:2014-08-07','NiaoMuNiao','2013-08-14 17:48:29'),
 (2135,'127.0.0.1','新增用户e1,购买套餐：,缴费金额0,初装费用,开始时间：2013-08-07 到期时间:2014-08-07','NiaoMuNiao','2013-08-14 17:48:29'),
 (2136,'127.0.0.1','新增用户e2,购买套餐：,缴费金额0,初装费用,开始时间：2013-08-07 到期时间:2014-08-07','NiaoMuNiao','2013-08-14 17:48:29'),
 (2137,'127.0.0.1','新增用户e3,购买套餐：,缴费金额0,初装费用,开始时间：2013-08-07 到期时间:2014-08-07','NiaoMuNiao','2013-08-14 17:48:29'),
 (2138,'127.0.0.1','新增用户e4,购买套餐：,缴费金额0,初装费用,开始时间：2013-08-07 到期时间:2014-08-07','NiaoMuNiao','2013-08-14 17:48:29'),
 (2139,'127.0.0.1','新增用户ddd1,购买套餐：,缴费金额0,初装费用,开始时间：2013-08-07 到期时间:2014-08-07','NiaoMuNiao','2013-08-14 17:48:29'),
 (2140,'127.0.0.1','新增用户ddd2,购买套餐：,缴费金额0,初装费用,开始时间：2013-08-07 到期时间:2014-08-07','NiaoMuNiao','2013-08-14 17:48:29'),
 (2141,'127.0.0.1','新增用户ddd3,购买套餐：,缴费金额0,初装费用,开始时间：2013-08-07 到期时间:2014-08-07','NiaoMuNiao','2013-08-14 17:48:29'),
 (2142,'127.0.0.1','新增用户ddd4,购买套餐：,缴费金额0,初装费用,开始时间：2013-08-07 到期时间:2014-08-07','NiaoMuNiao','2013-08-14 17:48:29'),
 (2143,'127.0.0.1','新增用户ddd5,购买套餐：,缴费金额0,初装费用,开始时间：2013-08-07 到期时间:2014-08-07','NiaoMuNiao','2013-08-14 17:48:29'),
 (2144,'127.0.0.1','新增用户ddd6,购买套餐：,缴费金额0,初装费用,开始时间：2013-08-07 到期时间:2014-08-07','NiaoMuNiao','2013-08-14 17:48:29'),
 (2145,'127.0.0.1','新增用户ssss1,购买套餐：,缴费金额0,初装费用,开始时间：2013-08-07 到期时间:2014-08-07','NiaoMuNiao','2013-08-14 17:48:29'),
 (2146,'127.0.0.1','新增用户ssss2,购买套餐：,缴费金额0,初装费用,开始时间：2013-08-07 到期时间:2014-08-07','NiaoMuNiao','2013-08-14 17:48:29'),
 (2147,'127.0.0.1','新增用户ssss3,购买套餐：,缴费金额0,初装费用,开始时间：2013-08-07 到期时间:2014-08-07','NiaoMuNiao','2013-08-14 17:48:29'),
 (2148,'127.0.0.1','新增用户ssss4,购买套餐：,缴费金额0,初装费用,开始时间：2013-08-07 到期时间:2014-08-07','NiaoMuNiao','2013-08-14 17:48:29'),
 (2149,'127.0.0.1','新增用户ssss5,购买套餐：,缴费金额0,初装费用,开始时间：2013-08-07 到期时间:2014-08-07','NiaoMuNiao','2013-08-14 17:48:29'),
 (2150,'127.0.0.1','新增用户ssss6,购买套餐：,缴费金额0,初装费用,开始时间：2013-08-07 到期时间:2014-08-07','NiaoMuNiao','2013-08-14 17:48:29'),
 (2151,'127.0.0.1','新增用户ssss7,购买套餐：,缴费金额0,初装费用,开始时间：2013-08-07 到期时间:2014-08-07','NiaoMuNiao','2013-08-14 17:48:30'),
 (2152,'127.0.0.1','新增用户ssss8,购买套餐：,缴费金额0,初装费用,开始时间：2013-08-07 到期时间:2014-08-07','NiaoMuNiao','2013-08-14 17:48:30'),
 (2153,'127.0.0.1','新增用户ssss9,购买套餐：,缴费金额0,初装费用,开始时间：2013-08-07 到期时间:2014-08-07','NiaoMuNiao','2013-08-14 17:48:30');
INSERT INTO `fly_sys_log` (`id`,`ipaddr`,`content`,`editor`,`adddatetime`) VALUES 
 (2154,'127.0.0.1','新增用户ssss10,购买套餐：,缴费金额0,初装费用,开始时间：2013-08-07 到期时间:2014-08-07','NiaoMuNiao','2013-08-14 17:48:30'),
 (2155,'127.0.0.1','新增用户ssss11,购买套餐：,缴费金额0,初装费用,开始时间：2013-08-07 到期时间:2014-08-07','NiaoMuNiao','2013-08-14 17:48:30'),
 (2156,'127.0.0.1','新增用户ssss12,购买套餐：,缴费金额0,初装费用,开始时间：2013-08-07 到期时间:2014-08-07','NiaoMuNiao','2013-08-14 17:48:30'),
 (2157,'127.0.0.1','新增用户ssss13,购买套餐：,缴费金额0,初装费用,开始时间：2013-08-07 到期时间:2014-08-07','NiaoMuNiao','2013-08-14 17:48:30'),
 (2158,'127.0.0.1','新增用户ssss14,购买套餐：,缴费金额0,初装费用,开始时间：2013-08-07 到期时间:2014-08-07','NiaoMuNiao','2013-08-14 17:48:30'),
 (2159,'127.0.0.1','新增用户ssss15,购买套餐：,缴费金额0,初装费用,开始时间：2013-08-07 到期时间:2014-08-07','NiaoMuNiao','2013-08-14 17:48:30'),
 (2160,'127.0.0.1','新增用户ssss16,购买套餐：,缴费金额0,初装费用,开始时间：2013-08-07 到期时间:2014-08-07','NiaoMuNiao','2013-08-14 17:48:30'),
 (2161,'127.0.0.1','新增用户ssss17,购买套餐：,缴费金额0,初装费用,开始时间：2013-08-07 到期时间:2014-08-07','NiaoMuNiao','2013-08-14 17:48:30'),
 (2162,'127.0.0.1','新增用户ssss18,购买套餐：,缴费金额0,初装费用,开始时间：2013-08-07 到期时间:2014-08-07','NiaoMuNiao','2013-08-14 17:48:30'),
 (2163,'127.0.0.1','新增用户ssss19,购买套餐：,缴费金额0,初装费用,开始时间：2013-08-07 到期时间:2014-08-07','NiaoMuNiao','2013-08-14 17:48:30'),
 (2164,'127.0.0.1','新增用户ssss20,购买套餐：,缴费金额0,初装费用,开始时间：2013-08-07 到期时间:2014-08-07','NiaoMuNiao','2013-08-14 17:48:30'),
 (2165,'127.0.0.1','新增用户ssss21,购买套餐：,缴费金额0,初装费用,开始时间：2013-08-07 到期时间:2014-08-07','NiaoMuNiao','2013-08-14 17:48:30'),
 (2166,'127.0.0.1','新增用户ssss22,购买套餐：,缴费金额0,初装费用,开始时间：2013-08-07 到期时间:2014-08-07','NiaoMuNiao','2013-08-14 17:48:30'),
 (2167,'127.0.0.1','新增用户ssss23,购买套餐：,缴费金额0,初装费用,开始时间：2013-08-07 到期时间:2014-08-07','NiaoMuNiao','2013-08-14 17:48:30'),
 (2168,'127.0.0.1','新增用户ssss24,购买套餐：,缴费金额0,初装费用,开始时间：2013-08-07 到期时间:2014-08-07','NiaoMuNiao','2013-08-14 17:48:31'),
 (2169,'127.0.0.1','新增用户ssss25,购买套餐：,缴费金额0,初装费用,开始时间：2013-08-07 到期时间:2014-08-07','NiaoMuNiao','2013-08-14 17:48:31'),
 (2170,'127.0.0.1','新增用户ssss26,购买套餐：,缴费金额0,初装费用,开始时间：2013-08-07 到期时间:2014-08-07','NiaoMuNiao','2013-08-14 17:48:31'),
 (2171,'127.0.0.1','新增用户ssss27,购买套餐：,缴费金额0,初装费用,开始时间：2013-08-07 到期时间:2014-08-07','NiaoMuNiao','2013-08-14 17:48:31'),
 (2172,'127.0.0.1','新增用户ssss28,购买套餐：,缴费金额0,初装费用,开始时间：2013-08-07 到期时间:2014-08-07','NiaoMuNiao','2013-08-14 17:48:31'),
 (2173,'127.0.0.1','新增用户ssss29,购买套餐：,缴费金额0,初装费用,开始时间：2013-08-07 到期时间:2014-08-07','NiaoMuNiao','2013-08-14 17:48:31'),
 (2174,'127.0.0.1','新增用户ssss30,购买套餐：,缴费金额0,初装费用,开始时间：2013-08-07 到期时间:2014-08-07','NiaoMuNiao','2013-08-14 17:48:31'),
 (2175,'127.0.0.1','新增用户ssss31,购买套餐：,缴费金额0,初装费用,开始时间：2013-08-07 到期时间:2014-08-07','NiaoMuNiao','2013-08-14 17:48:31'),
 (2176,'127.0.0.1','新增用户ssss32,购买套餐：,缴费金额0,初装费用,开始时间：2013-08-07 到期时间:2014-08-07','NiaoMuNiao','2013-08-14 17:48:31'),
 (2177,'127.0.0.1','新增用户ssss33,购买套餐：,缴费金额0,初装费用,开始时间：2013-08-07 到期时间:2014-08-07','NiaoMuNiao','2013-08-14 17:48:31'),
 (2178,'127.0.0.1','新增用户ssss34,购买套餐：,缴费金额0,初装费用,开始时间：2013-08-07 到期时间:2014-08-07','NiaoMuNiao','2013-08-14 17:48:31'),
 (2179,'127.0.0.1','新增用户ssss35,购买套餐：,缴费金额0,初装费用,开始时间：2013-08-07 到期时间:2014-08-07','NiaoMuNiao','2013-08-14 17:48:31'),
 (2180,'127.0.0.1','新增用户ssss36,购买套餐：,缴费金额0,初装费用,开始时间：2013-08-07 到期时间:2014-08-07','NiaoMuNiao','2013-08-14 17:48:31'),
 (2181,'127.0.0.1','新增用户ssss37,购买套餐：,缴费金额0,初装费用,开始时间：2013-08-07 到期时间:2014-08-07','NiaoMuNiao','2013-08-14 17:48:31'),
 (2182,'127.0.0.1','新增用户ssss38,购买套餐：,缴费金额0,初装费用,开始时间：2013-08-07 到期时间:2014-08-07','NiaoMuNiao','2013-08-14 17:48:32'),
 (2183,'127.0.0.1','新增用户ssss39,购买套餐：,缴费金额0,初装费用,开始时间：2013-08-07 到期时间:2014-08-07','NiaoMuNiao','2013-08-14 17:48:32'),
 (2184,'127.0.0.1','新增用户ssss40,购买套餐：,缴费金额0,初装费用,开始时间：2013-08-07 到期时间:2014-08-07','NiaoMuNiao','2013-08-14 17:48:32'),
 (2185,'127.0.0.1','新增用户ssss41,购买套餐：,缴费金额0,初装费用,开始时间：2013-08-07 到期时间:2014-08-07','NiaoMuNiao','2013-08-14 17:48:32'),
 (2186,'127.0.0.1','新增用户ssss42,购买套餐：,缴费金额0,初装费用,开始时间：2013-08-07 到期时间:2014-08-07','NiaoMuNiao','2013-08-14 17:48:32'),
 (2187,'127.0.0.1','新增用户ssss43,购买套餐：,缴费金额0,初装费用,开始时间：2013-08-07 到期时间:2014-08-07','NiaoMuNiao','2013-08-14 17:48:33'),
 (2188,'127.0.0.1','新增用户ssss44,购买套餐：,缴费金额0,初装费用,开始时间：2013-08-07 到期时间:2014-08-07','NiaoMuNiao','2013-08-14 17:48:33'),
 (2189,'127.0.0.1','新增用户ssss45,购买套餐：,缴费金额0,初装费用,开始时间：2013-08-07 到期时间:2014-08-07','NiaoMuNiao','2013-08-14 17:48:33'),
 (2190,'127.0.0.1','新增用户ssss46,购买套餐：,缴费金额0,初装费用,开始时间：2013-08-07 到期时间:2014-08-07','NiaoMuNiao','2013-08-14 17:48:33'),
 (2191,'127.0.0.1','新增用户ssss47,购买套餐：,缴费金额0,初装费用,开始时间：2013-08-07 到期时间:2014-08-07','NiaoMuNiao','2013-08-14 17:48:33'),
 (2192,'127.0.0.1','新增用户ssss48,购买套餐：,缴费金额0,初装费用,开始时间：2013-08-07 到期时间:2014-08-07','NiaoMuNiao','2013-08-14 17:48:33'),
 (2193,'127.0.0.1','新增用户ssss49,购买套餐：,缴费金额0,初装费用,开始时间：2013-08-07 到期时间:2014-08-07','NiaoMuNiao','2013-08-14 17:48:33'),
 (2194,'127.0.0.1','新增用户ssss50,购买套餐：,缴费金额0,初装费用,开始时间：2013-08-07 到期时间:2014-08-07','NiaoMuNiao','2013-08-14 17:48:33'),
 (2195,'127.0.0.1','新增用户ssss51,购买套餐：,缴费金额0,初装费用,开始时间：2013-08-07 到期时间:2014-08-07','NiaoMuNiao','2013-08-14 17:48:33'),
 (2196,'127.0.0.1','新增用户ssss52,购买套餐：,缴费金额0,初装费用,开始时间：2013-08-07 到期时间:2014-08-07','NiaoMuNiao','2013-08-14 17:48:33'),
 (2197,'127.0.0.1','新增用户ssss53,购买套餐：,缴费金额0,初装费用,开始时间：2013-08-07 到期时间:2014-08-07','NiaoMuNiao','2013-08-14 17:48:33'),
 (2198,'127.0.0.1','新增用户ssss54,购买套餐：,缴费金额0,初装费用,开始时间：2013-08-07 到期时间:2014-08-07','NiaoMuNiao','2013-08-14 17:48:33'),
 (2199,'127.0.0.1','新增用户ssss55,购买套餐：,缴费金额0,初装费用,开始时间：2013-08-07 到期时间:2014-08-07','NiaoMuNiao','2013-08-14 17:48:33'),
 (2200,'127.0.0.1','新增用户ssss56,购买套餐：,缴费金额0,初装费用,开始时间：2013-08-07 到期时间:2014-08-07','NiaoMuNiao','2013-08-14 17:48:33'),
 (2201,'127.0.0.1','新增用户ssss57,购买套餐：,缴费金额0,初装费用,开始时间：2013-08-07 到期时间:2014-08-07','NiaoMuNiao','2013-08-14 17:48:33'),
 (2202,'127.0.0.1','新增用户ssss58,购买套餐：,缴费金额0,初装费用,开始时间：2013-08-07 到期时间:2014-08-07','NiaoMuNiao','2013-08-14 17:48:33'),
 (2203,'127.0.0.1','新增用户ssss59,购买套餐：,缴费金额0,初装费用,开始时间：2013-08-07 到期时间:2014-08-07','NiaoMuNiao','2013-08-14 17:48:34'),
 (2204,'127.0.0.1','新增用户ssss60,购买套餐：,缴费金额0,初装费用,开始时间：2013-08-07 到期时间:2014-08-07','NiaoMuNiao','2013-08-14 17:48:34'),
 (2205,'127.0.0.1','新增用户ssss61,购买套餐：,缴费金额0,初装费用,开始时间：2013-08-07 到期时间:2014-08-07','NiaoMuNiao','2013-08-14 17:48:34'),
 (2206,'127.0.0.1','新增用户ssss62,购买套餐：,缴费金额0,初装费用,开始时间：2013-08-07 到期时间:2014-08-07','NiaoMuNiao','2013-08-14 17:48:34'),
 (2207,'127.0.0.1','新增用户ssss63,购买套餐：,缴费金额0,初装费用,开始时间：2013-08-07 到期时间:2014-08-07','NiaoMuNiao','2013-08-14 17:48:34'),
 (2208,'127.0.0.1','新增用户ssss64,购买套餐：,缴费金额0,初装费用,开始时间：2013-08-07 到期时间:2014-08-07','NiaoMuNiao','2013-08-14 17:48:34'),
 (2209,'127.0.0.1','新增用户ssss65,购买套餐：,缴费金额0,初装费用,开始时间：2013-08-07 到期时间:2014-08-07','NiaoMuNiao','2013-08-14 17:48:34'),
 (2210,'127.0.0.1','新增用户ssss66,购买套餐：,缴费金额0,初装费用,开始时间：2013-08-07 到期时间:2014-08-07','NiaoMuNiao','2013-08-14 17:48:34'),
 (2211,'127.0.0.1','新增用户ssss67,购买套餐：,缴费金额0,初装费用,开始时间：2013-08-07 到期时间:2014-08-07','NiaoMuNiao','2013-08-14 17:48:34'),
 (2212,'127.0.0.1','新增用户ssss68,购买套餐：,缴费金额0,初装费用,开始时间：2013-08-07 到期时间:2014-08-07','NiaoMuNiao','2013-08-14 17:48:34'),
 (2213,'127.0.0.1','新增用户ssss69,购买套餐：,缴费金额0,初装费用,开始时间：2013-08-07 到期时间:2014-08-07','NiaoMuNiao','2013-08-14 17:48:34'),
 (2214,'127.0.0.1','新增用户ssss70,购买套餐：,缴费金额0,初装费用,开始时间：2013-08-07 到期时间:2014-08-07','NiaoMuNiao','2013-08-14 17:48:34'),
 (2215,'127.0.0.1','新增用户ssss71,购买套餐：,缴费金额0,初装费用,开始时间：2013-08-07 到期时间:2014-08-07','NiaoMuNiao','2013-08-14 17:48:34'),
 (2216,'127.0.0.1','新增用户ssss72,购买套餐：,缴费金额0,初装费用,开始时间：2013-08-07 到期时间:2014-08-07','NiaoMuNiao','2013-08-14 17:48:34'),
 (2217,'127.0.0.1','新增用户ssss73,购买套餐：,缴费金额0,初装费用,开始时间：2013-08-07 到期时间:2014-08-07','NiaoMuNiao','2013-08-14 17:48:34'),
 (2218,'127.0.0.1','新增用户ssss74,购买套餐：,缴费金额0,初装费用,开始时间：2013-08-07 到期时间:2014-08-07','NiaoMuNiao','2013-08-14 17:48:34'),
 (2219,'127.0.0.1','新增用户ssss75,购买套餐：,缴费金额0,初装费用,开始时间：2013-08-07 到期时间:2014-08-07','NiaoMuNiao','2013-08-14 17:48:34'),
 (2220,'127.0.0.1','新增用户ssss76,购买套餐：,缴费金额0,初装费用,开始时间：2013-08-07 到期时间:2014-08-07','NiaoMuNiao','2013-08-14 17:48:35'),
 (2221,'127.0.0.1','新增用户ssss77,购买套餐：,缴费金额0,初装费用,开始时间：2013-08-07 到期时间:2014-08-07','NiaoMuNiao','2013-08-14 17:48:35'),
 (2222,'127.0.0.1','新增用户ssss78,购买套餐：,缴费金额0,初装费用,开始时间：2013-08-07 到期时间:2014-08-07','NiaoMuNiao','2013-08-14 17:48:35'),
 (2223,'127.0.0.1','新增用户ssss79,购买套餐：,缴费金额0,初装费用,开始时间：2013-08-07 到期时间:2014-08-07','NiaoMuNiao','2013-08-14 17:48:35'),
 (2224,'127.0.0.1','新增用户ssss80,购买套餐：,缴费金额0,初装费用,开始时间：2013-08-07 到期时间:2014-08-07','NiaoMuNiao','2013-08-14 17:48:35'),
 (2225,'127.0.0.1','新增用户ssss81,购买套餐：,缴费金额0,初装费用,开始时间：2013-08-07 到期时间:2014-08-07','NiaoMuNiao','2013-08-14 17:48:35'),
 (2226,'127.0.0.1','新增用户ssss82,购买套餐：,缴费金额0,初装费用,开始时间：2013-08-07 到期时间:2014-08-07','NiaoMuNiao','2013-08-14 17:48:35'),
 (2227,'127.0.0.1','新增用户ssss83,购买套餐：,缴费金额0,初装费用,开始时间：2013-08-07 到期时间:2014-08-07','NiaoMuNiao','2013-08-14 17:48:35'),
 (2228,'127.0.0.1','新增用户ssss84,购买套餐：,缴费金额0,初装费用,开始时间：2013-08-07 到期时间:2014-08-07','NiaoMuNiao','2013-08-14 17:48:35'),
 (2229,'127.0.0.1','新增用户ssss85,购买套餐：,缴费金额0,初装费用,开始时间：2013-08-07 到期时间:2014-08-07','NiaoMuNiao','2013-08-14 17:48:35'),
 (2230,'127.0.0.1','新增用户ssss86,购买套餐：,缴费金额0,初装费用,开始时间：2013-08-07 到期时间:2014-08-07','NiaoMuNiao','2013-08-14 17:48:35'),
 (2231,'127.0.0.1','新增用户ssss87,购买套餐：,缴费金额0,初装费用,开始时间：2013-08-07 到期时间:2014-08-07','NiaoMuNiao','2013-08-14 17:48:35'),
 (2232,'127.0.0.1','新增用户ssss88,购买套餐：,缴费金额0,初装费用,开始时间：2013-08-07 到期时间:2014-08-07','NiaoMuNiao','2013-08-14 17:48:35'),
 (2233,'127.0.0.1','新增用户ssss89,购买套餐：,缴费金额0,初装费用,开始时间：2013-08-07 到期时间:2014-08-07','NiaoMuNiao','2013-08-14 17:48:36'),
 (2234,'127.0.0.1','新增用户ssss90,购买套餐：,缴费金额0,初装费用,开始时间：2013-08-07 到期时间:2014-08-07','NiaoMuNiao','2013-08-14 17:48:36'),
 (2235,'127.0.0.1','新增用户ssss91,购买套餐：,缴费金额0,初装费用,开始时间：2013-08-07 到期时间:2014-08-07','NiaoMuNiao','2013-08-14 17:48:36'),
 (2236,'127.0.0.1','新增用户ssss92,购买套餐：,缴费金额0,初装费用,开始时间：2013-08-07 到期时间:2014-08-07','NiaoMuNiao','2013-08-14 17:48:36'),
 (2237,'127.0.0.1','新增用户ssss93,购买套餐：,缴费金额0,初装费用,开始时间：2013-08-07 到期时间:2014-08-07','NiaoMuNiao','2013-08-14 17:48:36'),
 (2238,'127.0.0.1','新增用户ssss94,购买套餐：,缴费金额0,初装费用,开始时间：2013-08-07 到期时间:2014-08-07','NiaoMuNiao','2013-08-14 17:48:36'),
 (2239,'127.0.0.1','新增用户ssss95,购买套餐：,缴费金额0,初装费用,开始时间：2013-08-07 到期时间:2014-08-07','NiaoMuNiao','2013-08-14 17:48:36'),
 (2240,'127.0.0.1','新增用户ssss96,购买套餐：,缴费金额0,初装费用,开始时间：2013-08-07 到期时间:2014-08-07','NiaoMuNiao','2013-08-14 17:48:36'),
 (2241,'127.0.0.1','新增用户ssss97,购买套餐：,缴费金额0,初装费用,开始时间：2013-08-07 到期时间:2014-08-07','NiaoMuNiao','2013-08-14 17:48:36'),
 (2242,'127.0.0.1','新增用户ssss98,购买套餐：,缴费金额0,初装费用,开始时间：2013-08-07 到期时间:2014-08-07','NiaoMuNiao','2013-08-14 17:48:36'),
 (2243,'127.0.0.1','新增用户ssss99,购买套餐：,缴费金额0,初装费用,开始时间：2013-08-07 到期时间:2014-08-07','NiaoMuNiao','2013-08-14 17:48:36'),
 (2244,'127.0.0.1','新增用户ssss100,购买套餐：,缴费金额0,初装费用,开始时间：2013-08-07 到期时间:2014-08-07','NiaoMuNiao','2013-08-14 17:48:36'),
 (2245,'127.0.0.1','新增用户ssss101,购买套餐：,缴费金额0,初装费用,开始时间：2013-08-07 到期时间:2014-08-07','NiaoMuNiao','2013-08-14 17:48:36'),
 (2246,'127.0.0.1','新增用户ssss102,购买套餐：,缴费金额0,初装费用,开始时间：2013-08-07 到期时间:2014-08-07','NiaoMuNiao','2013-08-14 17:48:36'),
 (2247,'127.0.0.1','新增用户ssss103,购买套餐：,缴费金额0,初装费用,开始时间：2013-08-07 到期时间:2014-08-07','NiaoMuNiao','2013-08-14 17:48:36'),
 (2248,'127.0.0.1','新增用户ssss104,购买套餐：,缴费金额0,初装费用,开始时间：2013-08-07 到期时间:2014-08-07','NiaoMuNiao','2013-08-14 17:48:37'),
 (2249,'127.0.0.1','新增用户ssss105,购买套餐：,缴费金额0,初装费用,开始时间：2013-08-07 到期时间:2014-08-07','NiaoMuNiao','2013-08-14 17:48:37'),
 (2250,'127.0.0.1','新增用户ssss106,购买套餐：,缴费金额0,初装费用,开始时间：2013-08-07 到期时间:2014-08-07','NiaoMuNiao','2013-08-14 17:48:37'),
 (2251,'127.0.0.1','新增用户ssss107,购买套餐：,缴费金额0,初装费用,开始时间：2013-08-07 到期时间:2014-08-07','NiaoMuNiao','2013-08-14 17:48:37'),
 (2252,'127.0.0.1','新增用户ssss108,购买套餐：,缴费金额0,初装费用,开始时间：2013-08-07 到期时间:2014-08-07','NiaoMuNiao','2013-08-14 17:48:37'),
 (2253,'127.0.0.1','新增用户ssss109,购买套餐：,缴费金额0,初装费用,开始时间：2013-08-07 到期时间:2014-08-07','NiaoMuNiao','2013-08-14 17:48:37'),
 (2254,'127.0.0.1','新增用户ssss110,购买套餐：,缴费金额0,初装费用,开始时间：2013-08-07 到期时间:2014-08-07','NiaoMuNiao','2013-08-14 17:48:37'),
 (2255,'127.0.0.1','新增用户ssss111,购买套餐：,缴费金额0,初装费用,开始时间：2013-08-07 到期时间:2014-08-07','NiaoMuNiao','2013-08-14 17:48:37'),
 (2256,'127.0.0.1','新增用户ssss112,购买套餐：,缴费金额0,初装费用,开始时间：2013-08-07 到期时间:2014-08-07','NiaoMuNiao','2013-08-14 17:48:37'),
 (2257,'127.0.0.1','新增用户ssss113,购买套餐：,缴费金额0,初装费用,开始时间：2013-08-07 到期时间:2014-08-07','NiaoMuNiao','2013-08-14 17:48:38'),
 (2258,'127.0.0.1','新增用户ssss114,购买套餐：,缴费金额0,初装费用,开始时间：2013-08-07 到期时间:2014-08-07','NiaoMuNiao','2013-08-14 17:48:38'),
 (2259,'127.0.0.1','新增用户ssss115,购买套餐：,缴费金额0,初装费用,开始时间：2013-08-07 到期时间:2014-08-07','NiaoMuNiao','2013-08-14 17:48:38'),
 (2260,'127.0.0.1','新增用户ssss116,购买套餐：,缴费金额0,初装费用,开始时间：2013-08-07 到期时间:2014-08-07','NiaoMuNiao','2013-08-14 17:48:38'),
 (2261,'127.0.0.1','新增用户ssss117,购买套餐：,缴费金额0,初装费用,开始时间：2013-08-07 到期时间:2014-08-07','NiaoMuNiao','2013-08-14 17:48:39'),
 (2262,'127.0.0.1','新增用户ssss118,购买套餐：,缴费金额0,初装费用,开始时间：2013-08-07 到期时间:2014-08-07','NiaoMuNiao','2013-08-14 17:48:39'),
 (2263,'127.0.0.1','新增用户ssss119,购买套餐：,缴费金额0,初装费用,开始时间：2013-08-07 到期时间:2014-08-07','NiaoMuNiao','2013-08-14 17:48:39'),
 (2264,'127.0.0.1','新增用户ssss120,购买套餐：,缴费金额0,初装费用,开始时间：2013-08-07 到期时间:2014-08-07','NiaoMuNiao','2013-08-14 17:48:39'),
 (2265,'127.0.0.1','新增用户ssss121,购买套餐：,缴费金额0,初装费用,开始时间：2013-08-07 到期时间:2014-08-07','NiaoMuNiao','2013-08-14 17:48:39'),
 (2266,'127.0.0.1','新增用户ssss122,购买套餐：,缴费金额0,初装费用,开始时间：2013-08-07 到期时间:2014-08-07','NiaoMuNiao','2013-08-14 17:48:39'),
 (2267,'127.0.0.1','新增用户ssss123,购买套餐：,缴费金额0,初装费用,开始时间：2013-08-07 到期时间:2014-08-07','NiaoMuNiao','2013-08-14 17:48:39'),
 (2268,'127.0.0.1','新增用户ssss124,购买套餐：,缴费金额0,初装费用,开始时间：2013-08-07 到期时间:2014-08-07','NiaoMuNiao','2013-08-14 17:48:39'),
 (2269,'127.0.0.1','新增用户ssss125,购买套餐：,缴费金额0,初装费用,开始时间：2013-08-07 到期时间:2014-08-07','NiaoMuNiao','2013-08-14 17:48:39'),
 (2270,'127.0.0.1','新增用户ssss126,购买套餐：,缴费金额0,初装费用,开始时间：2013-08-07 到期时间:2014-08-07','NiaoMuNiao','2013-08-14 17:48:39'),
 (2271,'127.0.0.1','新增用户ssss127,购买套餐：,缴费金额0,初装费用,开始时间：2013-08-07 到期时间:2014-08-07','NiaoMuNiao','2013-08-14 17:48:39'),
 (2272,'127.0.0.1','新增用户ssss128,购买套餐：,缴费金额0,初装费用,开始时间：2013-08-07 到期时间:2014-08-07','NiaoMuNiao','2013-08-14 17:48:40'),
 (2273,'127.0.0.1','新增用户ssss129,购买套餐：,缴费金额0,初装费用,开始时间：2013-08-07 到期时间:2014-08-07','NiaoMuNiao','2013-08-14 17:48:40'),
 (2274,'127.0.0.1','新增用户ssss130,购买套餐：,缴费金额0,初装费用,开始时间：2013-08-07 到期时间:2014-08-07','NiaoMuNiao','2013-08-14 17:48:40'),
 (2275,'127.0.0.1','新增用户ssss131,购买套餐：,缴费金额0,初装费用,开始时间：2013-08-07 到期时间:2014-08-07','NiaoMuNiao','2013-08-14 17:48:40'),
 (2276,'127.0.0.1','新增用户ssss132,购买套餐：,缴费金额0,初装费用,开始时间：2013-08-07 到期时间:2014-08-07','NiaoMuNiao','2013-08-14 17:48:40'),
 (2277,'127.0.0.1','新增用户ssss133,购买套餐：,缴费金额0,初装费用,开始时间：2013-08-07 到期时间:2014-08-07','NiaoMuNiao','2013-08-14 17:48:40'),
 (2278,'127.0.0.1','新增用户ssss134,购买套餐：,缴费金额0,初装费用,开始时间：2013-08-07 到期时间:2014-08-07','NiaoMuNiao','2013-08-14 17:48:40'),
 (2279,'127.0.0.1','新增用户ssss135,购买套餐：,缴费金额0,初装费用,开始时间：2013-08-07 到期时间:2014-08-07','NiaoMuNiao','2013-08-14 17:48:40'),
 (2280,'127.0.0.1','新增用户ssss136,购买套餐：,缴费金额0,初装费用,开始时间：2013-08-07 到期时间:2014-08-07','NiaoMuNiao','2013-08-14 17:48:40'),
 (2281,'127.0.0.1','新增用户ssss137,购买套餐：,缴费金额0,初装费用,开始时间：2013-08-07 到期时间:2014-08-07','NiaoMuNiao','2013-08-14 17:48:40'),
 (2282,'127.0.0.1','新增用户ssss138,购买套餐：,缴费金额0,初装费用,开始时间：2013-08-07 到期时间:2014-08-07','NiaoMuNiao','2013-08-14 17:48:40'),
 (2283,'127.0.0.1','新增用户ssss139,购买套餐：,缴费金额0,初装费用,开始时间：2013-08-07 到期时间:2014-08-07','NiaoMuNiao','2013-08-14 17:48:40'),
 (2284,'127.0.0.1','新增用户ssss140,购买套餐：,缴费金额0,初装费用,开始时间：2013-08-07 到期时间:2014-08-07','NiaoMuNiao','2013-08-14 17:48:40'),
 (2285,'127.0.0.1','新增用户ssss141,购买套餐：,缴费金额0,初装费用,开始时间：2013-08-07 到期时间:2014-08-07','NiaoMuNiao','2013-08-14 17:48:41'),
 (2286,'127.0.0.1','新增用户ssss142,购买套餐：,缴费金额0,初装费用,开始时间：2013-08-07 到期时间:2014-08-07','NiaoMuNiao','2013-08-14 17:48:41'),
 (2287,'127.0.0.1','新增用户ssss143,购买套餐：,缴费金额0,初装费用,开始时间：2013-08-07 到期时间:2014-08-07','NiaoMuNiao','2013-08-14 17:48:41'),
 (2288,'127.0.0.1','新增用户ssss144,购买套餐：,缴费金额0,初装费用,开始时间：2013-08-07 到期时间:2014-08-07','NiaoMuNiao','2013-08-14 17:48:41'),
 (2289,'127.0.0.1','新增用户ssss145,购买套餐：,缴费金额0,初装费用,开始时间：2013-08-07 到期时间:2014-08-07','NiaoMuNiao','2013-08-14 17:48:41'),
 (2290,'127.0.0.1','新增用户ssss146,购买套餐：,缴费金额0,初装费用,开始时间：2013-08-07 到期时间:2014-08-07','NiaoMuNiao','2013-08-14 17:48:41'),
 (2291,'127.0.0.1','新增用户ssss147,购买套餐：,缴费金额0,初装费用,开始时间：2013-08-07 到期时间:2014-08-07','NiaoMuNiao','2013-08-14 17:48:41'),
 (2292,'127.0.0.1','新增用户ssss148,购买套餐：,缴费金额0,初装费用,开始时间：2013-08-07 到期时间:2014-08-07','NiaoMuNiao','2013-08-14 17:48:41'),
 (2293,'127.0.0.1','新增用户ssss149,购买套餐：,缴费金额0,初装费用,开始时间：2013-08-07 到期时间:2014-08-07','NiaoMuNiao','2013-08-14 17:48:41'),
 (2294,'127.0.0.1','新增用户ssss150,购买套餐：,缴费金额0,初装费用,开始时间：2013-08-07 到期时间:2014-08-07','NiaoMuNiao','2013-08-14 17:48:41'),
 (2295,'127.0.0.1','新增用户ssss151,购买套餐：,缴费金额0,初装费用,开始时间：2013-08-07 到期时间:2014-08-07','NiaoMuNiao','2013-08-14 17:48:41'),
 (2296,'127.0.0.1','新增用户ssss152,购买套餐：,缴费金额0,初装费用,开始时间：2013-08-07 到期时间:2014-08-07','NiaoMuNiao','2013-08-14 17:48:41'),
 (2297,'127.0.0.1','新增用户ssss153,购买套餐：,缴费金额0,初装费用,开始时间：2013-08-07 到期时间:2014-08-07','NiaoMuNiao','2013-08-14 17:48:41'),
 (2298,'127.0.0.1','新增用户ssss154,购买套餐：,缴费金额0,初装费用,开始时间：2013-08-07 到期时间:2014-08-07','NiaoMuNiao','2013-08-14 17:48:42'),
 (2299,'127.0.0.1','新增用户ssss155,购买套餐：,缴费金额0,初装费用,开始时间：2013-08-07 到期时间:2014-08-07','NiaoMuNiao','2013-08-14 17:48:42'),
 (2300,'127.0.0.1','新增用户ssss156,购买套餐：,缴费金额0,初装费用,开始时间：2013-08-07 到期时间:2014-08-07','NiaoMuNiao','2013-08-14 17:48:42'),
 (2301,'127.0.0.1','新增用户ssss157,购买套餐：,缴费金额0,初装费用,开始时间：2013-08-07 到期时间:2014-08-07','NiaoMuNiao','2013-08-14 17:48:42'),
 (2302,'127.0.0.1','新增用户ssss158,购买套餐：,缴费金额0,初装费用,开始时间：2013-08-07 到期时间:2014-08-07','NiaoMuNiao','2013-08-14 17:48:42'),
 (2303,'127.0.0.1','新增用户ssss159,购买套餐：,缴费金额0,初装费用,开始时间：2013-08-07 到期时间:2014-08-07','NiaoMuNiao','2013-08-14 17:48:42'),
 (2304,'127.0.0.1','新增用户ssss160,购买套餐：,缴费金额0,初装费用,开始时间：2013-08-07 到期时间:2014-08-07','NiaoMuNiao','2013-08-14 17:48:42'),
 (2305,'127.0.0.1','新增用户ssss161,购买套餐：,缴费金额0,初装费用,开始时间：2013-08-07 到期时间:2014-08-07','NiaoMuNiao','2013-08-14 17:48:42'),
 (2306,'127.0.0.1','新增用户ssss162,购买套餐：,缴费金额0,初装费用,开始时间：2013-08-07 到期时间:2014-08-07','NiaoMuNiao','2013-08-14 17:48:42'),
 (2307,'127.0.0.1','新增用户ssss163,购买套餐：,缴费金额0,初装费用,开始时间：2013-08-07 到期时间:2014-08-07','NiaoMuNiao','2013-08-14 17:48:42'),
 (2308,'127.0.0.1','新增用户ssss164,购买套餐：,缴费金额0,初装费用,开始时间：2013-08-07 到期时间:2014-08-07','NiaoMuNiao','2013-08-14 17:48:42'),
 (2309,'127.0.0.1','新增用户ssss165,购买套餐：,缴费金额0,初装费用,开始时间：2013-08-07 到期时间:2014-08-07','NiaoMuNiao','2013-08-14 17:48:42'),
 (2310,'127.0.0.1','新增用户ssss166,购买套餐：,缴费金额0,初装费用,开始时间：2013-08-07 到期时间:2014-08-07','NiaoMuNiao','2013-08-14 17:48:42'),
 (2311,'127.0.0.1','新增用户ssss167,购买套餐：,缴费金额0,初装费用,开始时间：2013-08-07 到期时间:2014-08-07','NiaoMuNiao','2013-08-14 17:48:42'),
 (2312,'127.0.0.1','新增用户ssss168,购买套餐：,缴费金额0,初装费用,开始时间：2013-08-07 到期时间:2014-08-07','NiaoMuNiao','2013-08-14 17:48:43'),
 (2313,'127.0.0.1','新增用户ssss169,购买套餐：,缴费金额0,初装费用,开始时间：2013-08-07 到期时间:2014-08-07','NiaoMuNiao','2013-08-14 17:48:43'),
 (2314,'127.0.0.1','新增用户ssss170,购买套餐：,缴费金额0,初装费用,开始时间：2013-08-07 到期时间:2014-08-07','NiaoMuNiao','2013-08-14 17:48:43'),
 (2315,'127.0.0.1','新增用户ssss171,购买套餐：,缴费金额0,初装费用,开始时间：2013-08-07 到期时间:2014-08-07','NiaoMuNiao','2013-08-14 17:48:43'),
 (2316,'127.0.0.1','新增用户ssss172,购买套餐：,缴费金额0,初装费用,开始时间：2013-08-07 到期时间:2014-08-07','NiaoMuNiao','2013-08-14 17:48:43'),
 (2317,'127.0.0.1','新增用户ssss173,购买套餐：,缴费金额0,初装费用,开始时间：2013-08-07 到期时间:2014-08-07','NiaoMuNiao','2013-08-14 17:48:43'),
 (2318,'127.0.0.1','新增用户ssss174,购买套餐：,缴费金额0,初装费用,开始时间：2013-08-07 到期时间:2014-08-07','NiaoMuNiao','2013-08-14 17:48:43'),
 (2319,'127.0.0.1','新增用户ssss175,购买套餐：,缴费金额0,初装费用,开始时间：2013-08-07 到期时间:2014-08-07','NiaoMuNiao','2013-08-14 17:48:43'),
 (2320,'127.0.0.1','新增用户ssss176,购买套餐：,缴费金额0,初装费用,开始时间：2013-08-07 到期时间:2014-08-07','NiaoMuNiao','2013-08-14 17:48:43'),
 (2321,'127.0.0.1','新增用户ssss177,购买套餐：,缴费金额0,初装费用,开始时间：2013-08-07 到期时间:2014-08-07','NiaoMuNiao','2013-08-14 17:48:43'),
 (2322,'127.0.0.1','新增用户ssss178,购买套餐：,缴费金额0,初装费用,开始时间：2013-08-07 到期时间:2014-08-07','NiaoMuNiao','2013-08-14 17:48:43'),
 (2323,'127.0.0.1','新增用户ssss179,购买套餐：,缴费金额0,初装费用,开始时间：2013-08-07 到期时间:2014-08-07','NiaoMuNiao','2013-08-14 17:48:44'),
 (2324,'127.0.0.1','新增用户ssss180,购买套餐：,缴费金额0,初装费用,开始时间：2013-08-07 到期时间:2014-08-07','NiaoMuNiao','2013-08-14 17:48:44'),
 (2325,'127.0.0.1','新增用户ssss181,购买套餐：,缴费金额0,初装费用,开始时间：2013-08-07 到期时间:2014-08-07','NiaoMuNiao','2013-08-14 17:48:44'),
 (2326,'127.0.0.1','新增用户ssss182,购买套餐：,缴费金额0,初装费用,开始时间：2013-08-07 到期时间:2014-08-07','NiaoMuNiao','2013-08-14 17:48:44'),
 (2327,'127.0.0.1','新增用户ssss183,购买套餐：,缴费金额0,初装费用,开始时间：2013-08-07 到期时间:2014-08-07','NiaoMuNiao','2013-08-14 17:48:44'),
 (2328,'127.0.0.1','新增用户ssss184,购买套餐：,缴费金额0,初装费用,开始时间：2013-08-07 到期时间:2014-08-07','NiaoMuNiao','2013-08-14 17:48:44'),
 (2329,'127.0.0.1','新增用户ssss185,购买套餐：,缴费金额0,初装费用,开始时间：2013-08-07 到期时间:2014-08-07','NiaoMuNiao','2013-08-14 17:48:44'),
 (2330,'127.0.0.1','新增用户ssss186,购买套餐：,缴费金额0,初装费用,开始时间：2013-08-07 到期时间:2014-08-07','NiaoMuNiao','2013-08-14 17:48:44'),
 (2331,'127.0.0.1','新增用户ssss187,购买套餐：,缴费金额0,初装费用,开始时间：2013-08-07 到期时间:2014-08-07','NiaoMuNiao','2013-08-14 17:48:44'),
 (2332,'127.0.0.1','新增用户ssss188,购买套餐：,缴费金额0,初装费用,开始时间：2013-08-07 到期时间:2014-08-07','NiaoMuNiao','2013-08-14 17:48:44'),
 (2333,'127.0.0.1','新增用户ssss189,购买套餐：,缴费金额0,初装费用,开始时间：2013-08-07 到期时间:2014-08-07','NiaoMuNiao','2013-08-14 17:48:44'),
 (2334,'127.0.0.1','新增用户ssss190,购买套餐：,缴费金额0,初装费用,开始时间：2013-08-07 到期时间:2014-08-07','NiaoMuNiao','2013-08-14 17:48:44'),
 (2335,'127.0.0.1','新增用户ssss191,购买套餐：,缴费金额0,初装费用,开始时间：2013-08-07 到期时间:2014-08-07','NiaoMuNiao','2013-08-14 17:48:44'),
 (2336,'127.0.0.1','新增用户ssss192,购买套餐：,缴费金额0,初装费用,开始时间：2013-08-07 到期时间:2014-08-07','NiaoMuNiao','2013-08-14 17:48:45'),
 (2337,'127.0.0.1','新增用户ssss193,购买套餐：,缴费金额0,初装费用,开始时间：2013-08-07 到期时间:2014-08-07','NiaoMuNiao','2013-08-14 17:48:45'),
 (2338,'127.0.0.1','新增用户ssss194,购买套餐：,缴费金额0,初装费用,开始时间：2013-08-07 到期时间:2014-08-07','NiaoMuNiao','2013-08-14 17:48:45'),
 (2339,'127.0.0.1','新增用户ssss195,购买套餐：,缴费金额0,初装费用,开始时间：2013-08-07 到期时间:2014-08-07','NiaoMuNiao','2013-08-14 17:48:45'),
 (2340,'127.0.0.1','新增用户ssss196,购买套餐：,缴费金额0,初装费用,开始时间：2013-08-07 到期时间:2014-08-07','NiaoMuNiao','2013-08-14 17:48:45'),
 (2341,'127.0.0.1','新增用户ssss197,购买套餐：,缴费金额0,初装费用,开始时间：2013-08-07 到期时间:2014-08-07','NiaoMuNiao','2013-08-14 17:48:45'),
 (2342,'127.0.0.1','新增用户ssss198,购买套餐：,缴费金额0,初装费用,开始时间：2013-08-07 到期时间:2014-08-07','NiaoMuNiao','2013-08-14 17:48:45'),
 (2343,'127.0.0.1','新增用户ssss199,购买套餐：,缴费金额0,初装费用,开始时间：2013-08-07 到期时间:2014-08-07','NiaoMuNiao','2013-08-14 17:48:45'),
 (2344,'127.0.0.1','新增用户yyyy1,购买套餐：,缴费金额0,初装费用,开始时间：2013-08-07 到期时间:2013-08-09','NiaoMuNiao','2013-08-14 17:48:45'),
 (2345,'127.0.0.1','新增用户yyyy2,购买套餐：,缴费金额0,初装费用,开始时间：2013-08-07 到期时间:2013-08-09','NiaoMuNiao','2013-08-14 17:48:45'),
 (2346,'127.0.0.1','新增用户yyyy3,购买套餐：,缴费金额0,初装费用,开始时间：2013-08-07 到期时间:2013-08-09','NiaoMuNiao','2013-08-14 17:48:45'),
 (2347,'127.0.0.1','新增用户yyyy4,购买套餐：,缴费金额0,初装费用,开始时间：2013-08-07 到期时间:2013-08-09','NiaoMuNiao','2013-08-14 17:48:45'),
 (2348,'127.0.0.1','新增用户yyyy5,购买套餐：,缴费金额0,初装费用,开始时间：2013-08-07 到期时间:2013-08-09','NiaoMuNiao','2013-08-14 17:48:45'),
 (2349,'127.0.0.1','新增用户yyyy6,购买套餐：,缴费金额0,初装费用,开始时间：2013-08-07 到期时间:2013-08-09','NiaoMuNiao','2013-08-14 17:48:46'),
 (2350,'127.0.0.1','新增用户yyyy7,购买套餐：,缴费金额0,初装费用,开始时间：2013-08-07 到期时间:2013-08-09','NiaoMuNiao','2013-08-14 17:48:46'),
 (2351,'127.0.0.1','新增用户yyyy8,购买套餐：,缴费金额0,初装费用,开始时间：2013-08-07 到期时间:2013-08-09','NiaoMuNiao','2013-08-14 17:48:46'),
 (2352,'127.0.0.1','新增用户yyyy9,购买套餐：,缴费金额0,初装费用,开始时间：2013-08-07 到期时间:2013-08-09','NiaoMuNiao','2013-08-14 17:48:46'),
 (2353,'127.0.0.1','新增用户yyyy10,购买套餐：,缴费金额0,初装费用,开始时间：2013-08-07 到期时间:2013-08-09','NiaoMuNiao','2013-08-14 17:48:46'),
 (2354,'127.0.0.1','新增用户yyyy11,购买套餐：,缴费金额0,初装费用,开始时间：2013-08-07 到期时间:2013-08-09','NiaoMuNiao','2013-08-14 17:48:46'),
 (2355,'127.0.0.1','新增用户yyyy12,购买套餐：,缴费金额0,初装费用,开始时间：2013-08-07 到期时间:2013-08-09','NiaoMuNiao','2013-08-14 17:48:46'),
 (2356,'127.0.0.1','新增用户yyyy13,购买套餐：,缴费金额0,初装费用,开始时间：2013-08-07 到期时间:2013-08-09','NiaoMuNiao','2013-08-14 17:48:46'),
 (2357,'127.0.0.1','新增用户yyyy14,购买套餐：,缴费金额0,初装费用,开始时间：2013-08-07 到期时间:2013-08-09','NiaoMuNiao','2013-08-14 17:48:46'),
 (2358,'127.0.0.1','新增用户yyyy15,购买套餐：,缴费金额0,初装费用,开始时间：2013-08-07 到期时间:2013-08-09','NiaoMuNiao','2013-08-14 17:48:46'),
 (2359,'127.0.0.1','新增用户yyyy16,购买套餐：,缴费金额0,初装费用,开始时间：2013-08-07 到期时间:2013-08-09','NiaoMuNiao','2013-08-14 17:48:46'),
 (2360,'127.0.0.1','新增用户yyyy17,购买套餐：,缴费金额0,初装费用,开始时间：2013-08-07 到期时间:2013-08-09','NiaoMuNiao','2013-08-14 17:48:46'),
 (2361,'127.0.0.1','新增用户yyyy18,购买套餐：,缴费金额0,初装费用,开始时间：2013-08-07 到期时间:2013-08-09','NiaoMuNiao','2013-08-14 17:48:46'),
 (2362,'127.0.0.1','新增用户yyyy19,购买套餐：,缴费金额0,初装费用,开始时间：2013-08-07 到期时间:2013-08-09','NiaoMuNiao','2013-08-14 17:48:46'),
 (2363,'127.0.0.1','新增用户yyyy20,购买套餐：,缴费金额0,初装费用,开始时间：2013-08-07 到期时间:2013-08-09','NiaoMuNiao','2013-08-14 17:48:46'),
 (2364,'127.0.0.1','新增用户yyyy21,购买套餐：,缴费金额0,初装费用,开始时间：2013-08-07 到期时间:2013-08-09','NiaoMuNiao','2013-08-14 17:48:47'),
 (2365,'127.0.0.1','新增用户yyyy22,购买套餐：,缴费金额0,初装费用,开始时间：2013-08-07 到期时间:2013-08-09','NiaoMuNiao','2013-08-14 17:48:47'),
 (2366,'127.0.0.1','新增用户yyyy23,购买套餐：,缴费金额0,初装费用,开始时间：2013-08-07 到期时间:2013-08-09','NiaoMuNiao','2013-08-14 17:48:47'),
 (2367,'127.0.0.1','新增用户yyyy24,购买套餐：,缴费金额0,初装费用,开始时间：2013-08-07 到期时间:2013-08-09','NiaoMuNiao','2013-08-14 17:48:47'),
 (2368,'127.0.0.1','新增用户yyyy25,购买套餐：,缴费金额0,初装费用,开始时间：2013-08-07 到期时间:2013-08-09','NiaoMuNiao','2013-08-14 17:48:47'),
 (2369,'127.0.0.1','新增用户yyyy26,购买套餐：,缴费金额0,初装费用,开始时间：2013-08-07 到期时间:2013-08-09','NiaoMuNiao','2013-08-14 17:48:47'),
 (2370,'127.0.0.1','新增用户yyyy27,购买套餐：,缴费金额0,初装费用,开始时间：2013-08-07 到期时间:2013-08-09','NiaoMuNiao','2013-08-14 17:48:47'),
 (2371,'127.0.0.1','新增用户yyyy28,购买套餐：,缴费金额0,初装费用,开始时间：2013-08-07 到期时间:2013-08-09','NiaoMuNiao','2013-08-14 17:48:47'),
 (2372,'127.0.0.1','新增用户yyyy29,购买套餐：,缴费金额0,初装费用,开始时间：2013-08-07 到期时间:2013-08-09','NiaoMuNiao','2013-08-14 17:48:47'),
 (2373,'127.0.0.1','新增用户yyyy30,购买套餐：,缴费金额0,初装费用,开始时间：2013-08-07 到期时间:2013-08-09','NiaoMuNiao','2013-08-14 17:48:48'),
 (2374,'127.0.0.1','新增用户yyyy31,购买套餐：,缴费金额0,初装费用,开始时间：2013-08-07 到期时间:2013-08-09','NiaoMuNiao','2013-08-14 17:48:48'),
 (2375,'127.0.0.1','新增用户yyyy32,购买套餐：,缴费金额0,初装费用,开始时间：2013-08-07 到期时间:2013-08-09','NiaoMuNiao','2013-08-14 17:48:48'),
 (2376,'127.0.0.1','新增用户yyyy33,购买套餐：,缴费金额0,初装费用,开始时间：2013-08-07 到期时间:2013-08-09','NiaoMuNiao','2013-08-14 17:48:48'),
 (2377,'127.0.0.1','新增用户yyyy34,购买套餐：,缴费金额0,初装费用,开始时间：2013-08-07 到期时间:2013-08-09','NiaoMuNiao','2013-08-14 17:48:48'),
 (2378,'127.0.0.1','新增用户yyyy35,购买套餐：,缴费金额0,初装费用,开始时间：2013-08-07 到期时间:2013-08-09','NiaoMuNiao','2013-08-14 17:48:48'),
 (2379,'127.0.0.1','新增用户yyyy36,购买套餐：,缴费金额0,初装费用,开始时间：2013-08-07 到期时间:2013-08-09','NiaoMuNiao','2013-08-14 17:48:48'),
 (2380,'127.0.0.1','新增用户yyyy37,购买套餐：,缴费金额0,初装费用,开始时间：2013-08-07 到期时间:2013-08-09','NiaoMuNiao','2013-08-14 17:48:48'),
 (2381,'127.0.0.1','新增用户yyyy38,购买套餐：,缴费金额0,初装费用,开始时间：2013-08-07 到期时间:2013-08-09','NiaoMuNiao','2013-08-14 17:48:48'),
 (2382,'127.0.0.1','新增用户yyyy39,购买套餐：,缴费金额0,初装费用,开始时间：2013-08-07 到期时间:2013-08-09','NiaoMuNiao','2013-08-14 17:48:49'),
 (2383,'127.0.0.1','新增用户yyyy40,购买套餐：,缴费金额0,初装费用,开始时间：2013-08-07 到期时间:2013-08-09','NiaoMuNiao','2013-08-14 17:48:49'),
 (2384,'127.0.0.1','新增用户yyyy41,购买套餐：,缴费金额0,初装费用,开始时间：2013-08-07 到期时间:2013-08-09','NiaoMuNiao','2013-08-14 17:48:49'),
 (2385,'127.0.0.1','新增用户yyyy42,购买套餐：,缴费金额0,初装费用,开始时间：2013-08-07 到期时间:2013-08-09','NiaoMuNiao','2013-08-14 17:48:49'),
 (2386,'127.0.0.1','新增用户yyyy43,购买套餐：,缴费金额0,初装费用,开始时间：2013-08-07 到期时间:2013-08-09','NiaoMuNiao','2013-08-14 17:48:49'),
 (2387,'127.0.0.1','新增用户yyyy44,购买套餐：,缴费金额0,初装费用,开始时间：2013-08-07 到期时间:2013-08-09','NiaoMuNiao','2013-08-14 17:48:49'),
 (2388,'127.0.0.1','新增用户yyyy45,购买套餐：,缴费金额0,初装费用,开始时间：2013-08-07 到期时间:2013-08-09','NiaoMuNiao','2013-08-14 17:48:49'),
 (2389,'127.0.0.1','新增用户yyyy46,购买套餐：,缴费金额0,初装费用,开始时间：2013-08-07 到期时间:2013-08-09','NiaoMuNiao','2013-08-14 17:48:49'),
 (2390,'127.0.0.1','新增用户yyyy47,购买套餐：,缴费金额0,初装费用,开始时间：2013-08-07 到期时间:2013-08-09','NiaoMuNiao','2013-08-14 17:48:49'),
 (2391,'127.0.0.1','新增用户yyyy48,购买套餐：,缴费金额0,初装费用,开始时间：2013-08-07 到期时间:2013-08-09','NiaoMuNiao','2013-08-14 17:48:49'),
 (2392,'127.0.0.1','新增用户yyyy49,购买套餐：,缴费金额0,初装费用,开始时间：2013-08-07 到期时间:2013-08-09','NiaoMuNiao','2013-08-14 17:48:49'),
 (2393,'127.0.0.1','新增用户yyyy50,购买套餐：,缴费金额0,初装费用,开始时间：2013-08-07 到期时间:2013-08-09','NiaoMuNiao','2013-08-14 17:48:49'),
 (2394,'127.0.0.1','新增用户yyyy51,购买套餐：,缴费金额0,初装费用,开始时间：2013-08-07 到期时间:2013-08-09','NiaoMuNiao','2013-08-14 17:48:50'),
 (2395,'127.0.0.1','新增用户yyyy52,购买套餐：,缴费金额0,初装费用,开始时间：2013-08-07 到期时间:2013-08-09','NiaoMuNiao','2013-08-14 17:48:50'),
 (2396,'127.0.0.1','新增用户yyyy53,购买套餐：,缴费金额0,初装费用,开始时间：2013-08-07 到期时间:2013-08-09','NiaoMuNiao','2013-08-14 17:48:50'),
 (2397,'127.0.0.1','新增用户yyyy54,购买套餐：,缴费金额0,初装费用,开始时间：2013-08-07 到期时间:2013-08-09','NiaoMuNiao','2013-08-14 17:48:50'),
 (2398,'127.0.0.1','新增用户yyyy55,购买套餐：,缴费金额0,初装费用,开始时间：2013-08-07 到期时间:2013-08-09','NiaoMuNiao','2013-08-14 17:48:50'),
 (2399,'127.0.0.1','新增用户yyyy56,购买套餐：,缴费金额0,初装费用,开始时间：2013-08-07 到期时间:2013-08-09','NiaoMuNiao','2013-08-14 17:48:50'),
 (2400,'127.0.0.1','新增用户yyyy57,购买套餐：,缴费金额0,初装费用,开始时间：2013-08-07 到期时间:2013-08-09','NiaoMuNiao','2013-08-14 17:48:50'),
 (2401,'127.0.0.1','新增用户yyyy58,购买套餐：,缴费金额0,初装费用,开始时间：2013-08-07 到期时间:2013-08-09','NiaoMuNiao','2013-08-14 17:48:50'),
 (2402,'127.0.0.1','新增用户yyyy59,购买套餐：,缴费金额0,初装费用,开始时间：2013-08-07 到期时间:2013-08-09','NiaoMuNiao','2013-08-14 17:48:50'),
 (2403,'127.0.0.1','新增用户yyyy60,购买套餐：,缴费金额0,初装费用,开始时间：2013-08-07 到期时间:2013-08-09','NiaoMuNiao','2013-08-14 17:48:50'),
 (2404,'127.0.0.1','新增用户yyyy61,购买套餐：,缴费金额0,初装费用,开始时间：2013-08-07 到期时间:2013-08-09','NiaoMuNiao','2013-08-14 17:48:50'),
 (2405,'127.0.0.1','新增用户yyyy62,购买套餐：,缴费金额0,初装费用,开始时间：2013-08-07 到期时间:2013-08-09','NiaoMuNiao','2013-08-14 17:48:50'),
 (2406,'127.0.0.1','新增用户yyyy63,购买套餐：,缴费金额0,初装费用,开始时间：2013-08-07 到期时间:2013-08-09','NiaoMuNiao','2013-08-14 17:48:50'),
 (2407,'127.0.0.1','新增用户yyyy64,购买套餐：,缴费金额0,初装费用,开始时间：2013-08-07 到期时间:2013-08-09','NiaoMuNiao','2013-08-14 17:48:51'),
 (2408,'127.0.0.1','新增用户yyyy65,购买套餐：,缴费金额0,初装费用,开始时间：2013-08-07 到期时间:2013-08-09','NiaoMuNiao','2013-08-14 17:48:51'),
 (2409,'127.0.0.1','新增用户yyyy66,购买套餐：,缴费金额0,初装费用,开始时间：2013-08-07 到期时间:2013-08-09','NiaoMuNiao','2013-08-14 17:48:51'),
 (2410,'127.0.0.1','新增用户yyyy67,购买套餐：,缴费金额0,初装费用,开始时间：2013-08-07 到期时间:2013-08-09','NiaoMuNiao','2013-08-14 17:48:51'),
 (2411,'127.0.0.1','新增用户yyyy68,购买套餐：,缴费金额0,初装费用,开始时间：2013-08-07 到期时间:2013-08-09','NiaoMuNiao','2013-08-14 17:48:51'),
 (2412,'127.0.0.1','新增用户yyyy69,购买套餐：,缴费金额0,初装费用,开始时间：2013-08-07 到期时间:2013-08-09','NiaoMuNiao','2013-08-14 17:48:51'),
 (2413,'127.0.0.1','新增用户yyyy70,购买套餐：,缴费金额0,初装费用,开始时间：2013-08-07 到期时间:2013-08-09','NiaoMuNiao','2013-08-14 17:48:51'),
 (2414,'127.0.0.1','新增用户yyyy71,购买套餐：,缴费金额0,初装费用,开始时间：2013-08-07 到期时间:2013-08-09','NiaoMuNiao','2013-08-14 17:48:51');
/*!40000 ALTER TABLE `fly_sys_log` ENABLE KEYS */;


--
-- Definition of table `fly_sys_menu`
--

DROP TABLE IF EXISTS `fly_sys_menu`;
CREATE TABLE `fly_sys_menu` (
  `id` int(4) unsigned NOT NULL auto_increment,
  `name` varchar(64) NOT NULL,
  `name_en` varchar(64) NOT NULL,
  `url` varchar(128) NOT NULL,
  `parentID` int(4) NOT NULL,
  `sort` int(4) NOT NULL,
  `visible` int(2) NOT NULL,
  PRIMARY KEY  (`id`)
) ENGINE=InnoDB AUTO_INCREMENT=88 DEFAULT CHARSET=utf8;

--
-- Dumping data for table `fly_sys_menu`
--

/*!40000 ALTER TABLE `fly_sys_menu` DISABLE KEYS */;
INSERT INTO `fly_sys_menu` (`id`,`name`,`name_en`,`url`,`parentID`,`sort`,`visible`) VALUES 
 (1,'系统管理','','#',0,1,1),
 (2,'客户市场','Customer','Customer',0,20,1),
 (3,'库存管理','','#',0,30,1),
 (4,'系统设置','','#',1,11,1),
 (5,'组织结构','','#',1,12,1),
 (6,'产品管理','','#',1,13,1),
 (7,'企业类型','','#',1,13,1),
 (8,'客户管理','','#',2,21,1),
 (9,'销售管理','','#',2,22,1),
 (10,'合同管理','','#',2,23,1),
 (11,'订单管理','','#',2,24,1),
 (12,'供应商基本信息','','#',3,31,1),
 (13,'采购管理','','#',3,32,1),
 (14,'库存管理','','#',3,33,1),
 (15,'系统参数','system','/Sys/sys_config/',4,111,1),
 (16,'系统菜单','','/Menu/menu_show/',4,112,1),
 (17,'系统授权信息','serial','#',4,113,0),
 (18,'系统日志管理','system log','#',4,114,0),
 (19,'数据库管理','database','#',4,115,0),
 (20,'在线升级','#','#',4,115,0),
 (21,'部门管理','','/Dept/dept_show/',5,115,1),
 (22,'岗位管理','','/Position/position_show/',5,122,1),
 (23,'权限管理','Role Management','/Role/role_show/',5,122,1),
 (24,'用户管理','Sys User Management','/User/user_show/',5,124,1),
 (25,'产品单位','product_dict','/ProDict/pro_dict_show/type/unit/',6,131,1),
 (26,'产品性质','','/ProDict/pro_dict_show/type/nature/',6,132,1),
 (27,'产品分类管理','','/Protype/pro_type_show/',6,132,1),
 (28,'产品管理','','/Product/product_show/',6,134,1),
 (29,'客户等级','','/CstDict/cst_dict_show/type/level/',7,141,1),
 (30,'隶属行业','','/CstDict/cst_dict_show/type/trade/',7,142,1),
 (31,'经济类型','','/CstDict/cst_dict_show/type/ecotype/',7,143,1),
 (32,'客户来源','','/CstDict/cst_dict_show/type/source/',7,144,1),
 (33,'销售方式','','/CstDict/cst_dict_show/type/salemode/',7,145,1),
 (34,'销售阶段','','/CstDict/cst_dict_show/type/salestage/',7,146,1),
 (35,'服务类型','Service Type','/CstDict/cst_dict_show/type/services/',7,147,1),
 (36,'服务方式','','/CstDict/cst_dict_show/type/servicesmodel/',7,148,1),
 (37,'客户列表','Customer List','/Customer/customer_show/',8,211,1),
 (38,'客户联系人','Customer Linkman','/CstLinkman/cst_linkman_show/',8,212,1),
 (39,'纪念日','#','/CstLinkman/cst_linkman_show/',8,213,0),
 (40,'客户服务','','/CstService/cst_service_show/',8,214,1),
 (41,'客户移交','#','/CstService/cst_service_show/',8,215,0),
 (42,'销售机会','','/CstChance/cst_chance_show/',9,221,1),
 (43,'跟踪记录','','/CstTrace/cst_trace_show/',9,222,1),
 (44,'产品报价','','/CstQuoted/cst_quoted_show/',9,223,1),
 (45,'项目报备','','/CstFiling/cst_filing_show/',9,224,1),
 (46,'合同管理','sale contract','/SalContract/sal_contract_show/',10,231,1),
 (47,'交付计划','Contract','/SalContract/sal_contract_show/',10,232,1),
 (48,'交付记录','Contact','/SalContract/sal_contract_show/',10,233,1),
 (49,'销售订单','Sale order','/SalOrder/sal_order_show/',11,241,1),
 (50,'订单明细','Order Sale','/SalOrderDetail/sal_order_detail_show/',11,242,1),
 (51,'供应商列表','Supplier','/Supplier/supplier_show/',12,311,1),
 (52,'供应商联系人','','/SupLinkman/sup_linkman_show/',12,312,1),
 (53,'供应商报价','','/SupLinkman/sup_linkman_show/',12,313,1),
 (54,'采购订单','POS','/PosOrder/pos_order_show/',13,321,1),
 (55,'采购明细','POS Detail','/PosOrderDetail/pos_order_detail_show/',13,322,1),
 (56,'库存清单','','/SupLinkman/sup_linkman_show/',14,331,1),
 (57,'入库订单','','/SupLinkman/sup_linkman_show/',14,332,1),
 (58,'入库明细','','/SupLinkman/sup_linkman_show/',14,333,1),
 (59,'出库订单','','/SupLinkman/sup_linkman_show/',14,334,1),
 (60,'出库明细','','/SupLinkman/sup_linkman_show/',14,335,1),
 (61,'系统方法','System Model','/Method/method_show/',4,112,1),
 (62,'栏目名称','栏目名称','链接地址',0,1,1),
 (63,'财务管理','Finace','Finace',0,40,1),
 (64,'统计分析','统计分析','统计分析',63,41,1),
 (65,'财务类型','财务类型','财务类型',63,42,1),
 (66,'付款管理','付款管理','付款管理',63,43,1),
 (67,'回款管理','回款管理','回款管理',63,44,1),
 (68,'收入开支','收入开支','收入开支',63,45,1),
 (69,'费用收入类型','income','/FinIncomeType/fin_income_type_show/',65,1,1),
 (70,'费用开支类型','income','/FinExpensesType/fin_expenses_type_show/',65,2,1),
 (71,'银行帐号管理','银行帐号管理','/FinBankAccount/fin_bank_account_show/',65,3,1),
 (72,'付款计划','FinPayPlan','/FinPayPlan/fin_pay_plan_show/',66,1,1),
 (73,'付款记录','付款记录','/FinPayRecord/fin_pay_record_show/',66,2,1),
 (74,'收票记录','收票记录','/FinInvoiceRece/fin_invoice_rece_show/',66,3,1),
 (75,'回款计划','回款计划','/FinRecePlan/fin_rece_plan_show/',67,1,1),
 (76,'回款记录','回款记录','/FinReceRecord/fin_rece_record_show/',67,2,1),
 (77,'开票记录','开票记录','/FinInvoicePay/fin_invoice_pay_show/',67,3,1),
 (78,'报销单审核','报销单审核','报销单审核',68,1,1),
 (79,'其它收入单','其它收入单','/FinIncomeRecord/fin_income_record_show/',68,2,1),
 (80,'费用支出单','费用支出单','/FinExpensesRecord/fin_expenses_record_show/',68,3,1),
 (81,'邮件群发','email','#',1,4,1),
 (82,'发送地址','sendFrom','/EmailSend/email_from_show/',81,0,1),
 (83,'接收地址','sendFrom','/EmailSend/email_receiver_show/',81,0,1),
 (84,'方案定制','sendFrom','/EmailSend/email_scheme_show/',81,2,1),
 (85,'邮件模板','moban','/EmailSend/email_mb_show/',81,0,1),
 (86,'日志跟踪','schemeLog','/EmailSend/email_scheme_log_show/',81,1,1),
 (87,'财务流水','Flow','/FinFlowRecord/fin_flow_record_show/',64,1,1);
/*!40000 ALTER TABLE `fly_sys_menu` ENABLE KEYS */;


--
-- Definition of table `fly_sys_method`
--

DROP TABLE IF EXISTS `fly_sys_method`;
CREATE TABLE `fly_sys_method` (
  `id` int(4) unsigned NOT NULL auto_increment,
  `menuID` int(4) NOT NULL,
  `name` varchar(64) NOT NULL,
  `value` varchar(64) NOT NULL,
  `sort` int(4) NOT NULL,
  `visible` int(2) NOT NULL,
  PRIMARY KEY  (`id`)
) ENGINE=InnoDB AUTO_INCREMENT=62 DEFAULT CHARSET=utf8;

--
-- Dumping data for table `fly_sys_method`
--

/*!40000 ALTER TABLE `fly_sys_method` DISABLE KEYS */;
INSERT INTO `fly_sys_method` (`id`,`menuID`,`name`,`value`,`sort`,`visible`) VALUES 
 (1,21,'浏览','dept_show',1,0),
 (2,21,'增加','dept_add',2,0),
 (3,21,'删除','dept_del',3,1),
 (4,22,'删除','position_del',3,1),
 (5,22,'添加','position_add',1,1),
 (6,22,'浏览','position_show',2,1),
 (7,23,'浏览','role_show',1,1),
 (8,23,'增加','role_add',2,1),
 (9,23,'修改','role_modify',3,1),
 (10,23,'删除','role_del',4,1),
 (11,24,'浏览','user_show',1,1),
 (12,24,'增加','user_add',2,1),
 (13,24,'修改','user_modify',3,1),
 (14,24,'删除','user_del',4,1),
 (15,25,'浏览','pro_dict_show',1,1),
 (16,25,'增加','pro_dict_add',2,1),
 (17,27,'浏览','pro_type_show',1,1),
 (18,27,'增加','pro_type_add',2,1),
 (19,27,'修改','pro_type_modify',3,1),
 (20,27,'删除','pro_type_del',4,1),
 (21,28,'删除','product_del',4,1),
 (22,28,'浏览','product_show',1,1),
 (23,28,'增加','product_add',2,1),
 (24,28,'修改','product_modify',3,1),
 (25,37,'浏览','customer_show',1,1),
 (26,37,'增加','customer_add',2,1),
 (27,37,'修改','customer_modify',3,1),
 (28,37,'删除','customer_del',4,1),
 (29,38,'浏览','cst_linkman_show',1,1),
 (30,38,'增加','cst_linkman_add',2,1),
 (31,38,'修改','cst_linkman_modify',3,1),
 (32,38,'删除','cst_linkman_del',4,1),
 (33,40,'浏览','cst_service_show',1,1),
 (34,40,'增加','cst_service_add',2,1),
 (35,40,'修改','cst_service_modify',3,1),
 (36,40,'删除','cst_service_del',4,1),
 (37,42,'浏览','cst_chance_show',1,1),
 (38,42,'增加','cst_chance_add',2,1),
 (39,42,'修改','cst_chance_modify',3,1),
 (40,42,'删除','cst_chance_del',4,1),
 (41,43,'浏览','cst_trace_show',1,1),
 (42,43,'增加','cst_trace_add',2,1),
 (43,43,'修改','cst_trace_modify',4,1),
 (44,43,'删除','cst_trace_del',4,1),
 (45,44,'浏览','cst_quoted_show',1,0),
 (46,44,'增加','cst_quoted_add',2,1),
 (47,44,'修改','cst_quoted_modify',3,1),
 (48,44,'删除','cst_quoted_del',4,1),
 (49,45,'浏览','cst_filing_show',1,1),
 (50,45,'增加','cst_filing_add',2,1),
 (51,45,'修改','cst_filing_modify',3,1),
 (52,45,'删除','cst_filing_del',4,1),
 (55,22,'删除','postion_del',4,1),
 (56,21,'修改','dept_modify',3,0),
 (57,63,'资金注入抽取','资金注入抽取',41,1),
 (58,63,'财务类型','财务类型',42,1),
 (59,63,'付款管理','付款管理',43,1),
 (60,63,'回款管理','回款管理',44,1),
 (61,63,'收入开支','收入开支',45,1);
/*!40000 ALTER TABLE `fly_sys_method` ENABLE KEYS */;


--
-- Definition of table `fly_sys_position`
--

DROP TABLE IF EXISTS `fly_sys_position`;
CREATE TABLE `fly_sys_position` (
  `id` int(16) unsigned NOT NULL auto_increment,
  `name` varchar(32) character set utf8 NOT NULL,
  `parentID` int(11) NOT NULL,
  `sort` int(11) NOT NULL,
  `visible` tinyint(2) NOT NULL default '1',
  `intro` varchar(1024) character set utf8 default NULL,
  PRIMARY KEY  (`id`)
) ENGINE=InnoDB AUTO_INCREMENT=8 DEFAULT CHARSET=armscii8;

--
-- Dumping data for table `fly_sys_position`
--

/*!40000 ALTER TABLE `fly_sys_position` DISABLE KEYS */;
INSERT INTO `fly_sys_position` (`id`,`name`,`parentID`,`sort`,`visible`,`intro`) VALUES 
 (2,'董事会',0,1,1,'董事会，管理全公司的信息的'),
 (3,'总经理',2,10,1,''),
 (4,'财务总监',3,20,1,''),
 (5,'人事总监',3,21,0,''),
 (7,'技术总监',3,31,1,'');
/*!40000 ALTER TABLE `fly_sys_position` ENABLE KEYS */;


--
-- Definition of table `fly_sys_power`
--

DROP TABLE IF EXISTS `fly_sys_power`;
CREATE TABLE `fly_sys_power` (
  `id` int(16) NOT NULL auto_increment,
  `master` varchar(64) NOT NULL,
  `master_value` varchar(64) NOT NULL,
  `access` varchar(64) NOT NULL,
  `access_value` text NOT NULL,
  `operation` varchar(64) default NULL,
  PRIMARY KEY  (`id`)
) ENGINE=InnoDB AUTO_INCREMENT=16 DEFAULT CHARSET=utf8;

--
-- Dumping data for table `fly_sys_power`
--

/*!40000 ALTER TABLE `fly_sys_power` DISABLE KEYS */;
INSERT INTO `fly_sys_power` (`id`,`master`,`master_value`,`access`,`access_value`,`operation`) VALUES 
 (7,'role','12','SYS_MENU','1,81,85,83,82,86,84,4,15,61,16,17,18,20,19,5,21,23,22,24,7,29,30,31,32,33,34,35,36,6,25,27,26,28,2,8,37,38,39,40,41,9,42,43,44,45,10,46,47,48,11,49,50,3,12,51,52,53,13,54,55,14,56,57,58,59,60,63,64,87,65,69,70,71,66,72,73,74,67,75,76,77,68,78,79,80',NULL),
 (8,'role','12','SYS_METHOD','dept_show,dept_add,dept_del,role_show,role_add,role_modify,role_del,position_add,position_show,position_del,user_show,user_add,user_modify,user_del,pro_dict_show,pro_dict_add,pro_type_show,pro_type_add,pro_type_modify,pro_type_del,product_show,product_add,product_modify,product_del,customer_show,customer_add,customer_modify,customer_del,cst_linkman_show,cst_linkman_add,cst_linkman_modify,cst_linkman_del,cst_service_show,cst_service_add,cst_service_modify,cst_service_del,cst_chance_show,cst_chance_add,cst_chance_modify,cst_chance_del,cst_trace_show,cst_trace_add,cst_trace_del,cst_trace_modify,cst_quoted_show,cst_quoted_add,cst_quoted_modify,cst_quoted_del,cst_filing_show,cst_filing_add,cst_filing_modify,cst_filing_del',NULL),
 (9,'role','12','SYS_AREA','0',NULL),
 (10,'role','13','SYS_MENU','1,5,21,23,22,24,7,29,30,31,32,33,34,35,36,6,25,27,26,28,2,8,37,38,39,40,41,9,42,43,44,45,10,46,47,48,11,49,50,3,12,51,52,53,13,54,55,14,56,57,58,59,60',NULL),
 (12,'role','13','SYS_AREA','0',NULL),
 (13,'role','14','SYS_MENU','1,4,15,61,16,17,18,20,19,5,21,23,22,24,7,29,30,31,32,33,34,35,36,6,25,27,26,28,8,37,38,39,40,41,9,42,43,44,45,10,46,47,48,11,49,50,3,12,51,52,53,13,54,55,14,56,57,58,59,60',NULL),
 (14,'role','14','SYS_METHOD','dept_show,dept_add,pro_dict_show,pro_dict_add,pro_type_show,pro_type_add,pro_type_modify,pro_type_del,product_show,product_add,product_modify,product_del,customer_show,customer_add,customer_modify,customer_del,cst_linkman_show,cst_linkman_add,cst_linkman_modify,cst_linkman_del,cst_service_show,cst_service_add,cst_service_modify,cst_service_del,cst_chance_show,cst_chance_add,cst_chance_modify,cst_chance_del,cst_trace_show,cst_trace_add,cst_trace_del,cst_trace_modify,cst_quoted_del,cst_quoted_add,cst_quoted_modify,cst_filing_show,cst_filing_add,cst_filing_modify,cst_filing_del',NULL),
 (15,'role','14','SYS_AREA','0',NULL);
/*!40000 ALTER TABLE `fly_sys_power` ENABLE KEYS */;


--
-- Definition of table `fly_sys_region`
--

DROP TABLE IF EXISTS `fly_sys_region`;
CREATE TABLE `fly_sys_region` (
  `id` int(4) NOT NULL auto_increment,
  `parentID` int(4) NOT NULL,
  `name` varchar(12) NOT NULL,
  `type` int(1) NOT NULL,
  PRIMARY KEY  (`id`)
) ENGINE=MyISAM AUTO_INCREMENT=3409 DEFAULT CHARSET=utf8 COMMENT='地区表';

--
-- Dumping data for table `fly_sys_region`
--

/*!40000 ALTER TABLE `fly_sys_region` DISABLE KEYS */;
INSERT INTO `fly_sys_region` (`id`,`parentID`,`name`,`type`) VALUES 
 (1,0,'中国',0),
 (2,1,'北京',1),
 (3,1,'安徽',1),
 (4,1,'福建',1),
 (5,1,'甘肃',1),
 (6,1,'广东',1),
 (7,1,'广西',1),
 (8,1,'贵州',1),
 (9,1,'海南',1),
 (10,1,'河北',1),
 (11,1,'河南',1),
 (12,1,'黑龙江',1),
 (13,1,'湖北',1),
 (14,1,'湖南',1),
 (15,1,'吉林',1),
 (16,1,'江苏',1),
 (17,1,'江西',1),
 (18,1,'辽宁',1),
 (19,1,'内蒙古',1),
 (20,1,'宁夏',1),
 (21,1,'青海',1),
 (22,1,'山东',1),
 (23,1,'山西',1),
 (24,1,'陕西',1),
 (25,1,'上海',1),
 (26,1,'四川',1),
 (27,1,'天津',1),
 (28,1,'西藏',1),
 (29,1,'新疆',1),
 (30,1,'云南',1),
 (31,1,'浙江',1),
 (32,1,'重庆',1),
 (33,1,'香港',1),
 (34,1,'澳门',1),
 (35,1,'台湾',1),
 (36,3,'安庆',2),
 (37,3,'蚌埠',2),
 (38,3,'巢湖',2),
 (39,3,'池州',2),
 (40,3,'滁州',2),
 (41,3,'阜阳',2),
 (42,3,'淮北',2),
 (43,3,'淮南',2),
 (44,3,'黄山',2),
 (45,3,'六安',2),
 (46,3,'马鞍山',2),
 (47,3,'宿州',2),
 (48,3,'铜陵',2),
 (49,3,'芜湖',2),
 (50,3,'宣城',2),
 (51,3,'亳州',2),
 (52,2,'北京',2),
 (53,4,'福州',2),
 (54,4,'龙岩',2),
 (55,4,'南平',2),
 (56,4,'宁德',2),
 (57,4,'莆田',2),
 (58,4,'泉州',2),
 (59,4,'三明',2),
 (60,4,'厦门',2),
 (61,4,'漳州',2),
 (62,5,'兰州',2),
 (63,5,'白银',2),
 (64,5,'定西',2),
 (65,5,'甘南',2),
 (66,5,'嘉峪关',2),
 (67,5,'金昌',2),
 (68,5,'酒泉',2),
 (69,5,'临夏',2),
 (70,5,'陇南',2),
 (71,5,'平凉',2),
 (72,5,'庆阳',2),
 (73,5,'天水',2),
 (74,5,'武威',2),
 (75,5,'张掖',2),
 (76,6,'广州',2),
 (77,6,'深圳',2),
 (78,6,'潮州',2),
 (79,6,'东莞',2),
 (80,6,'佛山',2),
 (81,6,'河源',2),
 (82,6,'惠州',2),
 (83,6,'江门',2),
 (84,6,'揭阳',2),
 (85,6,'茂名',2),
 (86,6,'梅州',2),
 (87,6,'清远',2),
 (88,6,'汕头',2),
 (89,6,'汕尾',2),
 (90,6,'韶关',2),
 (91,6,'阳江',2),
 (92,6,'云浮',2),
 (93,6,'湛江',2),
 (94,6,'肇庆',2),
 (95,6,'中山',2),
 (96,6,'珠海',2),
 (97,7,'南宁',2),
 (98,7,'桂林',2),
 (99,7,'百色',2),
 (100,7,'北海',2),
 (101,7,'崇左',2),
 (102,7,'防城港',2),
 (103,7,'贵港',2),
 (104,7,'河池',2),
 (105,7,'贺州',2),
 (106,7,'来宾',2),
 (107,7,'柳州',2),
 (108,7,'钦州',2),
 (109,7,'梧州',2),
 (110,7,'玉林',2),
 (111,8,'贵阳',2),
 (112,8,'安顺',2),
 (113,8,'毕节',2),
 (114,8,'六盘水',2),
 (115,8,'黔东南',2),
 (116,8,'黔南',2),
 (117,8,'黔西南',2),
 (118,8,'铜仁',2),
 (119,8,'遵义',2),
 (120,9,'海口',2),
 (121,9,'三亚',2),
 (122,9,'白沙',2),
 (123,9,'保亭',2),
 (124,9,'昌江',2),
 (125,9,'澄迈县',2),
 (126,9,'定安县',2),
 (127,9,'东方',2),
 (128,9,'乐东',2),
 (129,9,'临高县',2),
 (130,9,'陵水',2),
 (131,9,'琼海',2),
 (132,9,'琼中',2),
 (133,9,'屯昌县',2),
 (134,9,'万宁',2),
 (135,9,'文昌',2),
 (136,9,'五指山',2),
 (137,9,'儋州',2),
 (138,10,'石家庄',2),
 (139,10,'保定',2),
 (140,10,'沧州',2),
 (141,10,'承德',2),
 (142,10,'邯郸',2),
 (143,10,'衡水',2),
 (144,10,'廊坊',2),
 (145,10,'秦皇岛',2),
 (146,10,'唐山',2),
 (147,10,'邢台',2),
 (148,10,'张家口',2),
 (149,11,'郑州',2),
 (150,11,'洛阳',2),
 (151,11,'开封',2),
 (152,11,'安阳',2),
 (153,11,'鹤壁',2),
 (154,11,'济源',2),
 (155,11,'焦作',2),
 (156,11,'南阳',2),
 (157,11,'平顶山',2),
 (158,11,'三门峡',2),
 (159,11,'商丘',2),
 (160,11,'新乡',2),
 (161,11,'信阳',2),
 (162,11,'许昌',2),
 (163,11,'周口',2),
 (164,11,'驻马店',2),
 (165,11,'漯河',2),
 (166,11,'濮阳',2),
 (167,12,'哈尔滨',2),
 (168,12,'大庆',2),
 (169,12,'大兴安岭',2),
 (170,12,'鹤岗',2),
 (171,12,'黑河',2),
 (172,12,'鸡西',2),
 (173,12,'佳木斯',2),
 (174,12,'牡丹江',2),
 (175,12,'七台河',2),
 (176,12,'齐齐哈尔',2),
 (177,12,'双鸭山',2),
 (178,12,'绥化',2),
 (179,12,'伊春',2),
 (180,13,'武汉',2),
 (181,13,'仙桃',2),
 (182,13,'鄂州',2),
 (183,13,'黄冈',2),
 (184,13,'黄石',2),
 (185,13,'荆门',2),
 (186,13,'荆州',2),
 (187,13,'潜江',2),
 (188,13,'神农架林区',2),
 (189,13,'十堰',2),
 (190,13,'随州',2),
 (191,13,'天门',2),
 (192,13,'咸宁',2),
 (193,13,'襄樊',2),
 (194,13,'孝感',2),
 (195,13,'宜昌',2),
 (196,13,'恩施',2),
 (197,14,'长沙',2),
 (198,14,'张家界',2),
 (199,14,'常德',2),
 (200,14,'郴州',2),
 (201,14,'衡阳',2),
 (202,14,'怀化',2),
 (203,14,'娄底',2),
 (204,14,'邵阳',2),
 (205,14,'湘潭',2),
 (206,14,'湘西',2),
 (207,14,'益阳',2),
 (208,14,'永州',2),
 (209,14,'岳阳',2),
 (210,14,'株洲',2),
 (211,15,'长春',2),
 (212,15,'吉林',2),
 (213,15,'白城',2),
 (214,15,'白山',2),
 (215,15,'辽源',2),
 (216,15,'四平',2),
 (217,15,'松原',2),
 (218,15,'通化',2),
 (219,15,'延边',2),
 (220,16,'南京',2),
 (221,16,'苏州',2),
 (222,16,'无锡',2),
 (223,16,'常州',2),
 (224,16,'淮安',2),
 (225,16,'连云港',2),
 (226,16,'南通',2),
 (227,16,'宿迁',2),
 (228,16,'泰州',2),
 (229,16,'徐州',2),
 (230,16,'盐城',2),
 (231,16,'扬州',2),
 (232,16,'镇江',2),
 (233,17,'南昌',2),
 (234,17,'抚州',2),
 (235,17,'赣州',2),
 (236,17,'吉安',2),
 (237,17,'景德镇',2),
 (238,17,'九江',2),
 (239,17,'萍乡',2),
 (240,17,'上饶',2),
 (241,17,'新余',2),
 (242,17,'宜春',2),
 (243,17,'鹰潭',2),
 (244,18,'沈阳',2),
 (245,18,'大连',2),
 (246,18,'鞍山',2),
 (247,18,'本溪',2),
 (248,18,'朝阳',2),
 (249,18,'丹东',2),
 (250,18,'抚顺',2),
 (251,18,'阜新',2),
 (252,18,'葫芦岛',2),
 (253,18,'锦州',2),
 (254,18,'辽阳',2),
 (255,18,'盘锦',2),
 (256,18,'铁岭',2),
 (257,18,'营口',2),
 (258,19,'呼和浩特',2),
 (259,19,'阿拉善盟',2),
 (260,19,'巴彦淖尔盟',2),
 (261,19,'包头',2),
 (262,19,'赤峰',2),
 (263,19,'鄂尔多斯',2),
 (264,19,'呼伦贝尔',2),
 (265,19,'通辽',2),
 (266,19,'乌海',2),
 (267,19,'乌兰察布市',2),
 (268,19,'锡林郭勒盟',2),
 (269,19,'兴安盟',2),
 (270,20,'银川',2),
 (271,20,'固原',2),
 (272,20,'石嘴山',2),
 (273,20,'吴忠',2),
 (274,20,'中卫',2),
 (275,21,'西宁',2),
 (276,21,'果洛',2),
 (277,21,'海北',2),
 (278,21,'海东',2),
 (279,21,'海南',2),
 (280,21,'海西',2),
 (281,21,'黄南',2),
 (282,21,'玉树',2),
 (283,22,'济南',2),
 (284,22,'青岛',2),
 (285,22,'滨州',2),
 (286,22,'德州',2),
 (287,22,'东营',2),
 (288,22,'菏泽',2),
 (289,22,'济宁',2),
 (290,22,'莱芜',2),
 (291,22,'聊城',2),
 (292,22,'临沂',2),
 (293,22,'日照',2),
 (294,22,'泰安',2),
 (295,22,'威海',2),
 (296,22,'潍坊',2),
 (297,22,'烟台',2),
 (298,22,'枣庄',2),
 (299,22,'淄博',2),
 (300,23,'太原',2),
 (301,23,'长治',2),
 (302,23,'大同',2),
 (303,23,'晋城',2),
 (304,23,'晋中',2),
 (305,23,'临汾',2),
 (306,23,'吕梁',2),
 (307,23,'朔州',2),
 (308,23,'忻州',2),
 (309,23,'阳泉',2),
 (310,23,'运城',2),
 (311,24,'西安',2),
 (312,24,'安康',2),
 (313,24,'宝鸡',2),
 (314,24,'汉中',2),
 (315,24,'商洛',2),
 (316,24,'铜川',2),
 (317,24,'渭南',2),
 (318,24,'咸阳',2),
 (319,24,'延安',2),
 (320,24,'榆林',2),
 (321,25,'上海',2),
 (322,26,'成都',2),
 (323,26,'绵阳',2),
 (324,26,'阿坝',2),
 (325,26,'巴中',2),
 (326,26,'达州',2),
 (327,26,'德阳',2),
 (328,26,'甘孜',2),
 (329,26,'广安',2),
 (330,26,'广元',2),
 (331,26,'乐山',2),
 (332,26,'凉山',2),
 (333,26,'眉山',2),
 (334,26,'南充',2),
 (335,26,'内江',2),
 (336,26,'攀枝花',2),
 (337,26,'遂宁',2),
 (338,26,'雅安',2),
 (339,26,'宜宾',2),
 (340,26,'资阳',2),
 (341,26,'自贡',2),
 (342,26,'泸州',2),
 (343,27,'天津',2),
 (344,28,'拉萨',2),
 (345,28,'阿里',2),
 (346,28,'昌都',2),
 (347,28,'林芝',2),
 (348,28,'那曲',2),
 (349,28,'日喀则',2),
 (350,28,'山南',2),
 (351,29,'乌鲁木齐',2),
 (352,29,'阿克苏',2),
 (353,29,'阿拉尔',2),
 (354,29,'巴音郭楞',2),
 (355,29,'博尔塔拉',2),
 (356,29,'昌吉',2),
 (357,29,'哈密',2),
 (358,29,'和田',2),
 (359,29,'喀什',2),
 (360,29,'克拉玛依',2),
 (361,29,'克孜勒苏',2),
 (362,29,'石河子',2),
 (363,29,'图木舒克',2),
 (364,29,'吐鲁番',2),
 (365,29,'五家渠',2),
 (366,29,'伊犁',2),
 (367,30,'昆明',2),
 (368,30,'怒江',2),
 (369,30,'普洱',2),
 (370,30,'丽江',2),
 (371,30,'保山',2),
 (372,30,'楚雄',2),
 (373,30,'大理',2),
 (374,30,'德宏',2),
 (375,30,'迪庆',2),
 (376,30,'红河',2),
 (377,30,'临沧',2),
 (378,30,'曲靖',2),
 (379,30,'文山',2),
 (380,30,'西双版纳',2),
 (381,30,'玉溪',2),
 (382,30,'昭通',2),
 (383,31,'杭州',2),
 (384,31,'湖州',2),
 (385,31,'嘉兴',2),
 (386,31,'金华',2),
 (387,31,'丽水',2),
 (388,31,'宁波',2),
 (389,31,'绍兴',2),
 (390,31,'台州',2),
 (391,31,'温州',2),
 (392,31,'舟山',2),
 (393,31,'衢州',2),
 (394,32,'重庆',2),
 (395,33,'香港',2),
 (396,34,'澳门',2),
 (397,35,'台湾',2),
 (398,36,'迎江区',3),
 (399,36,'大观区',3),
 (400,36,'宜秀区',3),
 (401,36,'桐城市',3),
 (402,36,'怀宁县',3),
 (403,36,'枞阳县',3),
 (404,36,'潜山县',3),
 (405,36,'太湖县',3),
 (406,36,'宿松县',3),
 (407,36,'望江县',3),
 (408,36,'岳西县',3),
 (409,37,'中市区',3),
 (410,37,'东市区',3),
 (411,37,'西市区',3),
 (412,37,'郊区',3),
 (413,37,'怀远县',3),
 (414,37,'五河县',3),
 (415,37,'固镇县',3),
 (416,38,'居巢区',3),
 (417,38,'庐江县',3),
 (418,38,'无为县',3),
 (419,38,'含山县',3),
 (420,38,'和县',3),
 (421,39,'贵池区',3),
 (422,39,'东至县',3),
 (423,39,'石台县',3),
 (424,39,'青阳县',3),
 (425,40,'琅琊区',3),
 (426,40,'南谯区',3),
 (427,40,'天长市',3),
 (428,40,'明光市',3),
 (429,40,'来安县',3),
 (430,40,'全椒县',3),
 (431,40,'定远县',3),
 (432,40,'凤阳县',3),
 (433,41,'蚌山区',3),
 (434,41,'龙子湖区',3),
 (435,41,'禹会区',3),
 (436,41,'淮上区',3),
 (437,41,'颍州区',3),
 (438,41,'颍东区',3),
 (439,41,'颍泉区',3),
 (440,41,'界首市',3),
 (441,41,'临泉县',3),
 (442,41,'太和县',3),
 (443,41,'阜南县',3),
 (444,41,'颖上县',3),
 (445,42,'相山区',3),
 (446,42,'杜集区',3),
 (447,42,'烈山区',3),
 (448,42,'濉溪县',3),
 (449,43,'田家庵区',3),
 (450,43,'大通区',3),
 (451,43,'谢家集区',3),
 (452,43,'八公山区',3),
 (453,43,'潘集区',3),
 (454,43,'凤台县',3),
 (455,44,'屯溪区',3),
 (456,44,'黄山区',3),
 (457,44,'徽州区',3),
 (458,44,'歙县',3),
 (459,44,'休宁县',3),
 (460,44,'黟县',3),
 (461,44,'祁门县',3),
 (462,45,'金安区',3),
 (463,45,'裕安区',3),
 (464,45,'寿县',3),
 (465,45,'霍邱县',3),
 (466,45,'舒城县',3),
 (467,45,'金寨县',3),
 (468,45,'霍山县',3),
 (469,46,'雨山区',3),
 (470,46,'花山区',3),
 (471,46,'金家庄区',3),
 (472,46,'当涂县',3),
 (473,47,'埇桥区',3),
 (474,47,'砀山县',3),
 (475,47,'萧县',3),
 (476,47,'灵璧县',3),
 (477,47,'泗县',3),
 (478,48,'铜官山区',3),
 (479,48,'狮子山区',3),
 (480,48,'郊区',3),
 (481,48,'铜陵县',3),
 (482,49,'镜湖区',3),
 (483,49,'弋江区',3),
 (484,49,'鸠江区',3),
 (485,49,'三山区',3),
 (486,49,'芜湖县',3),
 (487,49,'繁昌县',3),
 (488,49,'南陵县',3),
 (489,50,'宣州区',3),
 (490,50,'宁国市',3),
 (491,50,'郎溪县',3),
 (492,50,'广德县',3),
 (493,50,'泾县',3),
 (494,50,'绩溪县',3),
 (495,50,'旌德县',3),
 (496,51,'涡阳县',3),
 (497,51,'蒙城县',3),
 (498,51,'利辛县',3),
 (499,51,'谯城区',3),
 (500,52,'东城区',3),
 (501,52,'西城区',3),
 (502,52,'海淀区',3),
 (503,52,'朝阳区',3),
 (504,52,'崇文区',3),
 (505,52,'宣武区',3),
 (506,52,'丰台区',3),
 (507,52,'石景山区',3),
 (508,52,'房山区',3),
 (509,52,'门头沟区',3),
 (510,52,'通州区',3),
 (511,52,'顺义区',3),
 (512,52,'昌平区',3),
 (513,52,'怀柔区',3),
 (514,52,'平谷区',3),
 (515,52,'大兴区',3),
 (516,52,'密云县',3),
 (517,52,'延庆县',3),
 (518,53,'鼓楼区',3),
 (519,53,'台江区',3),
 (520,53,'仓山区',3),
 (521,53,'马尾区',3),
 (522,53,'晋安区',3),
 (523,53,'福清市',3),
 (524,53,'长乐市',3),
 (525,53,'闽侯县',3),
 (526,53,'连江县',3),
 (527,53,'罗源县',3),
 (528,53,'闽清县',3),
 (529,53,'永泰县',3),
 (530,53,'平潭县',3),
 (531,54,'新罗区',3),
 (532,54,'漳平市',3),
 (533,54,'长汀县',3),
 (534,54,'永定县',3),
 (535,54,'上杭县',3),
 (536,54,'武平县',3),
 (537,54,'连城县',3),
 (538,55,'延平区',3),
 (539,55,'邵武市',3),
 (540,55,'武夷山市',3),
 (541,55,'建瓯市',3),
 (542,55,'建阳市',3),
 (543,55,'顺昌县',3),
 (544,55,'浦城县',3),
 (545,55,'光泽县',3),
 (546,55,'松溪县',3),
 (547,55,'政和县',3),
 (548,56,'蕉城区',3),
 (549,56,'福安市',3),
 (550,56,'福鼎市',3),
 (551,56,'霞浦县',3),
 (552,56,'古田县',3),
 (553,56,'屏南县',3),
 (554,56,'寿宁县',3),
 (555,56,'周宁县',3),
 (556,56,'柘荣县',3),
 (557,57,'城厢区',3),
 (558,57,'涵江区',3),
 (559,57,'荔城区',3),
 (560,57,'秀屿区',3),
 (561,57,'仙游县',3),
 (562,58,'鲤城区',3),
 (563,58,'丰泽区',3),
 (564,58,'洛江区',3),
 (565,58,'清濛开发区',3),
 (566,58,'泉港区',3),
 (567,58,'石狮市',3),
 (568,58,'晋江市',3),
 (569,58,'南安市',3),
 (570,58,'惠安县',3),
 (571,58,'安溪县',3),
 (572,58,'永春县',3),
 (573,58,'德化县',3),
 (574,58,'金门县',3),
 (575,59,'梅列区',3),
 (576,59,'三元区',3),
 (577,59,'永安市',3),
 (578,59,'明溪县',3),
 (579,59,'清流县',3),
 (580,59,'宁化县',3),
 (581,59,'大田县',3),
 (582,59,'尤溪县',3),
 (583,59,'沙县',3),
 (584,59,'将乐县',3),
 (585,59,'泰宁县',3),
 (586,59,'建宁县',3),
 (587,60,'思明区',3),
 (588,60,'海沧区',3),
 (589,60,'湖里区',3),
 (590,60,'集美区',3),
 (591,60,'同安区',3),
 (592,60,'翔安区',3),
 (593,61,'芗城区',3),
 (594,61,'龙文区',3),
 (595,61,'龙海市',3),
 (596,61,'云霄县',3),
 (597,61,'漳浦县',3),
 (598,61,'诏安县',3),
 (599,61,'长泰县',3),
 (600,61,'东山县',3),
 (601,61,'南靖县',3),
 (602,61,'平和县',3),
 (603,61,'华安县',3),
 (604,62,'皋兰县',3),
 (605,62,'城关区',3),
 (606,62,'七里河区',3),
 (607,62,'西固区',3),
 (608,62,'安宁区',3),
 (609,62,'红古区',3),
 (610,62,'永登县',3),
 (611,62,'榆中县',3),
 (612,63,'白银区',3),
 (613,63,'平川区',3),
 (614,63,'会宁县',3),
 (615,63,'景泰县',3),
 (616,63,'靖远县',3),
 (617,64,'临洮县',3),
 (618,64,'陇西县',3),
 (619,64,'通渭县',3),
 (620,64,'渭源县',3),
 (621,64,'漳县',3),
 (622,64,'岷县',3),
 (623,64,'安定区',3),
 (624,64,'安定区',3),
 (625,65,'合作市',3),
 (626,65,'临潭县',3),
 (627,65,'卓尼县',3),
 (628,65,'舟曲县',3),
 (629,65,'迭部县',3),
 (630,65,'玛曲县',3),
 (631,65,'碌曲县',3),
 (632,65,'夏河县',3),
 (633,66,'嘉峪关市',3),
 (634,67,'金川区',3),
 (635,67,'永昌县',3),
 (636,68,'肃州区',3),
 (637,68,'玉门市',3),
 (638,68,'敦煌市',3),
 (639,68,'金塔县',3),
 (640,68,'瓜州县',3),
 (641,68,'肃北',3),
 (642,68,'阿克塞',3),
 (643,69,'临夏市',3),
 (644,69,'临夏县',3),
 (645,69,'康乐县',3),
 (646,69,'永靖县',3),
 (647,69,'广河县',3),
 (648,69,'和政县',3),
 (649,69,'东乡族自治县',3),
 (650,69,'积石山',3),
 (651,70,'成县',3),
 (652,70,'徽县',3),
 (653,70,'康县',3),
 (654,70,'礼县',3),
 (655,70,'两当县',3),
 (656,70,'文县',3),
 (657,70,'西和县',3),
 (658,70,'宕昌县',3),
 (659,70,'武都区',3),
 (660,71,'崇信县',3),
 (661,71,'华亭县',3),
 (662,71,'静宁县',3),
 (663,71,'灵台县',3),
 (664,71,'崆峒区',3),
 (665,71,'庄浪县',3),
 (666,71,'泾川县',3),
 (667,72,'合水县',3),
 (668,72,'华池县',3),
 (669,72,'环县',3),
 (670,72,'宁县',3),
 (671,72,'庆城县',3),
 (672,72,'西峰区',3),
 (673,72,'镇原县',3),
 (674,72,'正宁县',3),
 (675,73,'甘谷县',3),
 (676,73,'秦安县',3),
 (677,73,'清水县',3),
 (678,73,'秦州区',3),
 (679,73,'麦积区',3),
 (680,73,'武山县',3),
 (681,73,'张家川',3),
 (682,74,'古浪县',3),
 (683,74,'民勤县',3),
 (684,74,'天祝',3),
 (685,74,'凉州区',3),
 (686,75,'高台县',3),
 (687,75,'临泽县',3),
 (688,75,'民乐县',3),
 (689,75,'山丹县',3),
 (690,75,'肃南',3),
 (691,75,'甘州区',3),
 (692,76,'从化市',3),
 (693,76,'天河区',3),
 (694,76,'东山区',3),
 (695,76,'白云区',3),
 (696,76,'海珠区',3),
 (697,76,'荔湾区',3),
 (698,76,'越秀区',3),
 (699,76,'黄埔区',3),
 (700,76,'番禺区',3),
 (701,76,'花都区',3),
 (702,76,'增城区',3),
 (703,76,'从化区',3),
 (704,76,'市郊',3),
 (705,77,'福田区',3),
 (706,77,'罗湖区',3),
 (707,77,'南山区',3),
 (708,77,'宝安区',3),
 (709,77,'龙岗区',3),
 (710,77,'盐田区',3),
 (711,78,'湘桥区',3),
 (712,78,'潮安县',3),
 (713,78,'饶平县',3),
 (714,79,'南城区',3),
 (715,79,'东城区',3),
 (716,79,'万江区',3),
 (717,79,'莞城区',3),
 (718,79,'石龙镇',3),
 (719,79,'虎门镇',3),
 (720,79,'麻涌镇',3),
 (721,79,'道滘镇',3),
 (722,79,'石碣镇',3),
 (723,79,'沙田镇',3),
 (724,79,'望牛墩镇',3),
 (725,79,'洪梅镇',3),
 (726,79,'茶山镇',3),
 (727,79,'寮步镇',3),
 (728,79,'大岭山镇',3),
 (729,79,'大朗镇',3),
 (730,79,'黄江镇',3),
 (731,79,'樟木头',3),
 (732,79,'凤岗镇',3),
 (733,79,'塘厦镇',3),
 (734,79,'谢岗镇',3),
 (735,79,'厚街镇',3),
 (736,79,'清溪镇',3),
 (737,79,'常平镇',3),
 (738,79,'桥头镇',3),
 (739,79,'横沥镇',3),
 (740,79,'东坑镇',3),
 (741,79,'企石镇',3),
 (742,79,'石排镇',3),
 (743,79,'长安镇',3),
 (744,79,'中堂镇',3),
 (745,79,'高埗镇',3),
 (746,80,'禅城区',3),
 (747,80,'南海区',3),
 (748,80,'顺德区',3),
 (749,80,'三水区',3),
 (750,80,'高明区',3),
 (751,81,'东源县',3),
 (752,81,'和平县',3),
 (753,81,'源城区',3),
 (754,81,'连平县',3),
 (755,81,'龙川县',3),
 (756,81,'紫金县',3),
 (757,82,'惠阳区',3),
 (758,82,'惠城区',3),
 (759,82,'大亚湾',3),
 (760,82,'博罗县',3),
 (761,82,'惠东县',3),
 (762,82,'龙门县',3),
 (763,83,'江海区',3),
 (764,83,'蓬江区',3),
 (765,83,'新会区',3),
 (766,83,'台山市',3),
 (767,83,'开平市',3),
 (768,83,'鹤山市',3),
 (769,83,'恩平市',3),
 (770,84,'榕城区',3),
 (771,84,'普宁市',3),
 (772,84,'揭东县',3),
 (773,84,'揭西县',3),
 (774,84,'惠来县',3),
 (775,85,'茂南区',3),
 (776,85,'茂港区',3),
 (777,85,'高州市',3),
 (778,85,'化州市',3),
 (779,85,'信宜市',3),
 (780,85,'电白县',3),
 (781,86,'梅县',3),
 (782,86,'梅江区',3),
 (783,86,'兴宁市',3),
 (784,86,'大埔县',3),
 (785,86,'丰顺县',3),
 (786,86,'五华县',3),
 (787,86,'平远县',3),
 (788,86,'蕉岭县',3),
 (789,87,'清城区',3),
 (790,87,'英德市',3),
 (791,87,'连州市',3),
 (792,87,'佛冈县',3),
 (793,87,'阳山县',3),
 (794,87,'清新县',3),
 (795,87,'连山',3),
 (796,87,'连南',3),
 (797,88,'南澳县',3),
 (798,88,'潮阳区',3),
 (799,88,'澄海区',3),
 (800,88,'龙湖区',3),
 (801,88,'金平区',3),
 (802,88,'濠江区',3),
 (803,88,'潮南区',3),
 (804,89,'城区',3),
 (805,89,'陆丰市',3),
 (806,89,'海丰县',3),
 (807,89,'陆河县',3),
 (808,90,'曲江县',3),
 (809,90,'浈江区',3),
 (810,90,'武江区',3),
 (811,90,'曲江区',3),
 (812,90,'乐昌市',3),
 (813,90,'南雄市',3),
 (814,90,'始兴县',3),
 (815,90,'仁化县',3),
 (816,90,'翁源县',3),
 (817,90,'新丰县',3),
 (818,90,'乳源',3),
 (819,91,'江城区',3),
 (820,91,'阳春市',3),
 (821,91,'阳西县',3),
 (822,91,'阳东县',3),
 (823,92,'云城区',3),
 (824,92,'罗定市',3),
 (825,92,'新兴县',3),
 (826,92,'郁南县',3),
 (827,92,'云安县',3),
 (828,93,'赤坎区',3),
 (829,93,'霞山区',3),
 (830,93,'坡头区',3),
 (831,93,'麻章区',3),
 (832,93,'廉江市',3),
 (833,93,'雷州市',3),
 (834,93,'吴川市',3),
 (835,93,'遂溪县',3),
 (836,93,'徐闻县',3),
 (837,94,'肇庆市',3),
 (838,94,'高要市',3),
 (839,94,'四会市',3),
 (840,94,'广宁县',3),
 (841,94,'怀集县',3),
 (842,94,'封开县',3),
 (843,94,'德庆县',3),
 (844,95,'石岐街道',3),
 (845,95,'东区街道',3),
 (846,95,'西区街道',3),
 (847,95,'环城街道',3),
 (848,95,'中山港街道',3),
 (849,95,'五桂山街道',3),
 (850,96,'香洲区',3),
 (851,96,'斗门区',3),
 (852,96,'金湾区',3),
 (853,97,'邕宁区',3),
 (854,97,'青秀区',3),
 (855,97,'兴宁区',3),
 (856,97,'良庆区',3),
 (857,97,'西乡塘区',3),
 (858,97,'江南区',3),
 (859,97,'武鸣县',3),
 (860,97,'隆安县',3),
 (861,97,'马山县',3),
 (862,97,'上林县',3),
 (863,97,'宾阳县',3),
 (864,97,'横县',3),
 (865,98,'秀峰区',3),
 (866,98,'叠彩区',3),
 (867,98,'象山区',3),
 (868,98,'七星区',3),
 (869,98,'雁山区',3),
 (870,98,'阳朔县',3),
 (871,98,'临桂县',3),
 (872,98,'灵川县',3),
 (873,98,'全州县',3),
 (874,98,'平乐县',3),
 (875,98,'兴安县',3),
 (876,98,'灌阳县',3),
 (877,98,'荔浦县',3),
 (878,98,'资源县',3),
 (879,98,'永福县',3),
 (880,98,'龙胜',3),
 (881,98,'恭城',3),
 (882,99,'右江区',3),
 (883,99,'凌云县',3),
 (884,99,'平果县',3),
 (885,99,'西林县',3),
 (886,99,'乐业县',3),
 (887,99,'德保县',3),
 (888,99,'田林县',3),
 (889,99,'田阳县',3),
 (890,99,'靖西县',3),
 (891,99,'田东县',3),
 (892,99,'那坡县',3),
 (893,99,'隆林',3),
 (894,100,'海城区',3),
 (895,100,'银海区',3),
 (896,100,'铁山港区',3),
 (897,100,'合浦县',3),
 (898,101,'江州区',3),
 (899,101,'凭祥市',3),
 (900,101,'宁明县',3),
 (901,101,'扶绥县',3),
 (902,101,'龙州县',3),
 (903,101,'大新县',3),
 (904,101,'天等县',3),
 (905,102,'港口区',3),
 (906,102,'防城区',3),
 (907,102,'东兴市',3),
 (908,102,'上思县',3),
 (909,103,'港北区',3),
 (910,103,'港南区',3),
 (911,103,'覃塘区',3),
 (912,103,'桂平市',3),
 (913,103,'平南县',3),
 (914,104,'金城江区',3),
 (915,104,'宜州市',3),
 (916,104,'天峨县',3),
 (917,104,'凤山县',3),
 (918,104,'南丹县',3),
 (919,104,'东兰县',3),
 (920,104,'都安',3),
 (921,104,'罗城',3),
 (922,104,'巴马',3),
 (923,104,'环江',3),
 (924,104,'大化',3),
 (925,105,'八步区',3),
 (926,105,'钟山县',3),
 (927,105,'昭平县',3),
 (928,105,'富川',3),
 (929,106,'兴宾区',3),
 (930,106,'合山市',3),
 (931,106,'象州县',3),
 (932,106,'武宣县',3),
 (933,106,'忻城县',3),
 (934,106,'金秀',3),
 (935,107,'城中区',3),
 (936,107,'鱼峰区',3),
 (937,107,'柳北区',3),
 (938,107,'柳南区',3),
 (939,107,'柳江县',3),
 (940,107,'柳城县',3),
 (941,107,'鹿寨县',3),
 (942,107,'融安县',3),
 (943,107,'融水',3),
 (944,107,'三江',3),
 (945,108,'钦南区',3),
 (946,108,'钦北区',3),
 (947,108,'灵山县',3),
 (948,108,'浦北县',3),
 (949,109,'万秀区',3),
 (950,109,'蝶山区',3),
 (951,109,'长洲区',3),
 (952,109,'岑溪市',3),
 (953,109,'苍梧县',3),
 (954,109,'藤县',3),
 (955,109,'蒙山县',3),
 (956,110,'玉州区',3),
 (957,110,'北流市',3),
 (958,110,'容县',3),
 (959,110,'陆川县',3),
 (960,110,'博白县',3),
 (961,110,'兴业县',3),
 (962,111,'南明区',3),
 (963,111,'云岩区',3),
 (964,111,'花溪区',3),
 (965,111,'乌当区',3),
 (966,111,'白云区',3),
 (967,111,'小河区',3),
 (968,111,'金阳新区',3),
 (969,111,'新天园区',3),
 (970,111,'清镇市',3),
 (971,111,'开阳县',3),
 (972,111,'修文县',3),
 (973,111,'息烽县',3),
 (974,112,'西秀区',3),
 (975,112,'关岭',3),
 (976,112,'镇宁',3),
 (977,112,'紫云',3),
 (978,112,'平坝县',3),
 (979,112,'普定县',3),
 (980,113,'毕节市',3),
 (981,113,'大方县',3),
 (982,113,'黔西县',3),
 (983,113,'金沙县',3),
 (984,113,'织金县',3),
 (985,113,'纳雍县',3),
 (986,113,'赫章县',3),
 (987,113,'威宁',3),
 (988,114,'钟山区',3),
 (989,114,'六枝特区',3),
 (990,114,'水城县',3),
 (991,114,'盘县',3),
 (992,115,'凯里市',3),
 (993,115,'黄平县',3),
 (994,115,'施秉县',3),
 (995,115,'三穗县',3),
 (996,115,'镇远县',3),
 (997,115,'岑巩县',3),
 (998,115,'天柱县',3),
 (999,115,'锦屏县',3),
 (1000,115,'剑河县',3),
 (1001,115,'台江县',3),
 (1002,115,'黎平县',3),
 (1003,115,'榕江县',3),
 (1004,115,'从江县',3),
 (1005,115,'雷山县',3),
 (1006,115,'麻江县',3),
 (1007,115,'丹寨县',3),
 (1008,116,'都匀市',3),
 (1009,116,'福泉市',3),
 (1010,116,'荔波县',3),
 (1011,116,'贵定县',3),
 (1012,116,'瓮安县',3),
 (1013,116,'独山县',3),
 (1014,116,'平塘县',3),
 (1015,116,'罗甸县',3),
 (1016,116,'长顺县',3),
 (1017,116,'龙里县',3),
 (1018,116,'惠水县',3),
 (1019,116,'三都',3),
 (1020,117,'兴义市',3),
 (1021,117,'兴仁县',3),
 (1022,117,'普安县',3),
 (1023,117,'晴隆县',3),
 (1024,117,'贞丰县',3),
 (1025,117,'望谟县',3),
 (1026,117,'册亨县',3),
 (1027,117,'安龙县',3),
 (1028,118,'铜仁市',3),
 (1029,118,'江口县',3),
 (1030,118,'石阡县',3),
 (1031,118,'思南县',3),
 (1032,118,'德江县',3),
 (1033,118,'玉屏',3),
 (1034,118,'印江',3),
 (1035,118,'沿河',3),
 (1036,118,'松桃',3),
 (1037,118,'万山特区',3),
 (1038,119,'红花岗区',3),
 (1039,119,'务川县',3),
 (1040,119,'道真县',3),
 (1041,119,'汇川区',3),
 (1042,119,'赤水市',3),
 (1043,119,'仁怀市',3),
 (1044,119,'遵义县',3),
 (1045,119,'桐梓县',3),
 (1046,119,'绥阳县',3),
 (1047,119,'正安县',3),
 (1048,119,'凤冈县',3),
 (1049,119,'湄潭县',3),
 (1050,119,'余庆县',3),
 (1051,119,'习水县',3),
 (1052,119,'道真',3),
 (1053,119,'务川',3),
 (1054,120,'秀英区',3),
 (1055,120,'龙华区',3),
 (1056,120,'琼山区',3),
 (1057,120,'美兰区',3),
 (1058,137,'市区',3),
 (1059,137,'洋浦开发区',3),
 (1060,137,'那大镇',3),
 (1061,137,'王五镇',3),
 (1062,137,'雅星镇',3),
 (1063,137,'大成镇',3),
 (1064,137,'中和镇',3),
 (1065,137,'峨蔓镇',3),
 (1066,137,'南丰镇',3),
 (1067,137,'白马井镇',3),
 (1068,137,'兰洋镇',3),
 (1069,137,'和庆镇',3),
 (1070,137,'海头镇',3),
 (1071,137,'排浦镇',3),
 (1072,137,'东成镇',3),
 (1073,137,'光村镇',3),
 (1074,137,'木棠镇',3),
 (1075,137,'新州镇',3),
 (1076,137,'三都镇',3),
 (1077,137,'其他',3),
 (1078,138,'长安区',3),
 (1079,138,'桥东区',3),
 (1080,138,'桥西区',3),
 (1081,138,'新华区',3),
 (1082,138,'裕华区',3),
 (1083,138,'井陉矿区',3),
 (1084,138,'高新区',3),
 (1085,138,'辛集市',3),
 (1086,138,'藁城市',3),
 (1087,138,'晋州市',3),
 (1088,138,'新乐市',3),
 (1089,138,'鹿泉市',3),
 (1090,138,'井陉县',3),
 (1091,138,'正定县',3),
 (1092,138,'栾城县',3),
 (1093,138,'行唐县',3),
 (1094,138,'灵寿县',3),
 (1095,138,'高邑县',3),
 (1096,138,'深泽县',3),
 (1097,138,'赞皇县',3),
 (1098,138,'无极县',3),
 (1099,138,'平山县',3),
 (1100,138,'元氏县',3),
 (1101,138,'赵县',3),
 (1102,139,'新市区',3),
 (1103,139,'南市区',3),
 (1104,139,'北市区',3),
 (1105,139,'涿州市',3),
 (1106,139,'定州市',3),
 (1107,139,'安国市',3),
 (1108,139,'高碑店市',3),
 (1109,139,'满城县',3),
 (1110,139,'清苑县',3),
 (1111,139,'涞水县',3),
 (1112,139,'阜平县',3),
 (1113,139,'徐水县',3),
 (1114,139,'定兴县',3),
 (1115,139,'唐县',3),
 (1116,139,'高阳县',3),
 (1117,139,'容城县',3),
 (1118,139,'涞源县',3),
 (1119,139,'望都县',3),
 (1120,139,'安新县',3),
 (1121,139,'易县',3),
 (1122,139,'曲阳县',3),
 (1123,139,'蠡县',3),
 (1124,139,'顺平县',3),
 (1125,139,'博野县',3),
 (1126,139,'雄县',3),
 (1127,140,'运河区',3),
 (1128,140,'新华区',3),
 (1129,140,'泊头市',3),
 (1130,140,'任丘市',3),
 (1131,140,'黄骅市',3),
 (1132,140,'河间市',3),
 (1133,140,'沧县',3),
 (1134,140,'青县',3),
 (1135,140,'东光县',3),
 (1136,140,'海兴县',3),
 (1137,140,'盐山县',3),
 (1138,140,'肃宁县',3),
 (1139,140,'南皮县',3),
 (1140,140,'吴桥县',3),
 (1141,140,'献县',3),
 (1142,140,'孟村',3),
 (1143,141,'双桥区',3),
 (1144,141,'双滦区',3),
 (1145,141,'鹰手营子矿区',3),
 (1146,141,'承德县',3),
 (1147,141,'兴隆县',3),
 (1148,141,'平泉县',3),
 (1149,141,'滦平县',3),
 (1150,141,'隆化县',3),
 (1151,141,'丰宁',3),
 (1152,141,'宽城',3),
 (1153,141,'围场',3),
 (1154,142,'从台区',3),
 (1155,142,'复兴区',3),
 (1156,142,'邯山区',3),
 (1157,142,'峰峰矿区',3),
 (1158,142,'武安市',3),
 (1159,142,'邯郸县',3),
 (1160,142,'临漳县',3),
 (1161,142,'成安县',3),
 (1162,142,'大名县',3),
 (1163,142,'涉县',3),
 (1164,142,'磁县',3),
 (1165,142,'肥乡县',3),
 (1166,142,'永年县',3),
 (1167,142,'邱县',3),
 (1168,142,'鸡泽县',3),
 (1169,142,'广平县',3),
 (1170,142,'馆陶县',3),
 (1171,142,'魏县',3),
 (1172,142,'曲周县',3),
 (1173,143,'桃城区',3),
 (1174,143,'冀州市',3),
 (1175,143,'深州市',3),
 (1176,143,'枣强县',3),
 (1177,143,'武邑县',3),
 (1178,143,'武强县',3),
 (1179,143,'饶阳县',3),
 (1180,143,'安平县',3),
 (1181,143,'故城县',3),
 (1182,143,'景县',3),
 (1183,143,'阜城县',3),
 (1184,144,'安次区',3),
 (1185,144,'广阳区',3),
 (1186,144,'霸州市',3),
 (1187,144,'三河市',3),
 (1188,144,'固安县',3),
 (1189,144,'永清县',3),
 (1190,144,'香河县',3),
 (1191,144,'大城县',3),
 (1192,144,'文安县',3),
 (1193,144,'大厂',3),
 (1194,145,'海港区',3),
 (1195,145,'山海关区',3),
 (1196,145,'北戴河区',3),
 (1197,145,'昌黎县',3),
 (1198,145,'抚宁县',3),
 (1199,145,'卢龙县',3),
 (1200,145,'青龙',3),
 (1201,146,'路北区',3),
 (1202,146,'路南区',3),
 (1203,146,'古冶区',3),
 (1204,146,'开平区',3),
 (1205,146,'丰南区',3),
 (1206,146,'丰润区',3),
 (1207,146,'遵化市',3),
 (1208,146,'迁安市',3),
 (1209,146,'滦县',3),
 (1210,146,'滦南县',3),
 (1211,146,'乐亭县',3),
 (1212,146,'迁西县',3),
 (1213,146,'玉田县',3),
 (1214,146,'唐海县',3),
 (1215,147,'桥东区',3),
 (1216,147,'桥西区',3),
 (1217,147,'南宫市',3),
 (1218,147,'沙河市',3),
 (1219,147,'邢台县',3),
 (1220,147,'临城县',3),
 (1221,147,'内丘县',3),
 (1222,147,'柏乡县',3),
 (1223,147,'隆尧县',3),
 (1224,147,'任县',3),
 (1225,147,'南和县',3),
 (1226,147,'宁晋县',3),
 (1227,147,'巨鹿县',3),
 (1228,147,'新河县',3),
 (1229,147,'广宗县',3),
 (1230,147,'平乡县',3),
 (1231,147,'威县',3),
 (1232,147,'清河县',3),
 (1233,147,'临西县',3),
 (1234,148,'桥西区',3),
 (1235,148,'桥东区',3),
 (1236,148,'宣化区',3),
 (1237,148,'下花园区',3),
 (1238,148,'宣化县',3),
 (1239,148,'张北县',3),
 (1240,148,'康保县',3),
 (1241,148,'沽源县',3),
 (1242,148,'尚义县',3),
 (1243,148,'蔚县',3),
 (1244,148,'阳原县',3),
 (1245,148,'怀安县',3),
 (1246,148,'万全县',3),
 (1247,148,'怀来县',3),
 (1248,148,'涿鹿县',3),
 (1249,148,'赤城县',3),
 (1250,148,'崇礼县',3),
 (1251,149,'金水区',3),
 (1252,149,'邙山区',3),
 (1253,149,'二七区',3),
 (1254,149,'管城区',3),
 (1255,149,'中原区',3),
 (1256,149,'上街区',3),
 (1257,149,'惠济区',3),
 (1258,149,'郑东新区',3),
 (1259,149,'经济技术开发区',3),
 (1260,149,'高新开发区',3),
 (1261,149,'出口加工区',3),
 (1262,149,'巩义市',3),
 (1263,149,'荥阳市',3),
 (1264,149,'新密市',3),
 (1265,149,'新郑市',3),
 (1266,149,'登封市',3),
 (1267,149,'中牟县',3),
 (1268,150,'西工区',3),
 (1269,150,'老城区',3),
 (1270,150,'涧西区',3),
 (1271,150,'瀍河回族区',3),
 (1272,150,'洛龙区',3),
 (1273,150,'吉利区',3),
 (1274,150,'偃师市',3),
 (1275,150,'孟津县',3),
 (1276,150,'新安县',3),
 (1277,150,'栾川县',3),
 (1278,150,'嵩县',3),
 (1279,150,'汝阳县',3),
 (1280,150,'宜阳县',3),
 (1281,150,'洛宁县',3),
 (1282,150,'伊川县',3),
 (1283,151,'鼓楼区',3),
 (1284,151,'龙亭区',3),
 (1285,151,'顺河回族区',3),
 (1286,151,'金明区',3),
 (1287,151,'禹王台区',3),
 (1288,151,'杞县',3),
 (1289,151,'通许县',3),
 (1290,151,'尉氏县',3),
 (1291,151,'开封县',3),
 (1292,151,'兰考县',3),
 (1293,152,'北关区',3),
 (1294,152,'文峰区',3),
 (1295,152,'殷都区',3),
 (1296,152,'龙安区',3),
 (1297,152,'林州市',3),
 (1298,152,'安阳县',3),
 (1299,152,'汤阴县',3),
 (1300,152,'滑县',3),
 (1301,152,'内黄县',3),
 (1302,153,'淇滨区',3),
 (1303,153,'山城区',3),
 (1304,153,'鹤山区',3),
 (1305,153,'浚县',3),
 (1306,153,'淇县',3),
 (1307,154,'济源市',3),
 (1308,155,'解放区',3),
 (1309,155,'中站区',3),
 (1310,155,'马村区',3),
 (1311,155,'山阳区',3),
 (1312,155,'沁阳市',3),
 (1313,155,'孟州市',3),
 (1314,155,'修武县',3),
 (1315,155,'博爱县',3),
 (1316,155,'武陟县',3),
 (1317,155,'温县',3),
 (1318,156,'卧龙区',3),
 (1319,156,'宛城区',3),
 (1320,156,'邓州市',3),
 (1321,156,'南召县',3),
 (1322,156,'方城县',3),
 (1323,156,'西峡县',3),
 (1324,156,'镇平县',3),
 (1325,156,'内乡县',3),
 (1326,156,'淅川县',3),
 (1327,156,'社旗县',3),
 (1328,156,'唐河县',3),
 (1329,156,'新野县',3),
 (1330,156,'桐柏县',3),
 (1331,157,'新华区',3),
 (1332,157,'卫东区',3),
 (1333,157,'湛河区',3),
 (1334,157,'石龙区',3),
 (1335,157,'舞钢市',3),
 (1336,157,'汝州市',3),
 (1337,157,'宝丰县',3),
 (1338,157,'叶县',3),
 (1339,157,'鲁山县',3),
 (1340,157,'郏县',3),
 (1341,158,'湖滨区',3),
 (1342,158,'义马市',3),
 (1343,158,'灵宝市',3),
 (1344,158,'渑池县',3),
 (1345,158,'陕县',3),
 (1346,158,'卢氏县',3),
 (1347,159,'梁园区',3),
 (1348,159,'睢阳区',3),
 (1349,159,'永城市',3),
 (1350,159,'民权县',3),
 (1351,159,'睢县',3),
 (1352,159,'宁陵县',3),
 (1353,159,'虞城县',3),
 (1354,159,'柘城县',3),
 (1355,159,'夏邑县',3),
 (1356,160,'卫滨区',3),
 (1357,160,'红旗区',3),
 (1358,160,'凤泉区',3),
 (1359,160,'牧野区',3),
 (1360,160,'卫辉市',3),
 (1361,160,'辉县市',3),
 (1362,160,'新乡县',3),
 (1363,160,'获嘉县',3),
 (1364,160,'原阳县',3),
 (1365,160,'延津县',3),
 (1366,160,'封丘县',3),
 (1367,160,'长垣县',3),
 (1368,161,'浉河区',3),
 (1369,161,'平桥区',3),
 (1370,161,'罗山县',3),
 (1371,161,'光山县',3),
 (1372,161,'新县',3),
 (1373,161,'商城县',3),
 (1374,161,'固始县',3),
 (1375,161,'潢川县',3),
 (1376,161,'淮滨县',3),
 (1377,161,'息县',3),
 (1378,162,'魏都区',3),
 (1379,162,'禹州市',3),
 (1380,162,'长葛市',3),
 (1381,162,'许昌县',3),
 (1382,162,'鄢陵县',3),
 (1383,162,'襄城县',3),
 (1384,163,'川汇区',3),
 (1385,163,'项城市',3),
 (1386,163,'扶沟县',3),
 (1387,163,'西华县',3),
 (1388,163,'商水县',3),
 (1389,163,'沈丘县',3),
 (1390,163,'郸城县',3),
 (1391,163,'淮阳县',3),
 (1392,163,'太康县',3),
 (1393,163,'鹿邑县',3),
 (1394,164,'驿城区',3),
 (1395,164,'西平县',3),
 (1396,164,'上蔡县',3),
 (1397,164,'平舆县',3),
 (1398,164,'正阳县',3),
 (1399,164,'确山县',3),
 (1400,164,'泌阳县',3),
 (1401,164,'汝南县',3),
 (1402,164,'遂平县',3),
 (1403,164,'新蔡县',3),
 (1404,165,'郾城区',3),
 (1405,165,'源汇区',3),
 (1406,165,'召陵区',3),
 (1407,165,'舞阳县',3),
 (1408,165,'临颍县',3),
 (1409,166,'华龙区',3),
 (1410,166,'清丰县',3),
 (1411,166,'南乐县',3),
 (1412,166,'范县',3),
 (1413,166,'台前县',3),
 (1414,166,'濮阳县',3),
 (1415,167,'道里区',3),
 (1416,167,'南岗区',3),
 (1417,167,'动力区',3),
 (1418,167,'平房区',3),
 (1419,167,'香坊区',3),
 (1420,167,'太平区',3),
 (1421,167,'道外区',3),
 (1422,167,'阿城区',3),
 (1423,167,'呼兰区',3),
 (1424,167,'松北区',3),
 (1425,167,'尚志市',3),
 (1426,167,'双城市',3),
 (1427,167,'五常市',3),
 (1428,167,'方正县',3),
 (1429,167,'宾县',3),
 (1430,167,'依兰县',3),
 (1431,167,'巴彦县',3),
 (1432,167,'通河县',3),
 (1433,167,'木兰县',3),
 (1434,167,'延寿县',3),
 (1435,168,'萨尔图区',3),
 (1436,168,'红岗区',3),
 (1437,168,'龙凤区',3),
 (1438,168,'让胡路区',3),
 (1439,168,'大同区',3),
 (1440,168,'肇州县',3),
 (1441,168,'肇源县',3),
 (1442,168,'林甸县',3),
 (1443,168,'杜尔伯特',3),
 (1444,169,'呼玛县',3),
 (1445,169,'漠河县',3),
 (1446,169,'塔河县',3),
 (1447,170,'兴山区',3),
 (1448,170,'工农区',3),
 (1449,170,'南山区',3),
 (1450,170,'兴安区',3),
 (1451,170,'向阳区',3),
 (1452,170,'东山区',3),
 (1453,170,'萝北县',3),
 (1454,170,'绥滨县',3),
 (1455,171,'爱辉区',3),
 (1456,171,'五大连池市',3),
 (1457,171,'北安市',3),
 (1458,171,'嫩江县',3),
 (1459,171,'逊克县',3),
 (1460,171,'孙吴县',3),
 (1461,172,'鸡冠区',3),
 (1462,172,'恒山区',3),
 (1463,172,'城子河区',3),
 (1464,172,'滴道区',3),
 (1465,172,'梨树区',3),
 (1466,172,'虎林市',3),
 (1467,172,'密山市',3),
 (1468,172,'鸡东县',3),
 (1469,173,'前进区',3),
 (1470,173,'郊区',3),
 (1471,173,'向阳区',3),
 (1472,173,'东风区',3),
 (1473,173,'同江市',3),
 (1474,173,'富锦市',3),
 (1475,173,'桦南县',3),
 (1476,173,'桦川县',3),
 (1477,173,'汤原县',3),
 (1478,173,'抚远县',3),
 (1479,174,'爱民区',3),
 (1480,174,'东安区',3),
 (1481,174,'阳明区',3),
 (1482,174,'西安区',3),
 (1483,174,'绥芬河市',3),
 (1484,174,'海林市',3),
 (1485,174,'宁安市',3),
 (1486,174,'穆棱市',3),
 (1487,174,'东宁县',3),
 (1488,174,'林口县',3),
 (1489,175,'桃山区',3),
 (1490,175,'新兴区',3),
 (1491,175,'茄子河区',3),
 (1492,175,'勃利县',3),
 (1493,176,'龙沙区',3),
 (1494,176,'昂昂溪区',3),
 (1495,176,'铁峰区',3),
 (1496,176,'建华区',3),
 (1497,176,'富拉尔基区',3),
 (1498,176,'碾子山区',3),
 (1499,176,'梅里斯达斡尔区',3),
 (1500,176,'讷河市',3),
 (1501,176,'龙江县',3),
 (1502,176,'依安县',3),
 (1503,176,'泰来县',3),
 (1504,176,'甘南县',3),
 (1505,176,'富裕县',3),
 (1506,176,'克山县',3),
 (1507,176,'克东县',3),
 (1508,176,'拜泉县',3),
 (1509,177,'尖山区',3),
 (1510,177,'岭东区',3),
 (1511,177,'四方台区',3),
 (1512,177,'宝山区',3),
 (1513,177,'集贤县',3),
 (1514,177,'友谊县',3),
 (1515,177,'宝清县',3),
 (1516,177,'饶河县',3),
 (1517,178,'北林区',3),
 (1518,178,'安达市',3),
 (1519,178,'肇东市',3),
 (1520,178,'海伦市',3),
 (1521,178,'望奎县',3),
 (1522,178,'兰西县',3),
 (1523,178,'青冈县',3),
 (1524,178,'庆安县',3),
 (1525,178,'明水县',3),
 (1526,178,'绥棱县',3),
 (1527,179,'伊春区',3),
 (1528,179,'带岭区',3),
 (1529,179,'南岔区',3),
 (1530,179,'金山屯区',3),
 (1531,179,'西林区',3),
 (1532,179,'美溪区',3),
 (1533,179,'乌马河区',3),
 (1534,179,'翠峦区',3),
 (1535,179,'友好区',3),
 (1536,179,'上甘岭区',3),
 (1537,179,'五营区',3),
 (1538,179,'红星区',3),
 (1539,179,'新青区',3),
 (1540,179,'汤旺河区',3),
 (1541,179,'乌伊岭区',3),
 (1542,179,'铁力市',3),
 (1543,179,'嘉荫县',3),
 (1544,180,'江岸区',3),
 (1545,180,'武昌区',3),
 (1546,180,'江汉区',3),
 (1547,180,'硚口区',3),
 (1548,180,'汉阳区',3),
 (1549,180,'青山区',3),
 (1550,180,'洪山区',3),
 (1551,180,'东西湖区',3),
 (1552,180,'汉南区',3),
 (1553,180,'蔡甸区',3),
 (1554,180,'江夏区',3),
 (1555,180,'黄陂区',3),
 (1556,180,'新洲区',3),
 (1557,180,'经济开发区',3),
 (1558,181,'仙桃市',3),
 (1559,182,'鄂城区',3),
 (1560,182,'华容区',3),
 (1561,182,'梁子湖区',3),
 (1562,183,'黄州区',3),
 (1563,183,'麻城市',3),
 (1564,183,'武穴市',3),
 (1565,183,'团风县',3),
 (1566,183,'红安县',3),
 (1567,183,'罗田县',3),
 (1568,183,'英山县',3),
 (1569,183,'浠水县',3),
 (1570,183,'蕲春县',3),
 (1571,183,'黄梅县',3),
 (1572,184,'黄石港区',3),
 (1573,184,'西塞山区',3),
 (1574,184,'下陆区',3),
 (1575,184,'铁山区',3),
 (1576,184,'大冶市',3),
 (1577,184,'阳新县',3),
 (1578,185,'东宝区',3),
 (1579,185,'掇刀区',3),
 (1580,185,'钟祥市',3),
 (1581,185,'京山县',3),
 (1582,185,'沙洋县',3),
 (1583,186,'沙市区',3),
 (1584,186,'荆州区',3),
 (1585,186,'石首市',3),
 (1586,186,'洪湖市',3),
 (1587,186,'松滋市',3),
 (1588,186,'公安县',3),
 (1589,186,'监利县',3),
 (1590,186,'江陵县',3),
 (1591,187,'潜江市',3),
 (1592,188,'神农架林区',3),
 (1593,189,'张湾区',3),
 (1594,189,'茅箭区',3),
 (1595,189,'丹江口市',3),
 (1596,189,'郧县',3),
 (1597,189,'郧西县',3),
 (1598,189,'竹山县',3),
 (1599,189,'竹溪县',3),
 (1600,189,'房县',3),
 (1601,190,'曾都区',3),
 (1602,190,'广水市',3),
 (1603,191,'天门市',3),
 (1604,192,'咸安区',3),
 (1605,192,'赤壁市',3),
 (1606,192,'嘉鱼县',3),
 (1607,192,'通城县',3),
 (1608,192,'崇阳县',3),
 (1609,192,'通山县',3),
 (1610,193,'襄城区',3),
 (1611,193,'樊城区',3),
 (1612,193,'襄阳区',3),
 (1613,193,'老河口市',3),
 (1614,193,'枣阳市',3),
 (1615,193,'宜城市',3),
 (1616,193,'南漳县',3),
 (1617,193,'谷城县',3),
 (1618,193,'保康县',3),
 (1619,194,'孝南区',3),
 (1620,194,'应城市',3),
 (1621,194,'安陆市',3),
 (1622,194,'汉川市',3),
 (1623,194,'孝昌县',3),
 (1624,194,'大悟县',3),
 (1625,194,'云梦县',3),
 (1626,195,'长阳',3),
 (1627,195,'五峰',3),
 (1628,195,'西陵区',3),
 (1629,195,'伍家岗区',3),
 (1630,195,'点军区',3),
 (1631,195,'猇亭区',3),
 (1632,195,'夷陵区',3),
 (1633,195,'宜都市',3),
 (1634,195,'当阳市',3),
 (1635,195,'枝江市',3),
 (1636,195,'远安县',3),
 (1637,195,'兴山县',3),
 (1638,195,'秭归县',3),
 (1639,196,'恩施市',3),
 (1640,196,'利川市',3),
 (1641,196,'建始县',3),
 (1642,196,'巴东县',3),
 (1643,196,'宣恩县',3),
 (1644,196,'咸丰县',3),
 (1645,196,'来凤县',3),
 (1646,196,'鹤峰县',3),
 (1647,197,'岳麓区',3),
 (1648,197,'芙蓉区',3),
 (1649,197,'天心区',3),
 (1650,197,'开福区',3),
 (1651,197,'雨花区',3),
 (1652,197,'开发区',3),
 (1653,197,'浏阳市',3),
 (1654,197,'长沙县',3),
 (1655,197,'望城县',3),
 (1656,197,'宁乡县',3),
 (1657,198,'永定区',3),
 (1658,198,'武陵源区',3),
 (1659,198,'慈利县',3),
 (1660,198,'桑植县',3),
 (1661,199,'武陵区',3),
 (1662,199,'鼎城区',3),
 (1663,199,'津市市',3),
 (1664,199,'安乡县',3),
 (1665,199,'汉寿县',3),
 (1666,199,'澧县',3),
 (1667,199,'临澧县',3),
 (1668,199,'桃源县',3),
 (1669,199,'石门县',3),
 (1670,200,'北湖区',3),
 (1671,200,'苏仙区',3),
 (1672,200,'资兴市',3),
 (1673,200,'桂阳县',3),
 (1674,200,'宜章县',3),
 (1675,200,'永兴县',3),
 (1676,200,'嘉禾县',3),
 (1677,200,'临武县',3),
 (1678,200,'汝城县',3),
 (1679,200,'桂东县',3),
 (1680,200,'安仁县',3),
 (1681,201,'雁峰区',3),
 (1682,201,'珠晖区',3),
 (1683,201,'石鼓区',3),
 (1684,201,'蒸湘区',3),
 (1685,201,'南岳区',3),
 (1686,201,'耒阳市',3),
 (1687,201,'常宁市',3),
 (1688,201,'衡阳县',3),
 (1689,201,'衡南县',3),
 (1690,201,'衡山县',3),
 (1691,201,'衡东县',3),
 (1692,201,'祁东县',3),
 (1693,202,'鹤城区',3),
 (1694,202,'靖州',3),
 (1695,202,'麻阳',3),
 (1696,202,'通道',3),
 (1697,202,'新晃',3),
 (1698,202,'芷江',3),
 (1699,202,'沅陵县',3),
 (1700,202,'辰溪县',3),
 (1701,202,'溆浦县',3),
 (1702,202,'中方县',3),
 (1703,202,'会同县',3),
 (1704,202,'洪江市',3),
 (1705,203,'娄星区',3),
 (1706,203,'冷水江市',3),
 (1707,203,'涟源市',3),
 (1708,203,'双峰县',3),
 (1709,203,'新化县',3),
 (1710,204,'城步',3),
 (1711,204,'双清区',3),
 (1712,204,'大祥区',3),
 (1713,204,'北塔区',3),
 (1714,204,'武冈市',3),
 (1715,204,'邵东县',3),
 (1716,204,'新邵县',3),
 (1717,204,'邵阳县',3),
 (1718,204,'隆回县',3),
 (1719,204,'洞口县',3),
 (1720,204,'绥宁县',3),
 (1721,204,'新宁县',3),
 (1722,205,'岳塘区',3),
 (1723,205,'雨湖区',3),
 (1724,205,'湘乡市',3),
 (1725,205,'韶山市',3),
 (1726,205,'湘潭县',3),
 (1727,206,'吉首市',3),
 (1728,206,'泸溪县',3),
 (1729,206,'凤凰县',3),
 (1730,206,'花垣县',3),
 (1731,206,'保靖县',3),
 (1732,206,'古丈县',3),
 (1733,206,'永顺县',3),
 (1734,206,'龙山县',3),
 (1735,207,'赫山区',3),
 (1736,207,'资阳区',3),
 (1737,207,'沅江市',3),
 (1738,207,'南县',3),
 (1739,207,'桃江县',3),
 (1740,207,'安化县',3),
 (1741,208,'江华',3),
 (1742,208,'冷水滩区',3),
 (1743,208,'零陵区',3),
 (1744,208,'祁阳县',3),
 (1745,208,'东安县',3),
 (1746,208,'双牌县',3),
 (1747,208,'道县',3),
 (1748,208,'江永县',3),
 (1749,208,'宁远县',3),
 (1750,208,'蓝山县',3),
 (1751,208,'新田县',3),
 (1752,209,'岳阳楼区',3),
 (1753,209,'君山区',3),
 (1754,209,'云溪区',3),
 (1755,209,'汨罗市',3),
 (1756,209,'临湘市',3),
 (1757,209,'岳阳县',3),
 (1758,209,'华容县',3),
 (1759,209,'湘阴县',3),
 (1760,209,'平江县',3),
 (1761,210,'天元区',3),
 (1762,210,'荷塘区',3),
 (1763,210,'芦淞区',3),
 (1764,210,'石峰区',3),
 (1765,210,'醴陵市',3),
 (1766,210,'株洲县',3),
 (1767,210,'攸县',3),
 (1768,210,'茶陵县',3),
 (1769,210,'炎陵县',3),
 (1770,211,'朝阳区',3),
 (1771,211,'宽城区',3),
 (1772,211,'二道区',3),
 (1773,211,'南关区',3),
 (1774,211,'绿园区',3),
 (1775,211,'双阳区',3),
 (1776,211,'净月潭开发区',3),
 (1777,211,'高新技术开发区',3),
 (1778,211,'经济技术开发区',3),
 (1779,211,'汽车产业开发区',3),
 (1780,211,'德惠市',3),
 (1781,211,'九台市',3),
 (1782,211,'榆树市',3),
 (1783,211,'农安县',3),
 (1784,212,'船营区',3),
 (1785,212,'昌邑区',3),
 (1786,212,'龙潭区',3),
 (1787,212,'丰满区',3),
 (1788,212,'蛟河市',3),
 (1789,212,'桦甸市',3),
 (1790,212,'舒兰市',3),
 (1791,212,'磐石市',3),
 (1792,212,'永吉县',3),
 (1793,213,'洮北区',3),
 (1794,213,'洮南市',3),
 (1795,213,'大安市',3),
 (1796,213,'镇赉县',3),
 (1797,213,'通榆县',3),
 (1798,214,'江源区',3),
 (1799,214,'八道江区',3),
 (1800,214,'长白',3),
 (1801,214,'临江市',3),
 (1802,214,'抚松县',3),
 (1803,214,'靖宇县',3),
 (1804,215,'龙山区',3),
 (1805,215,'西安区',3),
 (1806,215,'东丰县',3),
 (1807,215,'东辽县',3),
 (1808,216,'铁西区',3),
 (1809,216,'铁东区',3),
 (1810,216,'伊通',3),
 (1811,216,'公主岭市',3),
 (1812,216,'双辽市',3),
 (1813,216,'梨树县',3),
 (1814,217,'前郭尔罗斯',3),
 (1815,217,'宁江区',3),
 (1816,217,'长岭县',3),
 (1817,217,'乾安县',3),
 (1818,217,'扶余县',3),
 (1819,218,'东昌区',3),
 (1820,218,'二道江区',3),
 (1821,218,'梅河口市',3),
 (1822,218,'集安市',3),
 (1823,218,'通化县',3),
 (1824,218,'辉南县',3),
 (1825,218,'柳河县',3),
 (1826,219,'延吉市',3),
 (1827,219,'图们市',3),
 (1828,219,'敦化市',3),
 (1829,219,'珲春市',3),
 (1830,219,'龙井市',3),
 (1831,219,'和龙市',3),
 (1832,219,'安图县',3),
 (1833,219,'汪清县',3),
 (1834,220,'玄武区',3),
 (1835,220,'鼓楼区',3),
 (1836,220,'白下区',3),
 (1837,220,'建邺区',3),
 (1838,220,'秦淮区',3),
 (1839,220,'雨花台区',3),
 (1840,220,'下关区',3),
 (1841,220,'栖霞区',3),
 (1842,220,'浦口区',3),
 (1843,220,'江宁区',3),
 (1844,220,'六合区',3),
 (1845,220,'溧水县',3),
 (1846,220,'高淳县',3),
 (1847,221,'沧浪区',3),
 (1848,221,'金阊区',3),
 (1849,221,'平江区',3),
 (1850,221,'虎丘区',3),
 (1851,221,'吴中区',3),
 (1852,221,'相城区',3),
 (1853,221,'园区',3),
 (1854,221,'新区',3),
 (1855,221,'常熟市',3),
 (1856,221,'张家港市',3),
 (1857,221,'玉山镇',3),
 (1858,221,'巴城镇',3),
 (1859,221,'周市镇',3),
 (1860,221,'陆家镇',3),
 (1861,221,'花桥镇',3),
 (1862,221,'淀山湖镇',3),
 (1863,221,'张浦镇',3),
 (1864,221,'周庄镇',3),
 (1865,221,'千灯镇',3),
 (1866,221,'锦溪镇',3),
 (1867,221,'开发区',3),
 (1868,221,'吴江市',3),
 (1869,221,'太仓市',3),
 (1870,222,'崇安区',3),
 (1871,222,'北塘区',3),
 (1872,222,'南长区',3),
 (1873,222,'锡山区',3),
 (1874,222,'惠山区',3),
 (1875,222,'滨湖区',3),
 (1876,222,'新区',3),
 (1877,222,'江阴市',3),
 (1878,222,'宜兴市',3),
 (1879,223,'天宁区',3),
 (1880,223,'钟楼区',3),
 (1881,223,'戚墅堰区',3),
 (1882,223,'郊区',3),
 (1883,223,'新北区',3),
 (1884,223,'武进区',3),
 (1885,223,'溧阳市',3),
 (1886,223,'金坛市',3),
 (1887,224,'清河区',3),
 (1888,224,'清浦区',3),
 (1889,224,'楚州区',3),
 (1890,224,'淮阴区',3),
 (1891,224,'涟水县',3),
 (1892,224,'洪泽县',3),
 (1893,224,'盱眙县',3),
 (1894,224,'金湖县',3),
 (1895,225,'新浦区',3),
 (1896,225,'连云区',3),
 (1897,225,'海州区',3),
 (1898,225,'赣榆县',3),
 (1899,225,'东海县',3),
 (1900,225,'灌云县',3),
 (1901,225,'灌南县',3),
 (1902,226,'崇川区',3),
 (1903,226,'港闸区',3),
 (1904,226,'经济开发区',3),
 (1905,226,'启东市',3),
 (1906,226,'如皋市',3),
 (1907,226,'通州市',3),
 (1908,226,'海门市',3),
 (1909,226,'海安县',3),
 (1910,226,'如东县',3),
 (1911,227,'宿城区',3),
 (1912,227,'宿豫区',3),
 (1913,227,'宿豫县',3),
 (1914,227,'沭阳县',3),
 (1915,227,'泗阳县',3),
 (1916,227,'泗洪县',3),
 (1917,228,'海陵区',3),
 (1918,228,'高港区',3),
 (1919,228,'兴化市',3),
 (1920,228,'靖江市',3),
 (1921,228,'泰兴市',3),
 (1922,228,'姜堰市',3),
 (1923,229,'云龙区',3),
 (1924,229,'鼓楼区',3),
 (1925,229,'九里区',3),
 (1926,229,'贾汪区',3),
 (1927,229,'泉山区',3),
 (1928,229,'新沂市',3),
 (1929,229,'邳州市',3),
 (1930,229,'丰县',3),
 (1931,229,'沛县',3),
 (1932,229,'铜山县',3),
 (1933,229,'睢宁县',3),
 (1934,230,'城区',3),
 (1935,230,'亭湖区',3),
 (1936,230,'盐都区',3),
 (1937,230,'盐都县',3),
 (1938,230,'东台市',3),
 (1939,230,'大丰市',3),
 (1940,230,'响水县',3),
 (1941,230,'滨海县',3),
 (1942,230,'阜宁县',3),
 (1943,230,'射阳县',3),
 (1944,230,'建湖县',3),
 (1945,231,'广陵区',3),
 (1946,231,'维扬区',3),
 (1947,231,'邗江区',3),
 (1948,231,'仪征市',3),
 (1949,231,'高邮市',3),
 (1950,231,'江都市',3),
 (1951,231,'宝应县',3),
 (1952,232,'京口区',3),
 (1953,232,'润州区',3),
 (1954,232,'丹徒区',3),
 (1955,232,'丹阳市',3),
 (1956,232,'扬中市',3),
 (1957,232,'句容市',3),
 (1958,233,'东湖区',3),
 (1959,233,'西湖区',3),
 (1960,233,'青云谱区',3),
 (1961,233,'湾里区',3),
 (1962,233,'青山湖区',3),
 (1963,233,'红谷滩新区',3),
 (1964,233,'昌北区',3),
 (1965,233,'高新区',3),
 (1966,233,'南昌县',3),
 (1967,233,'新建县',3),
 (1968,233,'安义县',3),
 (1969,233,'进贤县',3),
 (1970,234,'临川区',3),
 (1971,234,'南城县',3),
 (1972,234,'黎川县',3),
 (1973,234,'南丰县',3),
 (1974,234,'崇仁县',3),
 (1975,234,'乐安县',3),
 (1976,234,'宜黄县',3),
 (1977,234,'金溪县',3),
 (1978,234,'资溪县',3),
 (1979,234,'东乡县',3),
 (1980,234,'广昌县',3),
 (1981,235,'章贡区',3),
 (1982,235,'于都县',3),
 (1983,235,'瑞金市',3),
 (1984,235,'南康市',3),
 (1985,235,'赣县',3),
 (1986,235,'信丰县',3),
 (1987,235,'大余县',3),
 (1988,235,'上犹县',3),
 (1989,235,'崇义县',3),
 (1990,235,'安远县',3),
 (1991,235,'龙南县',3),
 (1992,235,'定南县',3),
 (1993,235,'全南县',3),
 (1994,235,'宁都县',3),
 (1995,235,'兴国县',3),
 (1996,235,'会昌县',3),
 (1997,235,'寻乌县',3),
 (1998,235,'石城县',3),
 (1999,236,'安福县',3),
 (2000,236,'吉州区',3),
 (2001,236,'青原区',3),
 (2002,236,'井冈山市',3),
 (2003,236,'吉安县',3),
 (2004,236,'吉水县',3),
 (2005,236,'峡江县',3),
 (2006,236,'新干县',3),
 (2007,236,'永丰县',3),
 (2008,236,'泰和县',3),
 (2009,236,'遂川县',3),
 (2010,236,'万安县',3),
 (2011,236,'永新县',3),
 (2012,237,'珠山区',3),
 (2013,237,'昌江区',3),
 (2014,237,'乐平市',3),
 (2015,237,'浮梁县',3),
 (2016,238,'浔阳区',3),
 (2017,238,'庐山区',3),
 (2018,238,'瑞昌市',3),
 (2019,238,'九江县',3),
 (2020,238,'武宁县',3),
 (2021,238,'修水县',3),
 (2022,238,'永修县',3),
 (2023,238,'德安县',3),
 (2024,238,'星子县',3),
 (2025,238,'都昌县',3),
 (2026,238,'湖口县',3),
 (2027,238,'彭泽县',3),
 (2028,239,'安源区',3),
 (2029,239,'湘东区',3),
 (2030,239,'莲花县',3),
 (2031,239,'芦溪县',3),
 (2032,239,'上栗县',3),
 (2033,240,'信州区',3),
 (2034,240,'德兴市',3),
 (2035,240,'上饶县',3),
 (2036,240,'广丰县',3),
 (2037,240,'玉山县',3),
 (2038,240,'铅山县',3),
 (2039,240,'横峰县',3),
 (2040,240,'弋阳县',3),
 (2041,240,'余干县',3),
 (2042,240,'波阳县',3),
 (2043,240,'万年县',3),
 (2044,240,'婺源县',3),
 (2045,241,'渝水区',3),
 (2046,241,'分宜县',3),
 (2047,242,'袁州区',3),
 (2048,242,'丰城市',3),
 (2049,242,'樟树市',3),
 (2050,242,'高安市',3),
 (2051,242,'奉新县',3),
 (2052,242,'万载县',3),
 (2053,242,'上高县',3),
 (2054,242,'宜丰县',3),
 (2055,242,'靖安县',3),
 (2056,242,'铜鼓县',3),
 (2057,243,'月湖区',3),
 (2058,243,'贵溪市',3),
 (2059,243,'余江县',3),
 (2060,244,'沈河区',3),
 (2061,244,'皇姑区',3),
 (2062,244,'和平区',3),
 (2063,244,'大东区',3),
 (2064,244,'铁西区',3),
 (2065,244,'苏家屯区',3),
 (2066,244,'东陵区',3),
 (2067,244,'沈北新区',3),
 (2068,244,'于洪区',3),
 (2069,244,'浑南新区',3),
 (2070,244,'新民市',3),
 (2071,244,'辽中县',3),
 (2072,244,'康平县',3),
 (2073,244,'法库县',3),
 (2074,245,'西岗区',3),
 (2075,245,'中山区',3),
 (2076,245,'沙河口区',3),
 (2077,245,'甘井子区',3),
 (2078,245,'旅顺口区',3),
 (2079,245,'金州区',3),
 (2080,245,'开发区',3),
 (2081,245,'瓦房店市',3),
 (2082,245,'普兰店市',3),
 (2083,245,'庄河市',3),
 (2084,245,'长海县',3),
 (2085,246,'铁东区',3),
 (2086,246,'铁西区',3),
 (2087,246,'立山区',3),
 (2088,246,'千山区',3),
 (2089,246,'岫岩',3),
 (2090,246,'海城市',3),
 (2091,246,'台安县',3),
 (2092,247,'本溪',3),
 (2093,247,'平山区',3),
 (2094,247,'明山区',3),
 (2095,247,'溪湖区',3),
 (2096,247,'南芬区',3),
 (2097,247,'桓仁',3),
 (2098,248,'双塔区',3),
 (2099,248,'龙城区',3),
 (2100,248,'喀喇沁左翼蒙古族自治县',3),
 (2101,248,'北票市',3),
 (2102,248,'凌源市',3),
 (2103,248,'朝阳县',3),
 (2104,248,'建平县',3),
 (2105,249,'振兴区',3),
 (2106,249,'元宝区',3),
 (2107,249,'振安区',3),
 (2108,249,'宽甸',3),
 (2109,249,'东港市',3),
 (2110,249,'凤城市',3),
 (2111,250,'顺城区',3),
 (2112,250,'新抚区',3),
 (2113,250,'东洲区',3),
 (2114,250,'望花区',3),
 (2115,250,'清原',3),
 (2116,250,'新宾',3),
 (2117,250,'抚顺县',3),
 (2118,251,'阜新',3),
 (2119,251,'海州区',3),
 (2120,251,'新邱区',3),
 (2121,251,'太平区',3),
 (2122,251,'清河门区',3),
 (2123,251,'细河区',3),
 (2124,251,'彰武县',3),
 (2125,252,'龙港区',3),
 (2126,252,'南票区',3),
 (2127,252,'连山区',3),
 (2128,252,'兴城市',3),
 (2129,252,'绥中县',3),
 (2130,252,'建昌县',3),
 (2131,253,'太和区',3),
 (2132,253,'古塔区',3),
 (2133,253,'凌河区',3),
 (2134,253,'凌海市',3),
 (2135,253,'北镇市',3),
 (2136,253,'黑山县',3),
 (2137,253,'义县',3),
 (2138,254,'白塔区',3),
 (2139,254,'文圣区',3),
 (2140,254,'宏伟区',3),
 (2141,254,'太子河区',3),
 (2142,254,'弓长岭区',3),
 (2143,254,'灯塔市',3),
 (2144,254,'辽阳县',3),
 (2145,255,'双台子区',3),
 (2146,255,'兴隆台区',3),
 (2147,255,'大洼县',3),
 (2148,255,'盘山县',3),
 (2149,256,'银州区',3),
 (2150,256,'清河区',3),
 (2151,256,'调兵山市',3),
 (2152,256,'开原市',3),
 (2153,256,'铁岭县',3),
 (2154,256,'西丰县',3),
 (2155,256,'昌图县',3),
 (2156,257,'站前区',3),
 (2157,257,'西市区',3),
 (2158,257,'鲅鱼圈区',3),
 (2159,257,'老边区',3),
 (2160,257,'盖州市',3),
 (2161,257,'大石桥市',3),
 (2162,258,'回民区',3),
 (2163,258,'玉泉区',3),
 (2164,258,'新城区',3),
 (2165,258,'赛罕区',3),
 (2166,258,'清水河县',3),
 (2167,258,'土默特左旗',3),
 (2168,258,'托克托县',3),
 (2169,258,'和林格尔县',3),
 (2170,258,'武川县',3),
 (2171,259,'阿拉善左旗',3),
 (2172,259,'阿拉善右旗',3),
 (2173,259,'额济纳旗',3),
 (2174,260,'临河区',3),
 (2175,260,'五原县',3),
 (2176,260,'磴口县',3),
 (2177,260,'乌拉特前旗',3),
 (2178,260,'乌拉特中旗',3),
 (2179,260,'乌拉特后旗',3),
 (2180,260,'杭锦后旗',3),
 (2181,261,'昆都仑区',3),
 (2182,261,'青山区',3),
 (2183,261,'东河区',3),
 (2184,261,'九原区',3),
 (2185,261,'石拐区',3),
 (2186,261,'白云矿区',3),
 (2187,261,'土默特右旗',3),
 (2188,261,'固阳县',3),
 (2189,261,'达尔罕茂明安联合旗',3),
 (2190,262,'红山区',3),
 (2191,262,'元宝山区',3),
 (2192,262,'松山区',3),
 (2193,262,'阿鲁科尔沁旗',3),
 (2194,262,'巴林左旗',3),
 (2195,262,'巴林右旗',3),
 (2196,262,'林西县',3),
 (2197,262,'克什克腾旗',3),
 (2198,262,'翁牛特旗',3),
 (2199,262,'喀喇沁旗',3),
 (2200,262,'宁城县',3),
 (2201,262,'敖汉旗',3),
 (2202,263,'东胜区',3),
 (2203,263,'达拉特旗',3),
 (2204,263,'准格尔旗',3),
 (2205,263,'鄂托克前旗',3),
 (2206,263,'鄂托克旗',3),
 (2207,263,'杭锦旗',3),
 (2208,263,'乌审旗',3),
 (2209,263,'伊金霍洛旗',3),
 (2210,264,'海拉尔区',3),
 (2211,264,'莫力达瓦',3),
 (2212,264,'满洲里市',3),
 (2213,264,'牙克石市',3),
 (2214,264,'扎兰屯市',3),
 (2215,264,'额尔古纳市',3),
 (2216,264,'根河市',3),
 (2217,264,'阿荣旗',3),
 (2218,264,'鄂伦春自治旗',3),
 (2219,264,'鄂温克族自治旗',3),
 (2220,264,'陈巴尔虎旗',3),
 (2221,264,'新巴尔虎左旗',3),
 (2222,264,'新巴尔虎右旗',3),
 (2223,265,'科尔沁区',3),
 (2224,265,'霍林郭勒市',3),
 (2225,265,'科尔沁左翼中旗',3),
 (2226,265,'科尔沁左翼后旗',3),
 (2227,265,'开鲁县',3),
 (2228,265,'库伦旗',3),
 (2229,265,'奈曼旗',3),
 (2230,265,'扎鲁特旗',3),
 (2231,266,'海勃湾区',3),
 (2232,266,'乌达区',3),
 (2233,266,'海南区',3),
 (2234,267,'化德县',3),
 (2235,267,'集宁区',3),
 (2236,267,'丰镇市',3),
 (2237,267,'卓资县',3),
 (2238,267,'商都县',3),
 (2239,267,'兴和县',3),
 (2240,267,'凉城县',3),
 (2241,267,'察哈尔右翼前旗',3),
 (2242,267,'察哈尔右翼中旗',3),
 (2243,267,'察哈尔右翼后旗',3),
 (2244,267,'四子王旗',3),
 (2245,268,'二连浩特市',3),
 (2246,268,'锡林浩特市',3),
 (2247,268,'阿巴嘎旗',3),
 (2248,268,'苏尼特左旗',3),
 (2249,268,'苏尼特右旗',3),
 (2250,268,'东乌珠穆沁旗',3),
 (2251,268,'西乌珠穆沁旗',3),
 (2252,268,'太仆寺旗',3),
 (2253,268,'镶黄旗',3),
 (2254,268,'正镶白旗',3),
 (2255,268,'正蓝旗',3),
 (2256,268,'多伦县',3),
 (2257,269,'乌兰浩特市',3),
 (2258,269,'阿尔山市',3),
 (2259,269,'科尔沁右翼前旗',3),
 (2260,269,'科尔沁右翼中旗',3),
 (2261,269,'扎赉特旗',3),
 (2262,269,'突泉县',3),
 (2263,270,'西夏区',3),
 (2264,270,'金凤区',3),
 (2265,270,'兴庆区',3),
 (2266,270,'灵武市',3),
 (2267,270,'永宁县',3),
 (2268,270,'贺兰县',3),
 (2269,271,'原州区',3),
 (2270,271,'海原县',3),
 (2271,271,'西吉县',3),
 (2272,271,'隆德县',3),
 (2273,271,'泾源县',3),
 (2274,271,'彭阳县',3),
 (2275,272,'惠农县',3),
 (2276,272,'大武口区',3),
 (2277,272,'惠农区',3),
 (2278,272,'陶乐县',3),
 (2279,272,'平罗县',3),
 (2280,273,'利通区',3),
 (2281,273,'中卫县',3),
 (2282,273,'青铜峡市',3),
 (2283,273,'中宁县',3),
 (2284,273,'盐池县',3),
 (2285,273,'同心县',3),
 (2286,274,'沙坡头区',3),
 (2287,274,'海原县',3),
 (2288,274,'中宁县',3),
 (2289,275,'城中区',3),
 (2290,275,'城东区',3),
 (2291,275,'城西区',3),
 (2292,275,'城北区',3),
 (2293,275,'湟中县',3),
 (2294,275,'湟源县',3),
 (2295,275,'大通',3),
 (2296,276,'玛沁县',3),
 (2297,276,'班玛县',3),
 (2298,276,'甘德县',3),
 (2299,276,'达日县',3),
 (2300,276,'久治县',3),
 (2301,276,'玛多县',3),
 (2302,277,'海晏县',3),
 (2303,277,'祁连县',3),
 (2304,277,'刚察县',3),
 (2305,277,'门源',3),
 (2306,278,'平安县',3),
 (2307,278,'乐都县',3),
 (2308,278,'民和',3),
 (2309,278,'互助',3),
 (2310,278,'化隆',3),
 (2311,278,'循化',3),
 (2312,279,'共和县',3),
 (2313,279,'同德县',3),
 (2314,279,'贵德县',3),
 (2315,279,'兴海县',3),
 (2316,279,'贵南县',3),
 (2317,280,'德令哈市',3),
 (2318,280,'格尔木市',3),
 (2319,280,'乌兰县',3),
 (2320,280,'都兰县',3),
 (2321,280,'天峻县',3),
 (2322,281,'同仁县',3),
 (2323,281,'尖扎县',3),
 (2324,281,'泽库县',3),
 (2325,281,'河南蒙古族自治县',3),
 (2326,282,'玉树县',3),
 (2327,282,'杂多县',3),
 (2328,282,'称多县',3),
 (2329,282,'治多县',3),
 (2330,282,'囊谦县',3),
 (2331,282,'曲麻莱县',3),
 (2332,283,'市中区',3),
 (2333,283,'历下区',3),
 (2334,283,'天桥区',3),
 (2335,283,'槐荫区',3),
 (2336,283,'历城区',3),
 (2337,283,'长清区',3),
 (2338,283,'章丘市',3),
 (2339,283,'平阴县',3),
 (2340,283,'济阳县',3),
 (2341,283,'商河县',3),
 (2342,284,'市南区',3),
 (2343,284,'市北区',3),
 (2344,284,'城阳区',3),
 (2345,284,'四方区',3),
 (2346,284,'李沧区',3),
 (2347,284,'黄岛区',3),
 (2348,284,'崂山区',3),
 (2349,284,'胶州市',3),
 (2350,284,'即墨市',3),
 (2351,284,'平度市',3),
 (2352,284,'胶南市',3),
 (2353,284,'莱西市',3),
 (2354,285,'滨城区',3),
 (2355,285,'惠民县',3),
 (2356,285,'阳信县',3),
 (2357,285,'无棣县',3),
 (2358,285,'沾化县',3),
 (2359,285,'博兴县',3),
 (2360,285,'邹平县',3),
 (2361,286,'德城区',3),
 (2362,286,'陵县',3),
 (2363,286,'乐陵市',3),
 (2364,286,'禹城市',3),
 (2365,286,'宁津县',3),
 (2366,286,'庆云县',3),
 (2367,286,'临邑县',3),
 (2368,286,'齐河县',3),
 (2369,286,'平原县',3),
 (2370,286,'夏津县',3),
 (2371,286,'武城县',3),
 (2372,287,'东营区',3),
 (2373,287,'河口区',3),
 (2374,287,'垦利县',3),
 (2375,287,'利津县',3),
 (2376,287,'广饶县',3),
 (2377,288,'牡丹区',3),
 (2378,288,'曹县',3),
 (2379,288,'单县',3),
 (2380,288,'成武县',3),
 (2381,288,'巨野县',3),
 (2382,288,'郓城县',3),
 (2383,288,'鄄城县',3),
 (2384,288,'定陶县',3),
 (2385,288,'东明县',3),
 (2386,289,'市中区',3),
 (2387,289,'任城区',3),
 (2388,289,'曲阜市',3),
 (2389,289,'兖州市',3),
 (2390,289,'邹城市',3),
 (2391,289,'微山县',3),
 (2392,289,'鱼台县',3),
 (2393,289,'金乡县',3),
 (2394,289,'嘉祥县',3),
 (2395,289,'汶上县',3),
 (2396,289,'泗水县',3),
 (2397,289,'梁山县',3),
 (2398,290,'莱城区',3),
 (2399,290,'钢城区',3),
 (2400,291,'东昌府区',3),
 (2401,291,'临清市',3),
 (2402,291,'阳谷县',3),
 (2403,291,'莘县',3),
 (2404,291,'茌平县',3),
 (2405,291,'东阿县',3),
 (2406,291,'冠县',3),
 (2407,291,'高唐县',3),
 (2408,292,'兰山区',3),
 (2409,292,'罗庄区',3),
 (2410,292,'河东区',3),
 (2411,292,'沂南县',3),
 (2412,292,'郯城县',3),
 (2413,292,'沂水县',3),
 (2414,292,'苍山县',3),
 (2415,292,'费县',3),
 (2416,292,'平邑县',3),
 (2417,292,'莒南县',3),
 (2418,292,'蒙阴县',3),
 (2419,292,'临沭县',3),
 (2420,293,'东港区',3),
 (2421,293,'岚山区',3),
 (2422,293,'五莲县',3),
 (2423,293,'莒县',3),
 (2424,294,'泰山区',3),
 (2425,294,'岱岳区',3),
 (2426,294,'新泰市',3),
 (2427,294,'肥城市',3),
 (2428,294,'宁阳县',3),
 (2429,294,'东平县',3),
 (2430,295,'荣成市',3),
 (2431,295,'乳山市',3),
 (2432,295,'环翠区',3),
 (2433,295,'文登市',3),
 (2434,296,'潍城区',3),
 (2435,296,'寒亭区',3),
 (2436,296,'坊子区',3),
 (2437,296,'奎文区',3),
 (2438,296,'青州市',3),
 (2439,296,'诸城市',3),
 (2440,296,'寿光市',3),
 (2441,296,'安丘市',3),
 (2442,296,'高密市',3),
 (2443,296,'昌邑市',3),
 (2444,296,'临朐县',3),
 (2445,296,'昌乐县',3),
 (2446,297,'芝罘区',3),
 (2447,297,'福山区',3),
 (2448,297,'牟平区',3),
 (2449,297,'莱山区',3),
 (2450,297,'开发区',3),
 (2451,297,'龙口市',3),
 (2452,297,'莱阳市',3),
 (2453,297,'莱州市',3),
 (2454,297,'蓬莱市',3),
 (2455,297,'招远市',3),
 (2456,297,'栖霞市',3),
 (2457,297,'海阳市',3),
 (2458,297,'长岛县',3),
 (2459,298,'市中区',3),
 (2460,298,'山亭区',3),
 (2461,298,'峄城区',3),
 (2462,298,'台儿庄区',3),
 (2463,298,'薛城区',3),
 (2464,298,'滕州市',3),
 (2465,299,'张店区',3),
 (2466,299,'临淄区',3),
 (2467,299,'淄川区',3),
 (2468,299,'博山区',3);
INSERT INTO `fly_sys_region` (`id`,`parentID`,`name`,`type`) VALUES 
 (2469,299,'周村区',3),
 (2470,299,'桓台县',3),
 (2471,299,'高青县',3),
 (2472,299,'沂源县',3),
 (2473,300,'杏花岭区',3),
 (2474,300,'小店区',3),
 (2475,300,'迎泽区',3),
 (2476,300,'尖草坪区',3),
 (2477,300,'万柏林区',3),
 (2478,300,'晋源区',3),
 (2479,300,'高新开发区',3),
 (2480,300,'民营经济开发区',3),
 (2481,300,'经济技术开发区',3),
 (2482,300,'清徐县',3),
 (2483,300,'阳曲县',3),
 (2484,300,'娄烦县',3),
 (2485,300,'古交市',3),
 (2486,301,'城区',3),
 (2487,301,'郊区',3),
 (2488,301,'沁县',3),
 (2489,301,'潞城市',3),
 (2490,301,'长治县',3),
 (2491,301,'襄垣县',3),
 (2492,301,'屯留县',3),
 (2493,301,'平顺县',3),
 (2494,301,'黎城县',3),
 (2495,301,'壶关县',3),
 (2496,301,'长子县',3),
 (2497,301,'武乡县',3),
 (2498,301,'沁源县',3),
 (2499,302,'城区',3),
 (2500,302,'矿区',3),
 (2501,302,'南郊区',3),
 (2502,302,'新荣区',3),
 (2503,302,'阳高县',3),
 (2504,302,'天镇县',3),
 (2505,302,'广灵县',3),
 (2506,302,'灵丘县',3),
 (2507,302,'浑源县',3),
 (2508,302,'左云县',3),
 (2509,302,'大同县',3),
 (2510,303,'城区',3),
 (2511,303,'高平市',3),
 (2512,303,'沁水县',3),
 (2513,303,'阳城县',3),
 (2514,303,'陵川县',3),
 (2515,303,'泽州县',3),
 (2516,304,'榆次区',3),
 (2517,304,'介休市',3),
 (2518,304,'榆社县',3),
 (2519,304,'左权县',3),
 (2520,304,'和顺县',3),
 (2521,304,'昔阳县',3),
 (2522,304,'寿阳县',3),
 (2523,304,'太谷县',3),
 (2524,304,'祁县',3),
 (2525,304,'平遥县',3),
 (2526,304,'灵石县',3),
 (2527,305,'尧都区',3),
 (2528,305,'侯马市',3),
 (2529,305,'霍州市',3),
 (2530,305,'曲沃县',3),
 (2531,305,'翼城县',3),
 (2532,305,'襄汾县',3),
 (2533,305,'洪洞县',3),
 (2534,305,'吉县',3),
 (2535,305,'安泽县',3),
 (2536,305,'浮山县',3),
 (2537,305,'古县',3),
 (2538,305,'乡宁县',3),
 (2539,305,'大宁县',3),
 (2540,305,'隰县',3),
 (2541,305,'永和县',3),
 (2542,305,'蒲县',3),
 (2543,305,'汾西县',3),
 (2544,306,'离石市',3),
 (2545,306,'离石区',3),
 (2546,306,'孝义市',3),
 (2547,306,'汾阳市',3),
 (2548,306,'文水县',3),
 (2549,306,'交城县',3),
 (2550,306,'兴县',3),
 (2551,306,'临县',3),
 (2552,306,'柳林县',3),
 (2553,306,'石楼县',3),
 (2554,306,'岚县',3),
 (2555,306,'方山县',3),
 (2556,306,'中阳县',3),
 (2557,306,'交口县',3),
 (2558,307,'朔城区',3),
 (2559,307,'平鲁区',3),
 (2560,307,'山阴县',3),
 (2561,307,'应县',3),
 (2562,307,'右玉县',3),
 (2563,307,'怀仁县',3),
 (2564,308,'忻府区',3),
 (2565,308,'原平市',3),
 (2566,308,'定襄县',3),
 (2567,308,'五台县',3),
 (2568,308,'代县',3),
 (2569,308,'繁峙县',3),
 (2570,308,'宁武县',3),
 (2571,308,'静乐县',3),
 (2572,308,'神池县',3),
 (2573,308,'五寨县',3),
 (2574,308,'岢岚县',3),
 (2575,308,'河曲县',3),
 (2576,308,'保德县',3),
 (2577,308,'偏关县',3),
 (2578,309,'城区',3),
 (2579,309,'矿区',3),
 (2580,309,'郊区',3),
 (2581,309,'平定县',3),
 (2582,309,'盂县',3),
 (2583,310,'盐湖区',3),
 (2584,310,'永济市',3),
 (2585,310,'河津市',3),
 (2586,310,'临猗县',3),
 (2587,310,'万荣县',3),
 (2588,310,'闻喜县',3),
 (2589,310,'稷山县',3),
 (2590,310,'新绛县',3),
 (2591,310,'绛县',3),
 (2592,310,'垣曲县',3),
 (2593,310,'夏县',3),
 (2594,310,'平陆县',3),
 (2595,310,'芮城县',3),
 (2596,311,'莲湖区',3),
 (2597,311,'新城区',3),
 (2598,311,'碑林区',3),
 (2599,311,'雁塔区',3),
 (2600,311,'灞桥区',3),
 (2601,311,'未央区',3),
 (2602,311,'阎良区',3),
 (2603,311,'临潼区',3),
 (2604,311,'长安区',3),
 (2605,311,'蓝田县',3),
 (2606,311,'周至县',3),
 (2607,311,'户县',3),
 (2608,311,'高陵县',3),
 (2609,312,'汉滨区',3),
 (2610,312,'汉阴县',3),
 (2611,312,'石泉县',3),
 (2612,312,'宁陕县',3),
 (2613,312,'紫阳县',3),
 (2614,312,'岚皋县',3),
 (2615,312,'平利县',3),
 (2616,312,'镇坪县',3),
 (2617,312,'旬阳县',3),
 (2618,312,'白河县',3),
 (2619,313,'陈仓区',3),
 (2620,313,'渭滨区',3),
 (2621,313,'金台区',3),
 (2622,313,'凤翔县',3),
 (2623,313,'岐山县',3),
 (2624,313,'扶风县',3),
 (2625,313,'眉县',3),
 (2626,313,'陇县',3),
 (2627,313,'千阳县',3),
 (2628,313,'麟游县',3),
 (2629,313,'凤县',3),
 (2630,313,'太白县',3),
 (2631,314,'汉台区',3),
 (2632,314,'南郑县',3),
 (2633,314,'城固县',3),
 (2634,314,'洋县',3),
 (2635,314,'西乡县',3),
 (2636,314,'勉县',3),
 (2637,314,'宁强县',3),
 (2638,314,'略阳县',3),
 (2639,314,'镇巴县',3),
 (2640,314,'留坝县',3),
 (2641,314,'佛坪县',3),
 (2642,315,'商州区',3),
 (2643,315,'洛南县',3),
 (2644,315,'丹凤县',3),
 (2645,315,'商南县',3),
 (2646,315,'山阳县',3),
 (2647,315,'镇安县',3),
 (2648,315,'柞水县',3),
 (2649,316,'耀州区',3),
 (2650,316,'王益区',3),
 (2651,316,'印台区',3),
 (2652,316,'宜君县',3),
 (2653,317,'临渭区',3),
 (2654,317,'韩城市',3),
 (2655,317,'华阴市',3),
 (2656,317,'华县',3),
 (2657,317,'潼关县',3),
 (2658,317,'大荔县',3),
 (2659,317,'合阳县',3),
 (2660,317,'澄城县',3),
 (2661,317,'蒲城县',3),
 (2662,317,'白水县',3),
 (2663,317,'富平县',3),
 (2664,318,'秦都区',3),
 (2665,318,'渭城区',3),
 (2666,318,'杨陵区',3),
 (2667,318,'兴平市',3),
 (2668,318,'三原县',3),
 (2669,318,'泾阳县',3),
 (2670,318,'乾县',3),
 (2671,318,'礼泉县',3),
 (2672,318,'永寿县',3),
 (2673,318,'彬县',3),
 (2674,318,'长武县',3),
 (2675,318,'旬邑县',3),
 (2676,318,'淳化县',3),
 (2677,318,'武功县',3),
 (2678,319,'吴起县',3),
 (2679,319,'宝塔区',3),
 (2680,319,'延长县',3),
 (2681,319,'延川县',3),
 (2682,319,'子长县',3),
 (2683,319,'安塞县',3),
 (2684,319,'志丹县',3),
 (2685,319,'甘泉县',3),
 (2686,319,'富县',3),
 (2687,319,'洛川县',3),
 (2688,319,'宜川县',3),
 (2689,319,'黄龙县',3),
 (2690,319,'黄陵县',3),
 (2691,320,'榆阳区',3),
 (2692,320,'神木县',3),
 (2693,320,'府谷县',3),
 (2694,320,'横山县',3),
 (2695,320,'靖边县',3),
 (2696,320,'定边县',3),
 (2697,320,'绥德县',3),
 (2698,320,'米脂县',3),
 (2699,320,'佳县',3),
 (2700,320,'吴堡县',3),
 (2701,320,'清涧县',3),
 (2702,320,'子洲县',3),
 (2703,321,'长宁区',3),
 (2704,321,'闸北区',3),
 (2705,321,'闵行区',3),
 (2706,321,'徐汇区',3),
 (2707,321,'浦东新区',3),
 (2708,321,'杨浦区',3),
 (2709,321,'普陀区',3),
 (2710,321,'静安区',3),
 (2711,321,'卢湾区',3),
 (2712,321,'虹口区',3),
 (2713,321,'黄浦区',3),
 (2714,321,'南汇区',3),
 (2715,321,'松江区',3),
 (2716,321,'嘉定区',3),
 (2717,321,'宝山区',3),
 (2718,321,'青浦区',3),
 (2719,321,'金山区',3),
 (2720,321,'奉贤区',3),
 (2721,321,'崇明县',3),
 (2722,322,'青羊区',3),
 (2723,322,'锦江区',3),
 (2724,322,'金牛区',3),
 (2725,322,'武侯区',3),
 (2726,322,'成华区',3),
 (2727,322,'龙泉驿区',3),
 (2728,322,'青白江区',3),
 (2729,322,'新都区',3),
 (2730,322,'温江区',3),
 (2731,322,'高新区',3),
 (2732,322,'高新西区',3),
 (2733,322,'都江堰市',3),
 (2734,322,'彭州市',3),
 (2735,322,'邛崃市',3),
 (2736,322,'崇州市',3),
 (2737,322,'金堂县',3),
 (2738,322,'双流县',3),
 (2739,322,'郫县',3),
 (2740,322,'大邑县',3),
 (2741,322,'蒲江县',3),
 (2742,322,'新津县',3),
 (2743,322,'都江堰市',3),
 (2744,322,'彭州市',3),
 (2745,322,'邛崃市',3),
 (2746,322,'崇州市',3),
 (2747,322,'金堂县',3),
 (2748,322,'双流县',3),
 (2749,322,'郫县',3),
 (2750,322,'大邑县',3),
 (2751,322,'蒲江县',3),
 (2752,322,'新津县',3),
 (2753,323,'涪城区',3),
 (2754,323,'游仙区',3),
 (2755,323,'江油市',3),
 (2756,323,'盐亭县',3),
 (2757,323,'三台县',3),
 (2758,323,'平武县',3),
 (2759,323,'安县',3),
 (2760,323,'梓潼县',3),
 (2761,323,'北川县',3),
 (2762,324,'马尔康县',3),
 (2763,324,'汶川县',3),
 (2764,324,'理县',3),
 (2765,324,'茂县',3),
 (2766,324,'松潘县',3),
 (2767,324,'九寨沟县',3),
 (2768,324,'金川县',3),
 (2769,324,'小金县',3),
 (2770,324,'黑水县',3),
 (2771,324,'壤塘县',3),
 (2772,324,'阿坝县',3),
 (2773,324,'若尔盖县',3),
 (2774,324,'红原县',3),
 (2775,325,'巴州区',3),
 (2776,325,'通江县',3),
 (2777,325,'南江县',3),
 (2778,325,'平昌县',3),
 (2779,326,'通川区',3),
 (2780,326,'万源市',3),
 (2781,326,'达县',3),
 (2782,326,'宣汉县',3),
 (2783,326,'开江县',3),
 (2784,326,'大竹县',3),
 (2785,326,'渠县',3),
 (2786,327,'旌阳区',3),
 (2787,327,'广汉市',3),
 (2788,327,'什邡市',3),
 (2789,327,'绵竹市',3),
 (2790,327,'罗江县',3),
 (2791,327,'中江县',3),
 (2792,328,'康定县',3),
 (2793,328,'丹巴县',3),
 (2794,328,'泸定县',3),
 (2795,328,'炉霍县',3),
 (2796,328,'九龙县',3),
 (2797,328,'甘孜县',3),
 (2798,328,'雅江县',3),
 (2799,328,'新龙县',3),
 (2800,328,'道孚县',3),
 (2801,328,'白玉县',3),
 (2802,328,'理塘县',3),
 (2803,328,'德格县',3),
 (2804,328,'乡城县',3),
 (2805,328,'石渠县',3),
 (2806,328,'稻城县',3),
 (2807,328,'色达县',3),
 (2808,328,'巴塘县',3),
 (2809,328,'得荣县',3),
 (2810,329,'广安区',3),
 (2811,329,'华蓥市',3),
 (2812,329,'岳池县',3),
 (2813,329,'武胜县',3),
 (2814,329,'邻水县',3),
 (2815,330,'利州区',3),
 (2816,330,'元坝区',3),
 (2817,330,'朝天区',3),
 (2818,330,'旺苍县',3),
 (2819,330,'青川县',3),
 (2820,330,'剑阁县',3),
 (2821,330,'苍溪县',3),
 (2822,331,'峨眉山市',3),
 (2823,331,'乐山市',3),
 (2824,331,'犍为县',3),
 (2825,331,'井研县',3),
 (2826,331,'夹江县',3),
 (2827,331,'沐川县',3),
 (2828,331,'峨边',3),
 (2829,331,'马边',3),
 (2830,332,'西昌市',3),
 (2831,332,'盐源县',3),
 (2832,332,'德昌县',3),
 (2833,332,'会理县',3),
 (2834,332,'会东县',3),
 (2835,332,'宁南县',3),
 (2836,332,'普格县',3),
 (2837,332,'布拖县',3),
 (2838,332,'金阳县',3),
 (2839,332,'昭觉县',3),
 (2840,332,'喜德县',3),
 (2841,332,'冕宁县',3),
 (2842,332,'越西县',3),
 (2843,332,'甘洛县',3),
 (2844,332,'美姑县',3),
 (2845,332,'雷波县',3),
 (2846,332,'木里',3),
 (2847,333,'东坡区',3),
 (2848,333,'仁寿县',3),
 (2849,333,'彭山县',3),
 (2850,333,'洪雅县',3),
 (2851,333,'丹棱县',3),
 (2852,333,'青神县',3),
 (2853,334,'阆中市',3),
 (2854,334,'南部县',3),
 (2855,334,'营山县',3),
 (2856,334,'蓬安县',3),
 (2857,334,'仪陇县',3),
 (2858,334,'顺庆区',3),
 (2859,334,'高坪区',3),
 (2860,334,'嘉陵区',3),
 (2861,334,'西充县',3),
 (2862,335,'市中区',3),
 (2863,335,'东兴区',3),
 (2864,335,'威远县',3),
 (2865,335,'资中县',3),
 (2866,335,'隆昌县',3),
 (2867,336,'东  区',3),
 (2868,336,'西  区',3),
 (2869,336,'仁和区',3),
 (2870,336,'米易县',3),
 (2871,336,'盐边县',3),
 (2872,337,'船山区',3),
 (2873,337,'安居区',3),
 (2874,337,'蓬溪县',3),
 (2875,337,'射洪县',3),
 (2876,337,'大英县',3),
 (2877,338,'雨城区',3),
 (2878,338,'名山县',3),
 (2879,338,'荥经县',3),
 (2880,338,'汉源县',3),
 (2881,338,'石棉县',3),
 (2882,338,'天全县',3),
 (2883,338,'芦山县',3),
 (2884,338,'宝兴县',3),
 (2885,339,'翠屏区',3),
 (2886,339,'宜宾县',3),
 (2887,339,'南溪县',3),
 (2888,339,'江安县',3),
 (2889,339,'长宁县',3),
 (2890,339,'高县',3),
 (2891,339,'珙县',3),
 (2892,339,'筠连县',3),
 (2893,339,'兴文县',3),
 (2894,339,'屏山县',3),
 (2895,340,'雁江区',3),
 (2896,340,'简阳市',3),
 (2897,340,'安岳县',3),
 (2898,340,'乐至县',3),
 (2899,341,'大安区',3),
 (2900,341,'自流井区',3),
 (2901,341,'贡井区',3),
 (2902,341,'沿滩区',3),
 (2903,341,'荣县',3),
 (2904,341,'富顺县',3),
 (2905,342,'江阳区',3),
 (2906,342,'纳溪区',3),
 (2907,342,'龙马潭区',3),
 (2908,342,'泸县',3),
 (2909,342,'合江县',3),
 (2910,342,'叙永县',3),
 (2911,342,'古蔺县',3),
 (2912,343,'和平区',3),
 (2913,343,'河西区',3),
 (2914,343,'南开区',3),
 (2915,343,'河北区',3),
 (2916,343,'河东区',3),
 (2917,343,'红桥区',3),
 (2918,343,'东丽区',3),
 (2919,343,'津南区',3),
 (2920,343,'西青区',3),
 (2921,343,'北辰区',3),
 (2922,343,'塘沽区',3),
 (2923,343,'汉沽区',3),
 (2924,343,'大港区',3),
 (2925,343,'武清区',3),
 (2926,343,'宝坻区',3),
 (2927,343,'经济开发区',3),
 (2928,343,'宁河县',3),
 (2929,343,'静海县',3),
 (2930,343,'蓟县',3),
 (2931,344,'城关区',3),
 (2932,344,'林周县',3),
 (2933,344,'当雄县',3),
 (2934,344,'尼木县',3),
 (2935,344,'曲水县',3),
 (2936,344,'堆龙德庆县',3),
 (2937,344,'达孜县',3),
 (2938,344,'墨竹工卡县',3),
 (2939,345,'噶尔县',3),
 (2940,345,'普兰县',3),
 (2941,345,'札达县',3),
 (2942,345,'日土县',3),
 (2943,345,'革吉县',3),
 (2944,345,'改则县',3),
 (2945,345,'措勤县',3),
 (2946,346,'昌都县',3),
 (2947,346,'江达县',3),
 (2948,346,'贡觉县',3),
 (2949,346,'类乌齐县',3),
 (2950,346,'丁青县',3),
 (2951,346,'察雅县',3),
 (2952,346,'八宿县',3),
 (2953,346,'左贡县',3),
 (2954,346,'芒康县',3),
 (2955,346,'洛隆县',3),
 (2956,346,'边坝县',3),
 (2957,347,'林芝县',3),
 (2958,347,'工布江达县',3),
 (2959,347,'米林县',3),
 (2960,347,'墨脱县',3),
 (2961,347,'波密县',3),
 (2962,347,'察隅县',3),
 (2963,347,'朗县',3),
 (2964,348,'那曲县',3),
 (2965,348,'嘉黎县',3),
 (2966,348,'比如县',3),
 (2967,348,'聂荣县',3),
 (2968,348,'安多县',3),
 (2969,348,'申扎县',3),
 (2970,348,'索县',3),
 (2971,348,'班戈县',3),
 (2972,348,'巴青县',3),
 (2973,348,'尼玛县',3),
 (2974,349,'日喀则市',3),
 (2975,349,'南木林县',3),
 (2976,349,'江孜县',3),
 (2977,349,'定日县',3),
 (2978,349,'萨迦县',3),
 (2979,349,'拉孜县',3),
 (2980,349,'昂仁县',3),
 (2981,349,'谢通门县',3),
 (2982,349,'白朗县',3),
 (2983,349,'仁布县',3),
 (2984,349,'康马县',3),
 (2985,349,'定结县',3),
 (2986,349,'仲巴县',3),
 (2987,349,'亚东县',3),
 (2988,349,'吉隆县',3),
 (2989,349,'聂拉木县',3),
 (2990,349,'萨嘎县',3),
 (2991,349,'岗巴县',3),
 (2992,350,'乃东县',3),
 (2993,350,'扎囊县',3),
 (2994,350,'贡嘎县',3),
 (2995,350,'桑日县',3),
 (2996,350,'琼结县',3),
 (2997,350,'曲松县',3),
 (2998,350,'措美县',3),
 (2999,350,'洛扎县',3),
 (3000,350,'加查县',3),
 (3001,350,'隆子县',3),
 (3002,350,'错那县',3),
 (3003,350,'浪卡子县',3),
 (3004,351,'天山区',3),
 (3005,351,'沙依巴克区',3),
 (3006,351,'新市区',3),
 (3007,351,'水磨沟区',3),
 (3008,351,'头屯河区',3),
 (3009,351,'达坂城区',3),
 (3010,351,'米东区',3),
 (3011,351,'乌鲁木齐县',3),
 (3012,352,'阿克苏市',3),
 (3013,352,'温宿县',3),
 (3014,352,'库车县',3),
 (3015,352,'沙雅县',3),
 (3016,352,'新和县',3),
 (3017,352,'拜城县',3),
 (3018,352,'乌什县',3),
 (3019,352,'阿瓦提县',3),
 (3020,352,'柯坪县',3),
 (3021,353,'阿拉尔市',3),
 (3022,354,'库尔勒市',3),
 (3023,354,'轮台县',3),
 (3024,354,'尉犁县',3),
 (3025,354,'若羌县',3),
 (3026,354,'且末县',3),
 (3027,354,'焉耆',3),
 (3028,354,'和静县',3),
 (3029,354,'和硕县',3),
 (3030,354,'博湖县',3),
 (3031,355,'博乐市',3),
 (3032,355,'精河县',3),
 (3033,355,'温泉县',3),
 (3034,356,'呼图壁县',3),
 (3035,356,'米泉市',3),
 (3036,356,'昌吉市',3),
 (3037,356,'阜康市',3),
 (3038,356,'玛纳斯县',3),
 (3039,356,'奇台县',3),
 (3040,356,'吉木萨尔县',3),
 (3041,356,'木垒',3),
 (3042,357,'哈密市',3),
 (3043,357,'伊吾县',3),
 (3044,357,'巴里坤',3),
 (3045,358,'和田市',3),
 (3046,358,'和田县',3),
 (3047,358,'墨玉县',3),
 (3048,358,'皮山县',3),
 (3049,358,'洛浦县',3),
 (3050,358,'策勒县',3),
 (3051,358,'于田县',3),
 (3052,358,'民丰县',3),
 (3053,359,'喀什市',3),
 (3054,359,'疏附县',3),
 (3055,359,'疏勒县',3),
 (3056,359,'英吉沙县',3),
 (3057,359,'泽普县',3),
 (3058,359,'莎车县',3),
 (3059,359,'叶城县',3),
 (3060,359,'麦盖提县',3),
 (3061,359,'岳普湖县',3),
 (3062,359,'伽师县',3),
 (3063,359,'巴楚县',3),
 (3064,359,'塔什库尔干',3),
 (3065,360,'克拉玛依市',3),
 (3066,361,'阿图什市',3),
 (3067,361,'阿克陶县',3),
 (3068,361,'阿合奇县',3),
 (3069,361,'乌恰县',3),
 (3070,362,'石河子市',3),
 (3071,363,'图木舒克市',3),
 (3072,364,'吐鲁番市',3),
 (3073,364,'鄯善县',3),
 (3074,364,'托克逊县',3),
 (3075,365,'五家渠市',3),
 (3076,366,'阿勒泰市',3),
 (3077,366,'布克赛尔',3),
 (3078,366,'伊宁市',3),
 (3079,366,'布尔津县',3),
 (3080,366,'奎屯市',3),
 (3081,366,'乌苏市',3),
 (3082,366,'额敏县',3),
 (3083,366,'富蕴县',3),
 (3084,366,'伊宁县',3),
 (3085,366,'福海县',3),
 (3086,366,'霍城县',3),
 (3087,366,'沙湾县',3),
 (3088,366,'巩留县',3),
 (3089,366,'哈巴河县',3),
 (3090,366,'托里县',3),
 (3091,366,'青河县',3),
 (3092,366,'新源县',3),
 (3093,366,'裕民县',3),
 (3094,366,'和布克赛尔',3),
 (3095,366,'吉木乃县',3),
 (3096,366,'昭苏县',3),
 (3097,366,'特克斯县',3),
 (3098,366,'尼勒克县',3),
 (3099,366,'察布查尔',3),
 (3100,367,'盘龙区',3),
 (3101,367,'五华区',3),
 (3102,367,'官渡区',3),
 (3103,367,'西山区',3),
 (3104,367,'东川区',3),
 (3105,367,'安宁市',3),
 (3106,367,'呈贡县',3),
 (3107,367,'晋宁县',3),
 (3108,367,'富民县',3),
 (3109,367,'宜良县',3),
 (3110,367,'嵩明县',3),
 (3111,367,'石林县',3),
 (3112,367,'禄劝',3),
 (3113,367,'寻甸',3),
 (3114,368,'兰坪',3),
 (3115,368,'泸水县',3),
 (3116,368,'福贡县',3),
 (3117,368,'贡山',3),
 (3118,369,'宁洱',3),
 (3119,369,'思茅区',3),
 (3120,369,'墨江',3),
 (3121,369,'景东',3),
 (3122,369,'景谷',3),
 (3123,369,'镇沅',3),
 (3124,369,'江城',3),
 (3125,369,'孟连',3),
 (3126,369,'澜沧',3),
 (3127,369,'西盟',3),
 (3128,370,'古城区',3),
 (3129,370,'宁蒗',3),
 (3130,370,'玉龙',3),
 (3131,370,'永胜县',3),
 (3132,370,'华坪县',3),
 (3133,371,'隆阳区',3),
 (3134,371,'施甸县',3),
 (3135,371,'腾冲县',3),
 (3136,371,'龙陵县',3),
 (3137,371,'昌宁县',3),
 (3138,372,'楚雄市',3),
 (3139,372,'双柏县',3),
 (3140,372,'牟定县',3),
 (3141,372,'南华县',3),
 (3142,372,'姚安县',3),
 (3143,372,'大姚县',3),
 (3144,372,'永仁县',3),
 (3145,372,'元谋县',3),
 (3146,372,'武定县',3),
 (3147,372,'禄丰县',3),
 (3148,373,'大理市',3),
 (3149,373,'祥云县',3),
 (3150,373,'宾川县',3),
 (3151,373,'弥渡县',3),
 (3152,373,'永平县',3),
 (3153,373,'云龙县',3),
 (3154,373,'洱源县',3),
 (3155,373,'剑川县',3),
 (3156,373,'鹤庆县',3),
 (3157,373,'漾濞',3),
 (3158,373,'南涧',3),
 (3159,373,'巍山',3),
 (3160,374,'潞西市',3),
 (3161,374,'瑞丽市',3),
 (3162,374,'梁河县',3),
 (3163,374,'盈江县',3),
 (3164,374,'陇川县',3),
 (3165,375,'香格里拉县',3),
 (3166,375,'德钦县',3),
 (3167,375,'维西',3),
 (3168,376,'泸西县',3),
 (3169,376,'蒙自县',3),
 (3170,376,'个旧市',3),
 (3171,376,'开远市',3),
 (3172,376,'绿春县',3),
 (3173,376,'建水县',3),
 (3174,376,'石屏县',3),
 (3175,376,'弥勒县',3),
 (3176,376,'元阳县',3),
 (3177,376,'红河县',3),
 (3178,376,'金平',3),
 (3179,376,'河口',3),
 (3180,376,'屏边',3),
 (3181,377,'临翔区',3),
 (3182,377,'凤庆县',3),
 (3183,377,'云县',3),
 (3184,377,'永德县',3),
 (3185,377,'镇康县',3),
 (3186,377,'双江',3),
 (3187,377,'耿马',3),
 (3188,377,'沧源',3),
 (3189,378,'麒麟区',3),
 (3190,378,'宣威市',3),
 (3191,378,'马龙县',3),
 (3192,378,'陆良县',3),
 (3193,378,'师宗县',3),
 (3194,378,'罗平县',3),
 (3195,378,'富源县',3),
 (3196,378,'会泽县',3),
 (3197,378,'沾益县',3),
 (3198,379,'文山县',3),
 (3199,379,'砚山县',3),
 (3200,379,'西畴县',3),
 (3201,379,'麻栗坡县',3),
 (3202,379,'马关县',3),
 (3203,379,'丘北县',3),
 (3204,379,'广南县',3),
 (3205,379,'富宁县',3),
 (3206,380,'景洪市',3),
 (3207,380,'勐海县',3),
 (3208,380,'勐腊县',3),
 (3209,381,'红塔区',3),
 (3210,381,'江川县',3),
 (3211,381,'澄江县',3),
 (3212,381,'通海县',3),
 (3213,381,'华宁县',3),
 (3214,381,'易门县',3),
 (3215,381,'峨山',3),
 (3216,381,'新平',3),
 (3217,381,'元江',3),
 (3218,382,'昭阳区',3),
 (3219,382,'鲁甸县',3),
 (3220,382,'巧家县',3),
 (3221,382,'盐津县',3),
 (3222,382,'大关县',3),
 (3223,382,'永善县',3),
 (3224,382,'绥江县',3),
 (3225,382,'镇雄县',3),
 (3226,382,'彝良县',3),
 (3227,382,'威信县',3),
 (3228,382,'水富县',3),
 (3229,383,'西湖区',3),
 (3230,383,'上城区',3),
 (3231,383,'下城区',3),
 (3232,383,'拱墅区',3),
 (3233,383,'滨江区',3),
 (3234,383,'江干区',3),
 (3235,383,'萧山区',3),
 (3236,383,'余杭区',3),
 (3237,383,'市郊',3),
 (3238,383,'建德市',3),
 (3239,383,'富阳市',3),
 (3240,383,'临安市',3),
 (3241,383,'桐庐县',3),
 (3242,383,'淳安县',3),
 (3243,384,'吴兴区',3),
 (3244,384,'南浔区',3),
 (3245,384,'德清县',3),
 (3246,384,'长兴县',3),
 (3247,384,'安吉县',3),
 (3248,385,'南湖区',3),
 (3249,385,'秀洲区',3),
 (3250,385,'海宁市',3),
 (3251,385,'嘉善县',3),
 (3252,385,'平湖市',3),
 (3253,385,'桐乡市',3),
 (3254,385,'海盐县',3),
 (3255,386,'婺城区',3),
 (3256,386,'金东区',3),
 (3257,386,'兰溪市',3),
 (3258,386,'市区',3),
 (3259,386,'佛堂镇',3),
 (3260,386,'上溪镇',3),
 (3261,386,'义亭镇',3),
 (3262,386,'大陈镇',3),
 (3263,386,'苏溪镇',3),
 (3264,386,'赤岸镇',3),
 (3265,386,'东阳市',3),
 (3266,386,'永康市',3),
 (3267,386,'武义县',3),
 (3268,386,'浦江县',3),
 (3269,386,'磐安县',3),
 (3270,387,'莲都区',3),
 (3271,387,'龙泉市',3),
 (3272,387,'青田县',3),
 (3273,387,'缙云县',3),
 (3274,387,'遂昌县',3),
 (3275,387,'松阳县',3),
 (3276,387,'云和县',3),
 (3277,387,'庆元县',3),
 (3278,387,'景宁',3),
 (3279,388,'海曙区',3),
 (3280,388,'江东区',3),
 (3281,388,'江北区',3),
 (3282,388,'镇海区',3),
 (3283,388,'北仑区',3),
 (3284,388,'鄞州区',3),
 (3285,388,'余姚市',3),
 (3286,388,'慈溪市',3),
 (3287,388,'奉化市',3),
 (3288,388,'象山县',3),
 (3289,388,'宁海县',3),
 (3290,389,'越城区',3),
 (3291,389,'上虞市',3),
 (3292,389,'嵊州市',3),
 (3293,389,'绍兴县',3),
 (3294,389,'新昌县',3),
 (3295,389,'诸暨市',3),
 (3296,390,'椒江区',3),
 (3297,390,'黄岩区',3),
 (3298,390,'路桥区',3),
 (3299,390,'温岭市',3),
 (3300,390,'临海市',3),
 (3301,390,'玉环县',3),
 (3302,390,'三门县',3),
 (3303,390,'天台县',3),
 (3304,390,'仙居县',3),
 (3305,391,'鹿城区',3),
 (3306,391,'龙湾区',3),
 (3307,391,'瓯海区',3),
 (3308,391,'瑞安市',3),
 (3309,391,'乐清市',3),
 (3310,391,'洞头县',3),
 (3311,391,'永嘉县',3),
 (3312,391,'平阳县',3),
 (3313,391,'苍南县',3),
 (3314,391,'文成县',3),
 (3315,391,'泰顺县',3),
 (3316,392,'定海区',3),
 (3317,392,'普陀区',3),
 (3318,392,'岱山县',3),
 (3319,392,'嵊泗县',3),
 (3320,393,'衢州市',3),
 (3321,393,'江山市',3),
 (3322,393,'常山县',3),
 (3323,393,'开化县',3),
 (3324,393,'龙游县',3),
 (3325,394,'合川区',3),
 (3326,394,'江津区',3),
 (3327,394,'南川区',3),
 (3328,394,'永川区',3),
 (3329,394,'南岸区',3),
 (3330,394,'渝北区',3),
 (3331,394,'万盛区',3),
 (3332,394,'大渡口区',3),
 (3333,394,'万州区',3),
 (3334,394,'北碚区',3),
 (3335,394,'沙坪坝区',3),
 (3336,394,'巴南区',3),
 (3337,394,'涪陵区',3),
 (3338,394,'江北区',3),
 (3339,394,'九龙坡区',3),
 (3340,394,'渝中区',3),
 (3341,394,'黔江开发区',3),
 (3342,394,'长寿区',3),
 (3343,394,'双桥区',3),
 (3344,394,'綦江县',3),
 (3345,394,'潼南县',3),
 (3346,394,'铜梁县',3),
 (3347,394,'大足县',3),
 (3348,394,'荣昌县',3),
 (3349,394,'璧山县',3),
 (3350,394,'垫江县',3),
 (3351,394,'武隆县',3),
 (3352,394,'丰都县',3),
 (3353,394,'城口县',3),
 (3354,394,'梁平县',3),
 (3355,394,'开县',3),
 (3356,394,'巫溪县',3),
 (3357,394,'巫山县',3),
 (3358,394,'奉节县',3),
 (3359,394,'云阳县',3),
 (3360,394,'忠县',3),
 (3361,394,'石柱',3),
 (3362,394,'彭水',3),
 (3363,394,'酉阳',3),
 (3364,394,'秀山',3),
 (3365,395,'沙田区',3),
 (3366,395,'东区',3),
 (3367,395,'观塘区',3),
 (3368,395,'黄大仙区',3),
 (3369,395,'九龙城区',3),
 (3370,395,'屯门区',3),
 (3371,395,'葵青区',3),
 (3372,395,'元朗区',3),
 (3373,395,'深水埗区',3),
 (3374,395,'西贡区',3),
 (3375,395,'大埔区',3),
 (3376,395,'湾仔区',3),
 (3377,395,'油尖旺区',3),
 (3378,395,'北区',3),
 (3379,395,'南区',3),
 (3380,395,'荃湾区',3),
 (3381,395,'中西区',3),
 (3382,395,'离岛区',3),
 (3383,396,'澳门',3),
 (3384,397,'台北',3),
 (3385,397,'高雄',3),
 (3386,397,'基隆',3),
 (3387,397,'台中',3),
 (3388,397,'台南',3),
 (3389,397,'新竹',3),
 (3390,397,'嘉义',3),
 (3391,397,'宜兰县',3),
 (3392,397,'桃园县',3),
 (3393,397,'苗栗县',3),
 (3394,397,'彰化县',3),
 (3395,397,'南投县',3),
 (3396,397,'云林县',3),
 (3397,397,'屏东县',3),
 (3398,397,'台东县',3),
 (3399,397,'花莲县',3),
 (3400,397,'澎湖县',3),
 (3401,3,'合肥',2),
 (3402,3401,'庐阳区',3),
 (3403,3401,'瑶海区',3),
 (3404,3401,'蜀山区',3),
 (3405,3401,'包河区',3),
 (3406,3401,'长丰县',3),
 (3407,3401,'肥东县',3),
 (3408,3401,'肥西县',3);
/*!40000 ALTER TABLE `fly_sys_region` ENABLE KEYS */;


--
-- Definition of table `fly_sys_role`
--

DROP TABLE IF EXISTS `fly_sys_role`;
CREATE TABLE `fly_sys_role` (
  `id` int(16) NOT NULL auto_increment,
  `sort` int(16) NOT NULL default '0',
  `name` varchar(32) default NULL,
  `intro` varchar(1024) default NULL,
  PRIMARY KEY  (`id`)
) ENGINE=InnoDB AUTO_INCREMENT=15 DEFAULT CHARSET=utf8;

--
-- Dumping data for table `fly_sys_role`
--

/*!40000 ALTER TABLE `fly_sys_role` DISABLE KEYS */;
INSERT INTO `fly_sys_role` (`id`,`sort`,`name`,`intro`) VALUES 
 (12,1,'超级管理员','权限介绍'),
 (13,2,'一般管理员','主要是部门级一权限'),
 (14,123,'xxx','xxx');
/*!40000 ALTER TABLE `fly_sys_role` ENABLE KEYS */;


--
-- Definition of table `fly_sys_user`
--

DROP TABLE IF EXISTS `fly_sys_user`;
CREATE TABLE `fly_sys_user` (
  `id` int(16) NOT NULL auto_increment,
  `account` varchar(32) NOT NULL,
  `password` varchar(32) NOT NULL,
  `name` varchar(32) default NULL,
  `gender` varchar(2) default NULL,
  `tel` varchar(32) default NULL,
  `mobile` varchar(32) default NULL,
  `qicq` varchar(32) default NULL,
  `address` varchar(256) default NULL,
  `zipcode` varchar(256) default NULL,
  `email` varchar(128) default NULL,
  `roleID` int(16) NOT NULL,
  `deptID` int(16) NOT NULL,
  `positionID` int(16) NOT NULL,
  `intro` varchar(1024) NOT NULL,
  `adt` datetime default NULL,
  PRIMARY KEY  (`id`)
) ENGINE=InnoDB AUTO_INCREMENT=7 DEFAULT CHARSET=utf8;

--
-- Dumping data for table `fly_sys_user`
--

/*!40000 ALTER TABLE `fly_sys_user` DISABLE KEYS */;
INSERT INTO `fly_sys_user` (`id`,`account`,`password`,`name`,`gender`,`tel`,`mobile`,`qicq`,`address`,`zipcode`,`email`,`roleID`,`deptID`,`positionID`,`intro`,`adt`) VALUES 
 (3,'test','test','张三','1','02868133149','1871720801','','成都市','','mai@163.com',13,2,2,'',NULL),
 (4,'admin','admin123456','测试员','1','','1366789876','','','','',12,5,4,'',NULL),
 (5,'A9088','123456','李四','1','6280999','13689000','','成都市天下埠','610000','web@07fly.com',12,7,3,'','2013-09-11 14:11:10'),
 (6,'A9088','123456','张三','1','6280999','13689000','574249','成都市天下埠','610000','web@07fly.com',12,7,3,'','2013-09-11 14:11:45');
/*!40000 ALTER TABLE `fly_sys_user` ENABLE KEYS */;


--
-- Definition of table `pos_order`
--

DROP TABLE IF EXISTS `pos_order`;
CREATE TABLE `pos_order` (
  `id` int(16) unsigned NOT NULL auto_increment,
  `pos_number` varchar(50) NOT NULL COMMENT '采购编号',
  `supID` int(16) NOT NULL,
  `linkmanID` int(16) NOT NULL,
  `chanceID` int(16) NOT NULL,
  `bdt` date NOT NULL,
  `edt` date NOT NULL,
  `our_userID` int(16) NOT NULL COMMENT '我方联系人',
  `money` int(16) NOT NULL,
  `zero_money` int(16) NOT NULL COMMENT '去零金额',
  `back_money` int(16) NOT NULL,
  `pay_money` int(16) NOT NULL,
  `into_money` int(16) NOT NULL,
  `bill_money` int(16) NOT NULL,
  `title` varchar(256) NOT NULL,
  `intro` text NOT NULL,
  `status` smallint(1) NOT NULL default '1' COMMENT '1=未审核2=同意3=否决',
  `pay_status` smallint(1) NOT NULL default '1',
  `into_status` smallint(1) NOT NULL default '1',
  `bill_status` smallint(1) NOT NULL default '1',
  `create_userID` int(11) NOT NULL COMMENT '创建用户',
  `adt` datetime NOT NULL,
  PRIMARY KEY  (`id`)
) ENGINE=InnoDB AUTO_INCREMENT=8 DEFAULT CHARSET=utf8;

--
-- Dumping data for table `pos_order`
--

/*!40000 ALTER TABLE `pos_order` DISABLE KEYS */;
INSERT INTO `pos_order` (`id`,`pos_number`,`supID`,`linkmanID`,`chanceID`,`bdt`,`edt`,`our_userID`,`money`,`zero_money`,`back_money`,`pay_money`,`into_money`,`bill_money`,`title`,`intro`,`status`,`pay_status`,`into_status`,`bill_status`,`create_userID`,`adt`) VALUES 
 (5,'2013092315534549',12,2,0,'2013-09-24','2013-10-12',6,1000,0,0,600,0,200,'这是测试订单','',1,3,1,1,4,'2013-09-23 15:54:14'),
 (6,'',1,2,0,'2013-09-24','2013-10-12',0,1000,0,0,500,0,100,'这是测试采购订单','',1,2,1,1,4,'2013-09-23 15:56:42'),
 (7,'2016050321364580',12,2,0,'2016-05-03','2016-05-18',4,880,80,0,200,0,880,'零起飞企业建站','',1,2,1,3,4,'2016-05-03 21:37:13');
/*!40000 ALTER TABLE `pos_order` ENABLE KEYS */;


--
-- Definition of table `pos_order_detail`
--

DROP TABLE IF EXISTS `pos_order_detail`;
CREATE TABLE `pos_order_detail` (
  `id` int(16) unsigned NOT NULL auto_increment,
  `posID` int(16) unsigned NOT NULL default '0',
  `pro_number` varchar(64) NOT NULL,
  `pos_number` varchar(64) NOT NULL,
  `name` varchar(64) NOT NULL,
  `model` varchar(64) NOT NULL,
  `norm` varchar(64) NOT NULL,
  `price` int(16) NOT NULL,
  `rebate` int(16) NOT NULL,
  `number` int(16) NOT NULL,
  `money` int(16) NOT NULL,
  `intro` text NOT NULL,
  `create_userID` int(16) NOT NULL COMMENT '归属人员',
  `adt` datetime NOT NULL,
  PRIMARY KEY  (`id`)
) ENGINE=InnoDB AUTO_INCREMENT=23 DEFAULT CHARSET=utf8;

--
-- Dumping data for table `pos_order_detail`
--

/*!40000 ALTER TABLE `pos_order_detail` DISABLE KEYS */;
INSERT INTO `pos_order_detail` (`id`,`posID`,`pro_number`,`pos_number`,`name`,`model`,`norm`,`price`,`rebate`,`number`,`money`,`intro`,`create_userID`,`adt`) VALUES 
 (21,6,'X807651','2013092315534549','AAA计费产品','N8000','套',9800,0,2,19600,'',4,'2016-05-03 11:59:24'),
 (22,7,'20880345','2016050321364580','200M','M','M',500,1,6,2970,'',4,'2016-05-03 21:38:46');
/*!40000 ALTER TABLE `pos_order_detail` ENABLE KEYS */;


--
-- Definition of table `pro_dict`
--

DROP TABLE IF EXISTS `pro_dict`;
CREATE TABLE `pro_dict` (
  `id` int(16) unsigned NOT NULL auto_increment,
  `name` varchar(256) NOT NULL,
  `type` varchar(256) NOT NULL,
  `sort` smallint(8) NOT NULL,
  `visible` smallint(2) NOT NULL,
  PRIMARY KEY  (`id`)
) ENGINE=InnoDB AUTO_INCREMENT=6 DEFAULT CHARSET=utf8;

--
-- Dumping data for table `pro_dict`
--

/*!40000 ALTER TABLE `pro_dict` DISABLE KEYS */;
INSERT INTO `pro_dict` (`id`,`name`,`type`,`sort`,`visible`) VALUES 
 (1,'个','unit',1,1),
 (2,'件','unit',2,1),
 (3,'套','unit',3,1),
 (4,'销售类','nature',1,1),
 (5,'采购类','nature',2,1);
/*!40000 ALTER TABLE `pro_dict` ENABLE KEYS */;


--
-- Definition of table `pro_dict_type`
--

DROP TABLE IF EXISTS `pro_dict_type`;
CREATE TABLE `pro_dict_type` (
  `id` int(4) unsigned NOT NULL auto_increment,
  `name` varchar(256) character set utf8 default NULL COMMENT '字典名称',
  `value` varchar(32) character set utf8 default NULL COMMENT '字典标签',
  PRIMARY KEY  (`id`)
) ENGINE=InnoDB AUTO_INCREMENT=11 DEFAULT CHARSET=armscii8;

--
-- Dumping data for table `pro_dict_type`
--

/*!40000 ALTER TABLE `pro_dict_type` DISABLE KEYS */;
INSERT INTO `pro_dict_type` (`id`,`name`,`value`) VALUES 
 (1,'产品单位','unit'),
 (9,'单位颜色','colors'),
 (10,'产品性质','nature');
/*!40000 ALTER TABLE `pro_dict_type` ENABLE KEYS */;


--
-- Definition of table `pro_product`
--

DROP TABLE IF EXISTS `pro_product`;
CREATE TABLE `pro_product` (
  `id` int(16) unsigned NOT NULL auto_increment,
  `name` varchar(256) NOT NULL,
  `pro_number` varchar(256) NOT NULL,
  `typeID` int(11) NOT NULL,
  `price` int(11) NOT NULL,
  `model` varchar(256) NOT NULL,
  `norm` varchar(256) NOT NULL,
  `supID` int(16) NOT NULL,
  `image` varchar(256) NOT NULL,
  `intro` text NOT NULL,
  `sort` int(11) NOT NULL,
  `visible` tinyint(2) NOT NULL,
  `adt` datetime NOT NULL,
  PRIMARY KEY  (`id`)
) ENGINE=InnoDB AUTO_INCREMENT=177 DEFAULT CHARSET=utf8 COMMENT='产中列表\r\n';

--
-- Dumping data for table `pro_product`
--

/*!40000 ALTER TABLE `pro_product` DISABLE KEYS */;
INSERT INTO `pro_product` (`id`,`name`,`pro_number`,`typeID`,`price`,`model`,`norm`,`supID`,`image`,`intro`,`sort`,`visible`,`adt`) VALUES 
 (175,'200M','20880345',15,500,'M','M',12,'image','200M空间',0,1,'2013-09-06 14:34:33'),
 (176,'100M','X807651',14,500,'N8000','个',12,'100','100M空间',0,1,'2013-09-22 09:55:02');
/*!40000 ALTER TABLE `pro_product` ENABLE KEYS */;


--
-- Definition of table `pro_type`
--

DROP TABLE IF EXISTS `pro_type`;
CREATE TABLE `pro_type` (
  `id` int(16) unsigned NOT NULL auto_increment,
  `name` varchar(32) character set utf8 NOT NULL,
  `parentID` int(11) NOT NULL,
  `sort` int(11) NOT NULL,
  `visible` tinyint(2) NOT NULL default '1',
  `intro` varchar(1024) character set utf8 default NULL,
  PRIMARY KEY  (`id`)
) ENGINE=InnoDB AUTO_INCREMENT=16 DEFAULT CHARSET=armscii8;

--
-- Dumping data for table `pro_type`
--

/*!40000 ALTER TABLE `pro_type` DISABLE KEYS */;
INSERT INTO `pro_type` (`id`,`name`,`parentID`,`sort`,`visible`,`intro`) VALUES 
 (10,'空间域名',0,1,1,''),
 (11,'英文域名',10,1,1,''),
 (12,'中文域名',10,2,1,''),
 (13,'网站空间',0,1,1,''),
 (14,'虚拟空间',13,2,0,''),
 (15,'VPS空间',13,2,0,'');
/*!40000 ALTER TABLE `pro_type` ENABLE KEYS */;


--
-- Definition of table `sal_contract`
--

DROP TABLE IF EXISTS `sal_contract`;
CREATE TABLE `sal_contract` (
  `id` int(16) unsigned NOT NULL auto_increment,
  `con_number` varchar(50) NOT NULL COMMENT '合同编号',
  `cusID` int(16) NOT NULL,
  `linkmanID` int(16) NOT NULL,
  `chanceID` int(16) NOT NULL,
  `bdt` date NOT NULL,
  `edt` date NOT NULL,
  `our_userID` int(16) NOT NULL COMMENT '我方联系人',
  `money` int(16) NOT NULL,
  `zero_money` int(16) NOT NULL COMMENT '去零金额',
  `back_money` int(16) NOT NULL,
  `pay_money` int(16) NOT NULL,
  `bill_money` int(16) NOT NULL,
  `title` varchar(256) NOT NULL,
  `intro` text NOT NULL,
  `status` smallint(1) NOT NULL default '1' COMMENT '1=未审核2=同意3=否决',
  `pay_status` smallint(1) NOT NULL default '1',
  `deliver_status` smallint(1) NOT NULL default '1',
  `bill_status` smallint(1) NOT NULL default '1',
  `create_userID` int(16) NOT NULL,
  `adt` datetime NOT NULL,
  PRIMARY KEY  (`id`)
) ENGINE=InnoDB AUTO_INCREMENT=6 DEFAULT CHARSET=utf8;

--
-- Dumping data for table `sal_contract`
--

/*!40000 ALTER TABLE `sal_contract` DISABLE KEYS */;
INSERT INTO `sal_contract` (`id`,`con_number`,`cusID`,`linkmanID`,`chanceID`,`bdt`,`edt`,`our_userID`,`money`,`zero_money`,`back_money`,`pay_money`,`bill_money`,`title`,`intro`,`status`,`pay_status`,`deliver_status`,`bill_status`,`create_userID`,`adt`) VALUES 
 (4,'2014062517532431',1,1,2,'2014-06-25','2014-07-12',6,1000,0,0,0,0,'100','',1,1,1,1,4,'2014-06-25 17:53:47'),
 (5,'2016042117192862',1,1,2,'2016-04-21','2016-04-29',5,100,0,0,0,0,'07FLY-CRM','要加快哟',1,1,1,1,4,'2016-04-21 17:20:14');
/*!40000 ALTER TABLE `sal_contract` ENABLE KEYS */;


--
-- Definition of table `sal_order`
--

DROP TABLE IF EXISTS `sal_order`;
CREATE TABLE `sal_order` (
  `id` int(16) unsigned NOT NULL auto_increment,
  `ord_number` varchar(50) NOT NULL COMMENT '合同编号',
  `cusID` int(16) NOT NULL,
  `linkmanID` int(16) NOT NULL,
  `chanceID` int(16) NOT NULL,
  `bdt` datetime NOT NULL,
  `edt` datetime NOT NULL,
  `our_userID` int(16) NOT NULL COMMENT '我方联系人',
  `money` int(16) NOT NULL,
  `zero_money` int(16) NOT NULL COMMENT '去零金额',
  `back_money` int(16) NOT NULL,
  `pay_money` int(16) NOT NULL,
  `bill_money` int(16) NOT NULL,
  `title` varchar(256) NOT NULL,
  `intro` text NOT NULL,
  `status` smallint(1) NOT NULL default '1' COMMENT '1=未审核2=同意3=否决',
  `pay_status` smallint(1) NOT NULL default '1',
  `deliver_status` smallint(1) NOT NULL default '1',
  `bill_status` smallint(1) NOT NULL default '1',
  `create_userID` int(11) NOT NULL COMMENT '创建用户',
  `adt` datetime NOT NULL,
  PRIMARY KEY  (`id`)
) ENGINE=InnoDB AUTO_INCREMENT=10 DEFAULT CHARSET=utf8;

--
-- Dumping data for table `sal_order`
--

/*!40000 ALTER TABLE `sal_order` DISABLE KEYS */;
INSERT INTO `sal_order` (`id`,`ord_number`,`cusID`,`linkmanID`,`chanceID`,`bdt`,`edt`,`our_userID`,`money`,`zero_money`,`back_money`,`pay_money`,`bill_money`,`title`,`intro`,`status`,`pay_status`,`deliver_status`,`bill_status`,`create_userID`,`adt`) VALUES 
 (7,'',1,1,3,'2016-06-02 00:00:00','2016-06-03 00:00:00',3,1000,0,0,1000,0,'山西太原1订单号','',1,3,1,1,4,'2014-04-03 11:42:57'),
 (8,'2016060214285036',1,0,3,'2016-06-09 00:00:00','2016-06-23 00:00:00',4,56,0,0,56,50,'零起飞企业建站','',2,3,1,2,4,'2016-06-02 14:29:36'),
 (9,'2016060214573214',2,3,0,'2016-06-02 00:00:00','2016-06-16 00:00:00',4,800,0,0,800,800,'这是测试销售订单','',2,3,1,3,4,'2016-06-02 15:03:53');
/*!40000 ALTER TABLE `sal_order` ENABLE KEYS */;


--
-- Definition of table `sal_order_detail`
--

DROP TABLE IF EXISTS `sal_order_detail`;
CREATE TABLE `sal_order_detail` (
  `id` int(16) unsigned NOT NULL auto_increment,
  `orderID` int(16) unsigned NOT NULL default '0',
  `pro_number` varchar(64) NOT NULL,
  `ord_number` varchar(64) NOT NULL,
  `name` varchar(64) NOT NULL,
  `model` varchar(64) NOT NULL,
  `norm` varchar(64) NOT NULL,
  `price` int(16) NOT NULL,
  `rebate` int(16) NOT NULL,
  `number` int(16) NOT NULL,
  `money` int(16) NOT NULL,
  `intro` text NOT NULL,
  `create_userID` int(16) NOT NULL COMMENT '归属人员',
  `adt` datetime NOT NULL,
  PRIMARY KEY  (`id`)
) ENGINE=InnoDB AUTO_INCREMENT=25 DEFAULT CHARSET=utf8;

--
-- Dumping data for table `sal_order_detail`
--

/*!40000 ALTER TABLE `sal_order_detail` DISABLE KEYS */;
INSERT INTO `sal_order_detail` (`id`,`orderID`,`pro_number`,`ord_number`,`name`,`model`,`norm`,`price`,`rebate`,`number`,`money`,`intro`,`create_userID`,`adt`) VALUES 
 (21,4,'20880345','100987617','神舟电脑','HP660 D6','D6',10,10,1,9,'',4,'2014-03-05 11:39:28'),
 (22,4,'X807651','100987617','AAA计费产品','N8000','套',9800,5,1,9310,'',4,'2014-03-05 11:39:28'),
 (23,7,'20880345','2014040311411726','200M','M','M',500,5,1,475,'',4,'2015-10-10 20:50:05'),
 (24,7,'X807651','2014040311411726','100M','N8000','个',500,8,2,920,'',4,'2015-10-10 20:50:05');
/*!40000 ALTER TABLE `sal_order_detail` ENABLE KEYS */;


--
-- Definition of table `sup_linkman`
--

DROP TABLE IF EXISTS `sup_linkman`;
CREATE TABLE `sup_linkman` (
  `id` int(16) unsigned NOT NULL auto_increment,
  `supID` int(16) NOT NULL,
  `name` varchar(256) NOT NULL,
  `gender` smallint(1) NOT NULL,
  `postion` varchar(256) NOT NULL,
  `tel` varchar(256) NOT NULL,
  `mobile` varchar(256) NOT NULL,
  `qicq` varchar(256) NOT NULL,
  `email` varchar(256) NOT NULL,
  `zipcode` varchar(256) NOT NULL,
  `address` varchar(1024) NOT NULL,
  `intro` text NOT NULL,
  `adt` datetime NOT NULL,
  PRIMARY KEY  (`id`)
) ENGINE=InnoDB AUTO_INCREMENT=5 DEFAULT CHARSET=utf8;

--
-- Dumping data for table `sup_linkman`
--

/*!40000 ALTER TABLE `sup_linkman` DISABLE KEYS */;
INSERT INTO `sup_linkman` (`id`,`supID`,`name`,`gender`,`postion`,`tel`,`mobile`,`qicq`,`email`,`zipcode`,`address`,`intro`,`adt`) VALUES 
 (1,12,'枭哥',1,'技术部','02888641234','13688868655','1585925559','web@07fly.com','610000','成都市新路','这个小伙子不错,一个很好的人的呀','2013-09-06 10:26:59'),
 (2,12,'二娃',1,'1','12345678','12345678','','1@1.com','','','','2013-09-23 14:16:55'),
 (3,12,'三娃',1,'1','12345678','12345678','','1@1.com','','','','2013-09-23 14:17:00'),
 (4,13,'李大爷',1,'经理','','18030402705','','','','','','2016-04-24 22:07:37');
/*!40000 ALTER TABLE `sup_linkman` ENABLE KEYS */;


--
-- Definition of table `sup_supplier`
--

DROP TABLE IF EXISTS `sup_supplier`;
CREATE TABLE `sup_supplier` (
  `id` int(16) unsigned NOT NULL auto_increment,
  `name` varchar(64) NOT NULL,
  `region` int(16) NOT NULL,
  `userID` int(16) NOT NULL,
  `level` int(16) NOT NULL,
  `ecotype` int(16) NOT NULL,
  `trade` int(16) NOT NULL,
  `satisfy` smallint(6) NOT NULL default '3' COMMENT '满意度（1-5），默认为3',
  `credit` smallint(2) NOT NULL default '3' COMMENT '信用度（1-5），默认为3',
  `address` varchar(256) NOT NULL,
  `linkman` varchar(256) NOT NULL,
  `website` varchar(256) NOT NULL,
  `zipcode` varchar(64) NOT NULL,
  `tel` varchar(256) NOT NULL,
  `fax` varchar(256) NOT NULL,
  `email` varchar(256) NOT NULL,
  `intro` text NOT NULL,
  `adt` datetime NOT NULL,
  PRIMARY KEY  (`id`)
) ENGINE=InnoDB AUTO_INCREMENT=14 DEFAULT CHARSET=utf8;

--
-- Dumping data for table `sup_supplier`
--

/*!40000 ALTER TABLE `sup_supplier` DISABLE KEYS */;
INSERT INTO `sup_supplier` (`id`,`name`,`region`,`userID`,`level`,`ecotype`,`trade`,`satisfy`,`credit`,`address`,`linkman`,`website`,`zipcode`,`tel`,`fax`,`email`,`intro`,`adt`) VALUES 
 (1,'山西太原',0,0,0,27,24,3,3,'','','http://www.07fly.com','','02987651123','','','','0000-00-00 00:00:00'),
 (12,'上海八达',0,0,0,30,48,3,3,' 上海市','李小姐','http://www.00808.com','','61833149','','','这还是一家不错的公司的哟','2013-09-05 15:29:12'),
 (13,'成都零起飞网络',0,0,0,28,24,3,3,'','李先生','http://www.07fly.com','','18030402705','','','这个公司还是不错哟','2016-04-24 22:06:47');
/*!40000 ALTER TABLE `sup_supplier` ENABLE KEYS */;




/*!40101 SET SQL_MODE=@OLD_SQL_MODE */;
/*!40014 SET FOREIGN_KEY_CHECKS=@OLD_FOREIGN_KEY_CHECKS */;
/*!40014 SET UNIQUE_CHECKS=@OLD_UNIQUE_CHECKS */;
/*!40101 SET CHARACTER_SET_CLIENT=@OLD_CHARACTER_SET_CLIENT */;
/*!40101 SET CHARACTER_SET_RESULTS=@OLD_CHARACTER_SET_RESULTS */;
/*!40101 SET COLLATION_CONNECTION=@OLD_COLLATION_CONNECTION */;
/*!40101 SET CHARACTER_SET_CLIENT=@OLD_CHARACTER_SET_CLIENT */;
